RowID,OrderID,OrderDate,CustomerID,ProductID,StoreID,Channel,Quantity,UnitPrice_KES,DiscountPct,PaymentMethod,OrderStatus,ShippingDays
1,O006105,2025-10-17 14:38:00,C00390,P0023,ST013,In-Store,1.0,122960.0,,M-Pesa,Completed,0.0
2,O000150,2024-01-19 10:03:00,C00579,P0163,ST014,In-Store,2.0,41210.0,0.0,M-Pesa,Completed,0.0
3,O006138,2025-10-20 15:41:00,C00148,P0125,ST099,Online,2.0,5710.0,0.0,m-pesa,Completed,3.0
4,O002084,2024/09/08,C00447,P0080,ST013,In-Store,1.0,4980.0,,M-Pesa,Completed,0.0
5,O000415,2024-02-24 09:08:00,C00569,P0003,ST022,In-Store,2.0,26210.0,0.0,M-Pesa,completed,0.0
6,O001737,2024-07-30 20:17:00,C00570,P0146,ST099,Online,1.0,29570.0,0.0,Credit/Debit Card,completed,4.0
7,O002990,2024-12-03 08:38:00,C00159,P0174,ST099,Online,1.0,29840.0,0.0,M-Pesa,Completed,2.0
8,O006754,2025-12-10 14:11:00,,P0056,ST099,Online,1.0,14270.0,0.0,M-Pesa,Completed,6.0
9,O002670,2024-11-05 11:03:00,C00924,P0150,ST023,In-Store,1.0,32640.0,0.0,M-Pesa,Completed,0.0
10,O001855,2024-08-13 20:28:00,C00296,P0160,ST006,In-Store,3.0,52970.0,0.0,cash,Completed,0.0
11,O001731,2024-07-30 15:14:00,C00307,P0151,ST099,Online,1.0,47660.0,0.0,AIRTEL MONEY,Completed,3.0
12,O003993,2025/03/10,C00477,P0172,ST019,In-Store,1.0,38980.0,0.0,CASH,Completed,0.0
13,O007031,2025-12-24 15:00:00,C01074,P0162,ST018,In-Store,1.0,42760.0,0.0,M-Pesa,Completed,0.0
14,O002725,2024-11-10 20:19:00,C00594,P0004,ST022,In-Store,2.0,38100.0,0.0,Airtel Money,Completed,0.0
15,O003893,2025-02-27 11:08:00,C01167,P0013,ST099,Online,1.0,30190.0,0.1,mpesa,Returned,5.0
16,O001945,2024-08-23 16:39:00,C00853,P0146,ST008,In-Store,1.0,29570.0,0.0,MPESA ,Completed,0.0
17,O002932,2024-11-28 14:53:00,C00118,P0078,ST099,Online,1.0,17700.0,0.0,AIRTEL MONEY,Completed,3.0
18,O004635,2025-05-18 13:00:00,C00810,P0060,ST099,Online,1.0,20160.0,0.0,CASH,Completed,2.0
19,O006994,2025-12-22 18:21:00,C00227,P0166,ST099,Online,1.0,36200.0,0.0,M-Pesa,Completed,4.0
20,O001176,2024-05-27 11:39:00,C01067,P0159,ST099,Online,1.0,14960.0,0.0,Airtel Money,Completed,4.0
21,O002486,2024-10-19 13:39:00,C00086,P0176,ST099,Online,1.0,10760.0,0.0,M-Pesa,Completed,1.0
22,O004419,2025-04-24 08:49:00,C00618,P0058,ST099,Online,1.0,17000.0,0.0,M-Pesa,Completed,6.0
23,O006127,2025-10-18 12:43:00,C00125,P0150,ST021,In-Store,1.0,32640.0,0.0,Airtel Money,Completed,0.0
24,O007062,2025-12-25 18:02:00,C00393,P0041,ST099,Online,2.0,83810.0,0.0,MPESA ,Completed,4.0
25,O000410,2024-02-23 14:19:00,C00297,P0063,ST099,Online,1.0,1440.0,0.0,Mpesa ,Completed,5.0
26,O006676,2025-12-05 15:13:00,C00075,P0016,ST010,In-Store,3.0,38090.0,0.1,Mpesa ,Completed,0.0
27,O003340,2024-12-23 10:21:00,C00525,P0053,ST020,In-Store,1.0,13410.0,0.0,cash,COMPLETED,0.0
28,O006968,2025-12-21 13:44:00,C00137,P0253,ST099,Online,1.0,30350.0,0.0,M pesa,completed,4.0
29,O002829,2024-11-19 11:24:00,C00956,P0056,ST099,Online,1.0,,0.0,Mpesa ,Completed,6.0
30,O003385,2024-12-26 09:43:00,C00215,P0071,ST099,Online,1.0,4850.0,0.05,M-PESA,Completed,3.0
31,O001460,2024-07-01 08:53:00,C01210,P0179,ST018,In-Store,1.0,40350.0,0.0,Cash,Completed,0.0
32,O006722,2025-12-08 15:06:00,C01203,P0152,ST017,In-Store,1.0,11580.0,0.1,airtel money,Returned,0.0
33,O002704,2024-11-09 17:38:00,C00875,P0165,ST099,Online,1.0,45630.0,0.0,Airtel Money,Completed,1.0
34,O003344,2024-12-23 14:11:00,C00601,P0152,ST013,In-Store,2.0,11580.0,0.0,Bank Transfer,Completed,0.0
35,O004898,2025-06-15 19:12:00,C00654,P0254,ST099,Online,1.0,30350.0,0.0,Airtel-Money,Returned,2.0
36,O005515,2025-08-19 13:47:00,C01337,P0160,ST002,In-Store,1.0,52970.0,0.0,M-Pesa,Completed,0.0
37,O004742,2025-05-28 17:11:00,C00527,P0030,ST099,Online,1.0,62130.0,0.0,Airtel Money,Completed,1.0
38,O005003,2025-06-27 17:29:00,C00287,P0164,ST014,In-Store,1.0,18800.0,0.0,Bank Transfer,Completed,0.0
39,O004803,2025-06-04 14:58:00,C00665,P0010,ST099,Online,2.0,127120.0,0.1,Airtel Money,Completed,5.0
40,O002996,2024-12-03 12:52:00,C01158,P0159,ST016,In-Store,1.0,14960.0,0.1,M-Pesa,Completed,0.0
41,O003322,22/12/2024,C00214,P0104,ST014,In-Store,1.0,3780.0,0.0,Bank Transfer,Completed,0.0
42,O004409,2025-04-22 17:41:00,,P0119,ST011,In-Store,1.0,10780.0,0.0,Airtel Money,Completed,0.0
43,O000094,2024-01-12 15:05:00,C00291,P0159,ST099,Online,2.0,14960.0,0.0,M-Pesa,Completed,1.0
44,O005508,2025-08-18 14:55:00,C01150,P0013,ST099,Online,1.0,30190.0,0.0,Mpesa,Completed,6.0
45,O003667,2025-01-27 14:29:00,C00455,P0096,ST003,In-Store,1.0,6270.0,0.0,Credit/Debit Card,Cancelled,0.0
46,O001733,2024-07-30 19:00:00,C00297,P0084,ST099,Online,1.0,17830.0,,M-Pesa,Completed,4.0
47,O001224,2024-06-02 15:54:00,C00002,P0151,ST099,Online,1.0,47660.0,0.1,Mpesa,RETURNED,3.0
48,O001826,2024-08-10 11:48:00,C00447,P0030,ST002,In-Store,1.0,62130.0,0.05,M-Pesa,Completed,0.0
49,O006583,2025-11-28 13:47:00,C00660,P0155,ST018,In-Store,1.0,13260.0,0.0,Credit/Debit Card,Completed,0.0
50,O005456,2025-08-13 14:34:00,C00622,P0010,ST018,In-Store,,127120.0,0.0,Credit/Debit Card,Returned,0.0
51,O005813,2025-09-19 11:02:00,C00268,P0088,ST099,Online,1.0,10360.0,0.0,M-Pesa,Completed,3.0
52,O004030,2025-03-15 15:20:00,C00176,P0109,ST003,In-Store,1.0,6990.0,0.0,M-Pesa,Completed,0.0
53,O003333,2024-12-22 08:37:00,C01024,P0028,ST099,Online,1.0,6690.0,0.0,M-Pesa,Completed,5.0
54,O003417,28-Dec-2024,C00004,P0070,ST008,In-Store,1.0,18010.0,0.05,M-Pesa,Completed,0.0
55,O003910,2025-03-01 20:42:00,C00124,P0060,ST099,Online,1.0,20160.0,0.0,M-Pesa,Completed,4.0
56,O004800,2025-06-03 15:56:00,C00529,P0060,ST008,In-Store,1.0,20160.0,0.0,cash ,Completed,0.0
57,O002612,2024-11-01 16:06:00,C01013,P0061,ST010,In-Store,1.0,19410.0,0.0,Bank Transfer,Completed,0.0
58,O002245,2024-09-24 19:15:00,C01190,P0135,ST099,Online,4.0,3510.0,,M-Pesa,Completed,5.0
59,O006503,2025-11-22 19:39:00,C00948,P0096,ST006,In-Store,2.0,6270.0,0.0,Cash,Completed,0.0
60,O000267,2024-02-03 17:44:00,C01339,P0058,ST019,In-Store,1.0,17000.0,0.1,airtel money,Completed,0.0
61,O007032,2025-12-24 18:24:00,C00666,P0146,ST099,Online,1.0,29570.0,0.0,Cash,Completed,6.0
62,O000318,2024-02-11 16:09:00,C01272,P0051,ST023,In-Store,2.0,20210.0,0.0,M-Pesa,Completed,0.0
63,O001430,2024-06-27 13:55:00,C00282,P0155,ST019,In-Store,3.0,13260.0,0.0,Airtel Money,Completed,0.0
64,O006873,2025-12-17 14:03:00,C01062,P0169,ST016,In-Store,1.0,57960.0,0.0,credit card,Completed,0.0
65,O003136,2024-12-13 13:14:00,C00970,P0198,ST006,In-Store,2.0,35160.0,0.0,Bank Transfer,Completed,0.0
66,O003359,2024-12-24 14:28:00,C01164,P0095,ST099,Online,1.0,4260.0,0.1,cash ,Completed,3.0
67,O003509,2025-01-06 20:41:00,C00398,P0088 ,ST014,In-Store,1.0,10360.0,0.0,M-Pesa,Completed,0.0
68,O000768,2024-04-09 08:15:00,C00231,P0086,ST007,In-Store,1.0,19730.0,0.0,cash ,Completed,0.0
69,O002718,2024-11-09 11:38:00,C00119,P0183,ST099,Online,1.0,39320.0,0.05,Cash,Completed,3.0
70,O001207,2024-05-31 18:16:00,C00779,P0085,ST099,Online,1.0,16110.0,0.0,M-Pesa,Completed,2.0
71,O005386,2025-08-06 17:09:00,C00846,P0060,ST017,In-Store,2.0,20160.0,0.0,M-Pesa,Completed,0.0
72,O003053,2024-12-07 09:58:00,C00365,P0104,ST020,In-Store,1.0,3780.0,0.0,M-Pesa,Completed,0.0
73,O000974,2024-05-02 18:06:00,C01269,P0028,ST099,Online,2.0,6690.0,0.0,M-Pesa,Completed,1.0
74,O004848,2025-06-09 16:02:00,,P0161,ST099,Online,1.0,49910.0,0.0,Mpesa ,Completed,6.0
75,O004540,2025-05-07 19:11:00,C01340,P0010,ST023,In-Store,3.0,127120.0,0.0,Bank Transfer,Completed,0.0
76,O002311,2024-10-02 09:36:00,C00622,P0105,ST099,Online,1.0,15970.0,0.0,Airtel-Money,Completed,4.0
77,O002434,2024-10-13 18:45:00,C00871,P0072,ST003,In-Store,2.0,1640.0,0.0,M-PESA,Completed,0.0
78,O002156,2024-09-15 15:15:00,C00562,P0063,ST006,In-Store,2.0,1440.0,0.0,M-Pesa,Returned,0.0
79,O001525,2024-07-07 15:41:00,C01188,P0197,ST003,In-Store,1.0,22390.0,0.0,Cash,Completed,0.0
80,O007104,2025-12-28 11:44:00,C00069,P0096,ST099,Online,2.0,6270.0,0.0,Airtel Money,Completed,3.0
81,O004847,2025-06-08 20:33:00,C00536,P0129,ST099,Online,1.0,10150.0,0.0,Credit/Debit Card,Returned,5.0
82,O007007,2025-12-23 19:38:00,C01171,P0030,ST099,Online,1.0,62130.0,0.15,M-Pesa,Completed,5.0
83,O005538,2025-08-21 11:31:00,C00134,P0165,ST018,In-Store,1.0,45630.0,0.0,AIRTEL MONEY,Completed,0.0
84,O000503,2024-03-07 16:54:00,C00087,P0060,ST020,In-Store,1.0,20160.0,0.0,mpesa,Completed,0.0
85,O002435,2024-10-13 20:57:00,C01289,P0150,ST012,In-Store,1.0,32640.0,0.05,M-Pesa,Completed,0.0
86,O007028,2025-12-24 19:00:00,C00215,P0070,ST099,Online,1.0,18010.0,0.0,Cash,Completed,3.0
87,O006886,2025-12-17 10:31:00,C01049,P0194,ST017,In-Store,1.0,24550.0,0.0,M-Pesa,Completed,0.0
88,O000926,2024-04-26 18:13:00,C00529,P0049,ST009,In-Store,1.0,9240.0,0.0,M-Pesa,Completed,0.0
89,O003125,12-Dec-2024,C00752,P0067,ST099,Online,2.0,4320.0,,M-Pesa,Cancelled,4.0
90,O002962,2024-12-01 18:04:00,C01116,P0061,ST099,Online,1.0,19410.0,0.0,M-Pesa,Completed,6.0
91,O002571,2024-10-27 11:46:00,,P0059,ST099,Online,1.0,16280.0,0.0,M-Pesa,Cancelled,4.0
92,O004134,2025-03-26 14:03:00,C00222,P0058,ST014 ,In-Store,1.0,17000.0,0.0,M-Pesa,Completed,0.0
93,O005504,2025-08-17 20:19:00,C00375,P0146,ST022,In-Store,2.0,29570.0,0.0,M-Pesa,Completed,0.0
94,O000345,2024-02-15 13:17:00,C00956,P0060,ST015,In-Store,1.0,20160.0,0.0,M-Pesa,Completed,0.0
95,O002134,2024-09-14 15:17:00,C01307,P0074,ST099,Online,2.0,1880.0,0.0,M-PESA,Completed,3.0
96,O001392,2024-06-22 14:05:00,C00572,P0152,ST015,In-Store,2.0,11580.0,0.0,M-Pesa,Completed,0.0
97,O005316,2025-07-30 20:13:00,C01111,P0096,ST010,In-Store,1.0,6270.0,0.0,Cash,Completed,0.0
98,O003257,2024-12-19 17:37:00,C00891,P0188,ST001,In-Store,1.0,10310.0,0.05,Cash,Returned,0.0
99,O003460,2024-12-31 10:57:00,C00681,P0062,ST099,Online,1.0,20210.0,0.0,Airtel Money,Completed,3.0
100,O001236,2024-06-04 15:02:00,C00053,P0135,ST004,In-Store,1.0,3510.0,0.0,M-Pesa,Completed,0.0
101,O004816,2025-06-05 10:09:00,C01165,P0176,ST099,Online,1.0,10760.0,0.0,Bank Transfer,Completed,2.0
102,O001308,2024-06-13 20:33:00,C00372,P0160,ST024,In-Store,2.0,52970.0,0.0,M-Pesa,Returned,0.0
103,O004294,2025-04-13 15:54:00,C01257,P0079,ST099,Online,1.0,17060.0,0.0,M-Pesa,Completed,2.0
104,O006653,2025-12-03 14:22:00,C00260,P0128,ST099,Online,2.0,13910.0,0.0,Cash,Completed,5.0
105,O002720,2024-11-10 16:44:00,C01132,P0066,ST099,Online,1.0,1630.0,,Airtel Money,Completed,1.0
106,O001407,2024-06-24 18:28:00,C00496,P0151,ST016,In-Store,1.0,47660.0,0.0,MPESA ,Completed,0.0
107,O000372,2024-02-18 10:21:00,,P0160,ST004,In-Store,1.0,52970.0,0.0,Airtel Money,complete,0.0
108,O000437,2024-02-27 13:29:00,C01097,P0139,ST007,In-Store,1.0,6700.0,0.05,Mpesa,Completed,0.0
109,O003834,2025-02-19 09:47:00,C00438,P0033,ST007,In-Store,4.0,103260.0,0.0,MPESA ,completed,0.0
110,O002443,2024-10-14 19:50:00,C00320,P0144,ST099,Online,1.0,30700.0,0.0,cash,Completed,3.0
111,O001764,2024-08-02 19:27:00,C00609,P0010,ST099,Online,2.0,127120.0,0.0,Credit/Debit Card,Completed,5.0
112,O003115,2024-12-11 20:48:00,C01031,P0164,ST011,In-Store,1.0,18800.0,0.25,M-Pesa,Returned,0.0
113,O003637,2025-01-23 10:27:00,C00243,P0159,ST099,Online,1.0,14960.0,0.1,M-Pesa,Completed,1.0
114,O003260,2024-12-19 18:35:00,C01229,P0104,ST012,In-Store,2.0,3780.0,0.0,M-Pesa,Completed,0.0
115,O006110,2025-10-17 11:32:00,C00534,P0160,ST099,Online,1.0,52970.0,0.0,M-Pesa,Completed,6.0
116,O003268,2024-12-20 10:54:00,C01212,P0070,ST006,In-Store,2.0,18010.0,0.2,m-pesa,Completed,0.0
117,O006549,2025-11-25 08:50:00,C00234,P0034,ST099,Online,1.0,32600.0,0.0,M-Pesa,Completed,3.0
118,O002324,2024-10-03 11:06:00,C00999,P0135 ,ST019,In-Store,2.0,3510.0,0.0,Bank Transfer,Cancelled,0.0
119,O002038,2024-09-01 13:20:00,C00458,P0091,ST099,Online,2.0,,0.0,airtel money,Completed,4.0
120,O005484,2025-08-15 10:07:00,C00863,P0086,ST013,In-Store,1.0,19730.0,0.15,MPESA ,Completed,0.0
121,O006986,2025-12-22 11:56:00,C00698,P0024,ST099,Online,2.0,85100.0,0.0,cash ,Cancelled,6.0
122,O002059,2024-09-04 14:46:00,C00313,P0033,ST099,Online,1.0,103260.0,0.0,Card,Completed,4.0
123,O004997,26/06/2025,C00671,P0018,ST013,In-Store,1.0,79380.0,0.05,mpesa,Completed,0.0
124,O006643,2025/12/02,C01202,P0179,ST007,In-Store,1.0,40350.0,0.0,M-Pesa,Completed,0.0
125,O005593,2025-08-27 10:16:00,C00646,P0070,ST099,Online,1.0,18010.0,0.0,M-Pesa,Completed,4.0
126,O000089,2024-01-12 12:03:00,C01211,P0056,ST024,In-Store,1.0,14270.0,0.1,Bank Transfer,Completed,0.0
127,O000567,2024-03-16 09:10:00,C00509,P0139,ST099,Online,1.0,6700.0,0.0,Cash,Completed,4.0
128,O001723,2024-07-29 20:55:00,C01111,P0024,ST004,In-Store,1.0,85100.0,0.05,Bank Transfer,Completed,0.0
129,O000848,2024-04-17 19:29:00,C01219,P0172,ST001,In-Store,1.0,38980.0,0.0,Bank Transfer,Returned,0.0
130,O001540,2024-07-09 18:23:00,C01079,P0063,ST011,In-Store,1.0,1440.0,0.0,M-Pesa,COMPLETED,0.0
131,O004552,08/05/2025,C01314,P0122,ST099,Online,2.0,1050.0,0.0,M-Pesa,Completed,6.0
132,O005230,2025-07-20 15:24:00,C01054,P0146,ST021,In-Store,2.0,29570.0,0.0,cash,Completed,0.0
133,O003778,2025/02/11,C00915,P0197,ST017,In-Store,1.0,22390.0,0.0,M-Pesa,Completed,0.0
134,O006149,2025-10-22 11:02:00,C00678,P0152,ST099,Online,1.0,11580.0,0.0,Card,returned,5.0
135,O001307,2024-06-13 17:45:00,C00485,P0074,ST023,In-Store,2.0,1880.0,0.0,M-Pesa,complete,0.0
136,O003175,2024-12-15 08:19:00,C00609,P0125,ST099,Online,2.0,5710.0,0.05,Bank Transfer,Completed,2.0
137,O000518,2024-03-08 19:49:00,C00576,P0115,ST099,Online,1.0,11780.0,0.0,Bank Transfer,Completed,4.0
138,O002775,2024-11-15 16:59:00,C00330,P0070,ST017,In-Store,1.0,18010.0,0.0,airtel money,Completed,0.0
139,O005330,2025-07-31 10:38:00,C00345,P0013,ST016,In-Store,1.0,30190.0,0.0,Airtel Money,Completed,0.0
140,O003854,2025-02-22 10:00:00,C00173,P0034,ST001,In-Store,2.0,32600.0,0.0,M-Pesa,Completed,0.0
141,O006755,2025-12-10 16:29:00,C00290,P0183,ST099,Online,1.0,39320.0,0.05,M-Pesa,Completed,6.0
142,O001242,2024/06/05,,P0010,ST006,In-Store,3.0,127120.0,0.0,Mpesa ,Completed,0.0
143,O006947,2025-12-20 16:09:00,C01103,P0053,ST099 ,Online,1.0,13410.0,0.0,Cash,Completed,4.0
144,O000782,2024-04-11 15:18:00,C01262,P0183,ST099,Online,1.0,39320.0,0.0,Credit/Debit Card,Completed,2.0
145,O002828,2024-11-19 11:30:00,C01095,P0153,ST019,In-Store,1.0,58800.0,0.0,Airtel Money,COMPLETED,0.0
146,O003498,2025-01-05 08:54:00,C00205,P0146,ST099,Online,1.0,29570.0,0.0,mpesa,Completed,4.0
147,O006163,2025-10-23 19:32:00,C00703,P0194,ST010,In-Store,1.0,24550.0,0.0,Card,Completed,0.0
148,O003208,2024-12-17 19:46:00,C00043,P0009,ST099,Online,3.0,119240.0,0.0,Cash,Returned,3.0
149,O006833,2025-12-15 16:14:00,C01227,P0023,ST008,In-Store,1.0,122960.0,0.0,credit card,Completed,0.0
150,O000455,2024-03-02 10:12:00,C00689,P0032,ST099,Online,1.0,112270.0,0.0,Cash,Completed,6.0
151,O001177,2024-05-27 08:17:00,C00830,P0013,ST099,Online,2.0,30190.0,0.0,M-Pesa,Returned,4.0
152,O005166,2025-07-13 16:59:00,C00407,P0150,ST008,In-Store,1.0,32640.0,0.0,M-Pesa,Completed,0.0
153,O001469,2024-07-01 17:15:00,C01133 ,P0151,ST003,In-Store,1.0,47660.0,0.0,M-Pesa,Completed,0.0
154,O002334,2024-10-05 08:22:00,C00113,P0096,ST099,Online,2.0,6270.0,0.0,debit card,Completed,1.0
155,O004224,2025/04/04,C01314,P0096,ST099,Online,1.0,6270.0,0.0,Bank Transfer,Cancelled,3.0
156,O001986,2024-08-28 10:07:00,C00422,P0197,ST099,Online,1.0,22390.0,0.0,M-Pesa,Completed,3.0
157,O004893,2025-06-14 10:57:00,C00699,P0016,ST001,In-Store,1.0,38090.0,0.0,Credit/Debit Card,Completed,0.0
158,O005992,2025-10-07 14:17:00,C00306,P0059,ST017,In-Store,1.0,16280.0,0.0,cash ,Completed,0.0
159,O000997,2024-05-05 10:55:00,C00301,P0079,ST011,In-Store,1.0,17060.0,0.2,M-Pesa,Completed,0.0
160,O001210,2024/06/01,C00895,P0181,ST019,In-Store,1.0,23170.0,0.0,M-Pesa,Completed,0.0
161,O002668,2024-11-05 10:27:00,C00224,P0097,ST099,Online,1.0,1930.0,0.0,Mpesa ,Returned,1.0
162,O006566,2025-11-26 18:12:00,C01319,P0059,ST012,In-Store,1.0,16280.0,0.0,M-Pesa,Completed,0.0
163,O003294,2024-12-21 08:18:00,C00548,P0016,ST099,Online,1.0,38090.0,0.2,M-Pesa,Completed,2.0
164,O004977,2025-06-24 19:33:00,C00238,P0068,ST099,Online,1.0,1250.0,0.2,M-Pesa,Completed,6.0
165,O003843,2025-02-21 18:01:00,C00606,P0176,ST022,In-Store,1.0,10760.0,0.0,M-Pesa,completed,0.0
166,O003129,2024-12-12 19:53:00,C00260 ,P0155,ST099,Online,1.0,13260.0,0.05,Cash,Completed,3.0
167,O003128,2024-12-12 20:27:00,C00119,P0189,ST016,In-Store,1.0,32140.0,0.0,Card,Completed,0.0
168,O001669,2024-07-23 17:54:00,,P0060,ST006,In-Store,1.0,20160.0,0.2,Cash,Completed,0.0
169,O004351,2025-04-18 16:13:00,C00633,P0146,ST003,In-Store,1.0,29570.0,0.2,Bank Transfer,Completed,0.0
170,O000142,2024-01-18 15:06:00,C01241,P0027,ST002,In-Store,1.0,26240.0,0.0,M-Pesa,Completed,0.0
171,O004734,2025-05-28 08:44:00,,P0056,ST008,In-Store,1.0,14270.0,0.0,M-Pesa,Returned,0.0
172,O002412,2024-10-12 14:02:00,C01145,P0010,ST015,In-Store,1.0,127120.0,0.0,Mpesa ,Completed,0.0
173,O002723,2024-11-10 10:11:00,C00418,P0060,ST001,In-Store,1.0,20160.0,0.15,Bank Transfer,Completed,0.0
174,O005453,2025-08-13 17:17:00,C00767,P0136,ST005,In-Store,1.0,1510.0,0.0,airtel money,Completed,0.0
175,O000354,2024-02-16 09:54:00,C00791,P0138,ST022,In-Store,1.0,4780.0,0.15,Bank Transfer,Completed,0.0
176,O001569,2024-07-13 12:41:00,C00408,P0060,ST099,Online,3.0,20160.0,0.0,M-Pesa,Cancelled,5.0
177,O001131,2024-05-21 20:11:00,C00087,P0073,ST099,Online,1.0,21150.0,0.0,M-PESA,Completed,3.0
178,O002827,2024-11-19 08:18:00,C00839,P0129,ST001,In-Store,1.0,10150.0,0.0,M-PESA,Completed,0.0
179,O002466,2024-10-17 13:32:00,,P0073,ST021,In-Store,1.0,21150.0,0.0,Card,Completed,0.0
180,O001582,2024-07-14 13:28:00,C00145,P0058,ST005,In-Store,2.0,17000.0,0.0,Cash,completed,0.0
181,O000129,2024-01-16 18:51:00,C00300,P0144,ST099,Online,1.0,30700.0,0.0,M-Pesa,Completed,6.0
182,O005309,2025-07-29 09:33:00,C00985,P0060,ST099,Online,1.0,20160.0,0.0,Credit/Debit Card,Completed,1.0
183,O000798,2024-04-12 08:22:00,,P0138,ST009,In-Store,1.0,4780.0,,mpesa,Completed,0.0
184,O004535,2025-05-06 17:02:00,C00182,P0053,ST099,Online,1.0,13410.0,0.0,Credit/Debit Card,completed,1.0
185,O003005,2024-12-03 15:30:00,C00316,P0074,ST002,In-Store,1.0,1880.0,0.0,M-Pesa,Completed,0.0
186,O000257,2024-02-01 20:54:00,C01255,P0017,ST013,In-Store,1.0,123410.0,0.0,Airtel Money,Completed,0.0
187,O000374,2024-02-19 10:36:00,C01168,P0025,ST004,In-Store,1.0,53630.0,0.05,Airtel-Money,Completed,0.0
188,O001563,2024/07/12,C01002,P0033,ST099,Online,1.0,103260.0,0.0,Credit/Debit Card,Completed,3.0
189,O005875,2025-09-26 18:55:00,C00566,P0002,ST011,In-Store,1.0,91490.0,0.0,M-Pesa,Completed,0.0
190,O006442,2025-11-16 15:28:00,C00077,P0060,ST099,Online,2.0,,0.0,Airtel Money,Completed,4.0
191,O002937,2024-11-28 11:18:00,C00918,P0010,ST014,In-Store,1.0,127120.0,0.0,Mpesa,Completed,0.0
192,O003897,2025-02-28 17:56:00,C01325,P0152,ST099,Online,1.0,11580.0,0.0,Cash,Completed,4.0
193,O005710,2025-09-07 19:12:00,C01087,P0104,ST011,In-Store,1.0,3780.0,0.0,Airtel Money,Completed,0.0
194,O007059,2025-12-25 16:08:00,C01152,P0023,ST099,Online,1.0,122960.0,0.0,M-Pesa,Completed,4.0
195,O002694,2024-11-08 16:29:00,C00573,P0139,ST007,In-Store,1.0,6700.0,0.0,Mpesa,Completed,0.0
196,O000722,2024-04-02 20:24:00,C01335,P0009,ST023,In-Store,4.0,119240.0,0.0,AIRTEL MONEY,Completed,0.0
197,O002192,2024-09-19 15:03:00,C00152,P0013,ST014,In-Store,1.0,30190.0,0.0,Cash,Completed,0.0
198,O002719,2024/11/10,C00512,P0039,ST016,In-Store,1.0,75080.0,0.0,M-Pesa,Completed,0.0
199,O003576,2025-01-15 10:22:00,C00184,P0160,ST099,Online,1.0,52970.0,0.0,Mpesa ,Completed,3.0
200,O005122,2025-07-09 19:12:00,C00268,P0056,ST099,Online,2.0,14270.0,0.0,M-Pesa,Completed,1.0
201,O004338,2025-04-17 15:57:00,C00377,P0198,ST099,Online,1.0,35160.0,0.0,M-Pesa,Completed,2.0
202,O006303,2025-11-03 08:17:00,C00908,P0174,ST099,Online,1.0,29840.0,0.05,M-Pesa,Completed,3.0
203,O000095,2024-01-12 18:09:00,C01035,P0181,ST007,In-Store,1.0,23170.0,0.0,debit card,Completed,0.0
204,O003251,2024-12-19 17:42:00,C00539,P0074,ST003,In-Store,2.0,1880.0,0.0,Cash,Completed,0.0
205,O004845,08-Jun-2025,C00702,P0160,ST020,In-Store,1.0,52970.0,0.05,M pesa,Completed,0.0
206,O005943,2025-10-02 20:08:00,C01262,P0030,ST099,Online,1.0,62130.0,0.15,Airtel Money,Completed,4.0
207,O001929,2024-08-21 10:44:00,C00556,P0065,ST099,Online,1.0,4780.0,0.15,M-Pesa,Returned,5.0
208,O006781,2025-12-11 11:23:00,C00733,P0194,ST099,Online,1.0,24550.0,0.0,M-Pesa,COMPLETED,1.0
209,O002065,2024-09-05 19:47:00,C00353,P0175,ST099,Online,1.0,15740.0,0.0,Credit/Debit Card,Completed,4.0
210,O005062,2025-07-04 09:43:00,C01183,P0060,ST099,Online,1.0,20160.0,0.0,M-Pesa,Completed,4.0
211,O000932,2024-04-27 20:45:00,C00160,P0160,ST011,In-Store,1.0,52970.0,0.0,M-Pesa,Completed,0.0
212,O002843,2024-11-20 08:06:00,C00716,P0030,ST011,In-Store,1.0,62130.0,0.2,Mpesa ,Completed,0.0
213,O000873,2024-04-20 09:24:00,C00888,P0061,ST012,In-Store,1.0,19410.0,,M-Pesa,Completed,0.0
214,O005995,2025-10-07 10:04:00,C01343,P0125,ST099,Online,1.0,5710.0,0.05,Card,Returned,2.0
215,O003767,2025-02-09 11:40:00,C00151,P0094,ST002,In-Store,2.0,7010.0,0.0,Cash,Completed,0.0
216,O006090,2025-10-15 12:23:00,C00767,P0060,ST013,In-Store,1.0,20160.0,0.15,M pesa,Completed,0.0
217,O004066,2025-03-19 16:36:00,C00490,P0139,ST002,In-Store,1.0,6700.0,,mpesa,Completed,0.0
218,O002549,2024-10-25 18:01:00,C00529,P0156,ST099,Online,1.0,30350.0,0.0,Bank Transfer,Completed,5.0
219,O006559,2025-11-26 08:33:00,C00910,P0194,ST099,Online,2.0,24550.0,,Cash,Completed,5.0
220,O005267,2025-07-25 15:59:00,C00318,P0074,ST099,Online,1.0,1880.0,0.0,M-Pesa,Completed,6.0
221,O000102,2024-01-13 12:46:00,C00371,P0112,ST024,In-Store,1.0,9880.0,0.0,CASH,Completed,0.0
222,O001634,2024-07-20 15:42:00,C01191,P0078,ST099,Online,1.0,17700.0,0.0,M-Pesa,Completed,1.0
223,O001868,2024-08-15 12:18:00,C00841 ,P0156,ST003,In-Store,1.0,30350.0,0.0,M-PESA,COMPLETED,0.0
224,O003266,2024-12-20 14:42:00,C01263,P0162,ST019,In-Store,2.0,42760.0,0.0,Credit/Debit Card,Completed,0.0
225,O005134,2025-07-09 20:21:00,C01251,P0096,ST099,Online,1.0,6270.0,0.0,Airtel money,Completed,1.0
226,O006538,2025-11-24 20:33:00,C01165,P0010,ST099,Online,1.0,127120.0,0.0,M-Pesa,Completed,6.0
227,O006463,2025-11-17 10:40:00,C00068,P0088,ST021,In-Store,1.0,10360.0,0.15,Credit/Debit Card,Completed,0.0
228,O001367,2024-06-19 13:07:00,C00778,P0112,ST099,Online,2.0,9880.0,0.0,M-Pesa,completed,1.0
229,O003863,2025-02-23 15:08:00,C01082,P0083,ST002,In-Store,1.0,14200.0,0.2,debit card,Completed,0.0
230,O001429,2024-06-27 14:51:00,C00224,P0013,ST023,In-Store,2.0,30190.0,0.0,Credit/Debit Card,Completed,0.0
231,O001417,2024-06-25 19:17:00,C01150,P0163,ST013,In-Store,1.0,41210.0,0.0,M-PESA,Cancelled,0.0
232,O004663,2025-05-21 20:38:00,C00813,P0179,ST099,Online,1.0,40350.0,0.0,M-Pesa,Completed,4.0
233,O007100,2025-12-28 19:37:00,C00928,P0156,ST099,Online,1.0,30350.0,0.1,debit card,completed,6.0
234,O006952,2025-12-20 13:51:00,C01090,P0144,ST016,In-Store,1.0,30700.0,0.0,M-Pesa,Returned,0.0
235,O002455,2024-10-15 19:27:00,C00517,P0160,ST012,In-Store,4.0,52970.0,0.0,Cash,Completed,0.0
236,O003985,2025-03-09 17:06:00,,P0012,ST099,Online,1.0,130340.0,0.15,m-pesa,Completed,4.0
237,O003676,2025-01-28 20:30:00,C00167,P0160,ST021,In-Store,1.0,52970.0,0.0,M-PESA,Completed,0.0
238,O004173,2025-03-30 13:20:00,C00353,P0108,ST099,Online,2.0,14950.0,0.1,M-Pesa,complete,5.0
239,O001913,2024-08-19 09:30:00,C00471,P0188,ST016,In-Store,1.0,10310.0,0.0,M-Pesa,Completed,0.0
240,O004143,2025-03-28 19:47:00,C00202,P0063,ST099,Online,1.0,1440.0,0.15,Credit/Debit Card,COMPLETED,5.0
241,O005526,2025-08-20 20:21:00,C00038,P0048,ST019,In-Store,1.0,21400.0,0.2,Credit/Debit Card,Completed,0.0
242,O006638,2025-12-02 16:44:00,C01151,P0174,ST020,In-Store,1.0,29840.0,0.0,AIRTEL MONEY,complete,0.0
243,O001925,2024-08-20 15:09:00,C01338,P0188,ST099,Online,1.0,10310.0,0.0,Credit/Debit Card,Returned,1.0
244,O000604,2024-03-19 18:30:00,C01038,P0112,ST004,In-Store,2.0,9880.0,0.0,M-Pesa,Completed,0.0
245,O001829,2024-08-11 17:22:00,C00390,P0138,ST022,In-Store,1.0,4780.0,0.0,M-Pesa,Completed,0.0
246,O003582,2025-01-16 14:24:00,C00940,P0160,ST099,Online,1.0,52970.0,0.0,CASH,Returned,5.0
247,O000861,2024-04-18 11:33:00,C00113,P0160,ST016,In-Store,1.0,52970.0,0.0,M-Pesa,Completed,0.0
248,O006861,2025-12-16 18:20:00,C00381,P0010,ST017,In-Store,1.0,127120.0,0.15,M-Pesa,Completed,0.0
249,O004411,2025-04-23 10:52:00,C00364,P0024,ST021,In-Store,2.0,85100.0,0.0,M-Pesa,Completed,0.0
250,O005921,2025-09-30 16:23:00,C00277,P0112,ST017,In-Store,1.0,,0.0,M-Pesa,Returned,0.0
251,O000589,2024-03-18 20:27:00,C01153,P0196,ST001,In-Store,2.0,20930.0,0.0,Airtel Money,Completed,0.0
252,O006953,2025-12-20 16:09:00,C00514,P0183,ST016,In-Store,1.0,39320.0,0.0,M pesa,Completed,0.0
253,O003677,2025-01-28 14:07:00,C01074,P0025,ST099,Online,1.0,53630.0,0.0,Airtel Money,completed,3.0
254,O001698,2024-07-27 15:33:00,C01314,P0005,ST011,In-Store,1.0,18960.0,0.0,M-Pesa,Returned,0.0
255,O000911,2024-04-24 12:32:00,C00370,P0071,ST004,In-Store,1.0,4850.0,0.0,Cash,Completed,0.0
256,O002149,2024-09-14 08:58:00,C01187,P0148,ST001,In-Store,1.0,32090.0,0.0,M-Pesa,Completed,0.0
257,O001181,2024-05-27 18:05:00,C00414,P0146,ST008,In-Store,2.0,29570.0,0.0,Airtel money,Completed,0.0
258,O002008,2024-08-30 10:36:00,C00344,P0056,ST002,In-Store,2.0,14270.0,0.1,M-Pesa,Completed,0.0
259,O000972,2024-05-02 20:56:00,C00674,P0084,ST007,In-Store,2.0,17830.0,0.0,MPESA ,Completed,0.0
260,O004144,2025-03-28 17:03:00,C00169,P0058,ST012,In-Store,1.0,,0.05,M-Pesa,Completed,0.0
261,O001623,2024-07-19 16:28:00,C01231 ,P0119,ST017,In-Store,1.0,10780.0,0.0,Credit/Debit Card,Completed,0.0
262,O002997,2024-12-03 13:18:00,C00103,P0058,ST001,In-Store,1.0,17000.0,,M-Pesa,Completed,0.0
263,O002320,2024-10-03 17:17:00,C00687,P0102,ST006,In-Store,1.0,5210.0,0.0,Credit/Debit Card,Completed,0.0
264,O001622,2024-07-18 16:01:00,C00182,P0060,ST009,In-Store,1.0,20160.0,0.0,M-Pesa,Completed,0.0
265,O003911,2025-03-01 11:52:00,C00065,P0039,ST099,Online,,75080.0,0.0,M-Pesa,Completed,4.0
266,O005327,2025-07-31 18:23:00,C00267,P0198,ST099,Online,,35160.0,0.0,MPESA ,Completed,5.0
267,O004381,2025-04-20 16:31:00,C00298,P0024,ST099,Online,1.0,85100.0,0.15,M-Pesa,Completed,4.0
268,O007021,2025-12-23 08:23:00,,P0059,ST099,Online,1.0,16280.0,0.0,Airtel Money,Completed,4.0
269,O005022,2025-06-29 13:00:00,C00724,P0184,ST099,Online,0.0,20390.0,0.0,mpesa,Completed,5.0
270,O006296,2025-11-03 13:38:00,C01231,P0183,ST015,In-Store,2.0,39320.0,0.0,Cash,Completed,0.0
271,O002701,2024-11-09 20:07:00,C00161,P0189,ST011,In-Store,1.0,32140.0,0.0,Airtel Money,Completed,0.0
272,O006860,2025-12-16 09:46:00,C01009,P0123,ST023,In-Store,1.0,7870.0,0.0,debit card,Completed,0.0
273,O000766,2024-04-08 16:54:00,C01227,P0004,ST099,Online,3.0,38100.0,0.0,M-Pesa,Completed,6.0
274,O003514,2025-01-07 12:18:00,C01105,P0140,ST099,Online,1.0,13940.0,,M-Pesa,completed,1.0
275,O002858,2024/11/21,C00418,P0159,ST099,Online,1.0,14960.0,0.0,Bank Transfer,Completed,5.0
276,O002181,2024-09-18 16:59:00,C00778,P0120,ST099,Online,1.0,10270.0,0.0,Airtel Money,Returned,2.0
277,O005816,2025-09-20 11:05:00,C01312,P0188,ST099,Online,1.0,10310.0,0.0,Mpesa,Completed,4.0
278,,,,,,,,,,,,
279,O004277,2025-04-10 16:15:00,C00838,P0027,ST006,In-Store,1.0,26240.0,,M-Pesa,Completed,0.0
280,O002497,2024-10-20 10:12:00,C01168,P0197,ST024,In-Store,1.0,22390.0,0.0,Airtel Money,Completed,0.0
281,O006321,2025-11-05 15:12:00,C00202 ,P0174,ST099,Online,1.0,29840.0,0.0,airtel money,complete,1.0
282,O003760,2025-02-09 18:02:00,C00903,P0166,ST014,In-Store,1.0,36200.0,0.0,Bank Transfer,Completed,0.0
283,O002802,2024-11-17 14:39:00,C01104,P0080,ST023,In-Store,-1.0,4980.0,0.0,Credit/Debit Card,Completed,0.0
284,O001497,2024-07-05 19:02:00,C01165,P0151,ST099 ,Online,1.0,47660.0,0.15,M-Pesa,Cancelled,4.0
285,O002859,2024-11-21 13:08:00,C00364,P0146,ST099,Online,1.0,29570.0,0.0,Mpesa ,complete,1.0
286,O005842,2025-09-23 15:33:00,C00914,P0060,ST022,In-Store,3.0,20160.0,0.0,MPESA ,Completed,0.0
287,O004532,2025-05-06 16:12:00,C00063,P0071,ST099,Online,2.0,4850.0,0.0,cash,Completed,2.0
288,O003305,2024-12-21 20:50:00,C00087,P0139,ST099,Online,4.0,6700.0,0.1,M-Pesa,Cancelled,2.0
289,O001510,2024-07-06 17:40:00,C00904,P0183,ST099,Online,2.0,39320.0,0.0,M-Pesa,Completed,2.0
290,O005340,2025-08-01 11:16:00,C00534,P0069,ST099,Online,1.0,20690.0,0.0,Mpesa ,Completed,6.0
291,O005128,2025-07-09 10:40:00,C01152,P0146,ST099,Online,2.0,29570.0,0.0,Airtel Money,Completed,1.0
292,O003873,2025-02-24 18:58:00,,P0039,ST011,In-Store,2.0,75080.0,0.0,mpesa,Completed,0.0
293,O004189,2025-03-31 17:11:00,C01310,P0091,ST099,Online,1.0,2270.0,0.05,Airtel Money,canceled,5.0
294,O000192,2024-01-24 10:51:00,C00454,P0156,ST099,Online,1.0,30350.0,0.0,M-Pesa,Returned,6.0
295,O006250,2025-10-31 09:41:00,C00260,P0196,ST024,In-Store,1.0,20930.0,0.0,M-Pesa,Completed,0.0
296,O005145,2025-07-11 18:31:00,C00238,P0013,ST099,Online,1.0,30190.0,0.0,mpesa,Completed,2.0
297,O004764,2025-05-31 15:33:00,C00875 ,P0025,ST099,Online,1.0,53630.0,0.0,cash,Completed,3.0
298,O006748,2025-12-09 08:29:00,C00203,P0108,ST008,In-Store,2.0,14950.0,0.0,CASH,Completed,0.0
299,O004519,2025-05-04 17:22:00,C00442,P0005,ST002,In-Store,1.0,18960.0,0.0,m-pesa,COMPLETED,0.0
300,O005028,2025-06-30 19:21:00,C00900,P0056,ST099,Online,1.0,14270.0,0.05,M-Pesa,Completed,6.0
301,O001009,2024-05-06 10:39:00,C00624,P0024,ST023,In-Store,1.0,85100.0,0.0,M-Pesa,complete,0.0
302,O002628,2024-11-02 20:46:00,C01229,P0176,ST099,Online,1.0,10760.0,0.0,cash,Completed,2.0
303,O000110,2024-01-14 08:49:00,C01343,P0087,ST012,In-Store,1.0,11890.0,,M-Pesa,Completed,0.0
304,O001631,2024/07/19,C00260,P0062,ST024,In-Store,1.0,20210.0,0.0,M-Pesa,Returned,0.0
305,O004177,2025-03-30 19:08:00,C00671,P0056 ,ST018,In-Store,1.0,14270.0,0.0,M pesa,Cancelled,0.0
306,O000610,2024-03-21 14:50:00,C00778,P0010,ST011,In-Store,1.0,127120.0,0.05,Airtel Money,returned,0.0
307,O002470,2024-10-18 14:28:00,C00560,P0018,ST019,In-Store,1.0,,0.0,M-Pesa,Completed,0.0
308,O005271,2025-07-26 11:07:00,C00311,P0083,ST099,Online,1.0,14200.0,0.0,m-pesa,Returned,1.0
309,O006365,2025-11-09 20:27:00,C00846,P0083,ST017,In-Store,2.0,14200.0,0.0,Credit/Debit Card,Completed,0.0
310,O001339,2024-06-16 12:39:00,C00219,P0079,ST003,In-Store,1.0,17060.0,0.0,Airtel Money,Completed,0.0
311,O005793,2025-09-17 14:51:00,C00706,P0051,ST010,In-Store,1.0,20210.0,0.0,Mpesa,Cancelled,0.0
312,O005333,2025-07-31 08:23:00,C00269,P0162,ST099,Online,1.0,42760.0,0.0,M-Pesa,Completed,4.0
313,O003415,2024-12-28 18:25:00,C01087,P0135,ST099,Online,3.0,3510.0,0.0,m-pesa,Completed,6.0
314,O003638,2025-01-23 09:22:00,C00729,P0135,ST024,In-Store,2.0,3510.0,,M-Pesa,Completed,0.0
315,O006613,2025-11-30 20:09:00,C01084,P0131,ST021,In-Store,1.0,1830.0,0.0,M-Pesa,Returned,0.0
316,O003741,2025-02-07 12:15:00,C00479,P0173,ST018,In-Store,2.0,19620.0,0.0,Airtel Money,Returned,0.0
317,O000949,2024-04-28 14:03:00,C01307,P0096,ST007,In-Store,1.0,6270.0,0.0,mpesa,Completed,0.0
318,O006480,2025-11-19 16:56:00,C00734,P0056,ST011,In-Store,1.0,14270.0,0.0,MPESA ,Completed,0.0
319,O005892,2025-09-27 09:13:00,C00757,P0183,ST099,Online,2.0,39320.0,,debit card,Completed,6.0
320,O006375,2025-11-10 08:25:00,C00994,P0131,ST099,Online,2.0,1830.0,0.0,cash ,Returned,4.0
321,O006377,2025-11-10 10:03:00,C00471,P0198,ST011,In-Store,1.0,35160.0,0.0,M-Pesa,Completed,0.0
322,O003789,2025-02-13 11:07:00,C00035,P0160,ST099,Online,2.0,52970.0,0.0,M-Pesa,Completed,1.0
323,O002948,2024-11-29 15:05:00,C00936,P0037,ST011,In-Store,1.0,42380.0,0.0,Credit/Debit Card,Completed,0.0
324,O005845,2025-09-23 15:31:00,C00589,P0160,ST014,In-Store,1.0,52970.0,0.0,M-Pesa,Returned,0.0
325,O006035,2025-10-10 09:51:00,C01001,P0070,ST099,Online,2.0,18010.0,0.0,Airtel money,Cancelled,1.0
326,O001845,12/08/2024,C00615,P0104,ST099,Online,1.0,3780.0,,Bank Transfer,Completed,1.0
327,O003740,2025-02-06 19:54:00,C00458,P0060,ST099,Online,2.0,20160.0,0.0,Cash,Completed,5.0
328,O001609,2024-07-17 08:01:00,,P0184,ST099,Online,1.0,20390.0,0.0,Airtel money,Completed,4.0
329,O002610,2024-11-01 08:43:00,C01016,P0020,ST099,Online,1.0,10070.0,0.0,M-Pesa,Completed,5.0
330,O001749,2024-08-01 17:24:00,C00482,P0195,ST020,In-Store,1.0,31900.0,0.0,M-Pesa,Completed,0.0
331,O003706,2025-02-01 14:57:00,,P0129,ST099,Online,2.0,10150.0,0.15,MPESA ,Completed,1.0
332,O003662,2025-01-26 11:03:00,C00762,P0135,ST006,In-Store,1.0,3510.0,0.0,Cash,Completed,0.0
333,O001251,2024-06-06 15:29:00,C00260,P0139,ST022,In-Store,1.0,6700.0,0.0,Cash,Completed,0.0
334,O003870,2025-02-24 14:21:00,C00874,P0096,ST099,Online,1.0,6270.0,0.0,cash ,Completed,5.0
335,O001238,2024-06-05 11:27:00,C00210,P0181,ST010,In-Store,2.0,23170.0,0.0,CASH,completed,0.0
336,O003734,2025-02-05 13:45:00,C00780,P0136,ST012,In-Store,1.0,1510.0,0.0,debit card,COMPLETED,0.0
337,O005981,2025-10-06 18:53:00,C01060,P0056,ST018,In-Store,1.0,14270.0,0.0,mpesa,Completed,0.0
338,O004574,2025-05-10 09:20:00,C00514,P0196,ST007,In-Store,1.0,20930.0,0.1,M-Pesa,Completed,0.0
339,O002639,2024-11-03 20:37:00,C00985,P0087,ST099,Online,1.0,11890.0,0.0,debit card,Returned,4.0
340,O005750,2025-09-12 10:01:00,C00089,P0059,ST009,In-Store,1.0,16280.0,0.0,M-Pesa,Completed,0.0
341,O001815,2024-08-08 13:30:00,C00227,P0056,ST099,Online,1.0,14270.0,0.0,M-Pesa,Completed,2.0
342,O006177,2025-10-24 10:53:00,C00199,P0120,ST021,In-Store,1.0,10270.0,0.0,M-Pesa,Returned,0.0
343,O002572,2024-10-27 18:57:00,C00963,P0061,ST013,In-Store,1.0,19410.0,0.0,Airtel Money,Completed,0.0
344,O000007,2024-01-02 15:44:00,C00996,P0153,ST014,In-Store,1.0,58800.0,0.0,Bank Transfer,Completed,0.0
345,O005933,2025-10-01 19:49:00,,P0120,ST099,Online,1.0,10270.0,0.0,cash ,Returned,4.0
346,O006844,2025-12-16 11:37:00,C01247 ,P0135,ST023,In-Store,1.0,3510.0,0.0,M-PESA,Cancelled,0.0
347,O006290,2025-11-02 13:35:00,C01290,P0175,ST007,In-Store,1.0,15740.0,0.0,Bank Transfer,Completed,0.0
348,O007003,2025/12/22,C00971,P0188,ST099,Online,1.0,10310.0,0.05,debit card,Returned,3.0
349,O000116,2024-01-14 11:10:00,C00990,P0163,ST099,Online,4.0,41210.0,0.0,M pesa,Completed,4.0
350,O001134,2024-05-21 17:23:00,C00678,P0146,ST009,In-Store,1.0,29570.0,0.0,MPESA ,COMPLETED,0.0
351,O005117,2025-07-08 10:06:00,C01152,P0168,ST010,In-Store,2.0,,0.0,M-Pesa,Cancelled,0.0
352,O005512,2025-08-18 16:33:00,C00178,P0059,ST010,In-Store,1.0,,0.05,Airtel Money,Completed,0.0
353,O004319,2025-04-15 13:20:00,C00501,P0111,ST099,Online,1.0,3840.0,0.0,M-Pesa,Completed,1.0
354,O001021,2024-05-08 18:40:00,C00046,P0080,ST099,Online,4.0,4980.0,0.0,cash ,Completed,6.0
355,O006025,2025-10-09 08:58:00,C00063,P0121,ST011,In-Store,1.0,5670.0,0.0,M-Pesa,CANCELLED,0.0
356,O002425,2024-10-13 17:58:00,C00370,P0069,ST099,Online,1.0,20690.0,0.0,M-Pesa,Completed,1.0
357,O004826,2025-06-07 17:04:00,C00960,P0060,ST012,In-Store,1.0,20160.0,0.0,M-Pesa,Completed,0.0
358,O005387,2025-08-06 08:04:00,C00335,P0081,ST013,In-Store,2.0,14340.0,0.0,Airtel Money,Completed,0.0
359,O006344,2025-11-07 14:20:00,C01171,P0012,ST017,In-Store,,130340.0,0.0,Credit/Debit Card,Completed,0.0
360,O001666,2024-07-23 19:51:00,C00783,P0017,ST009,In-Store,1.0,123410.0,0.0,M-Pesa,Completed,0.0
361,O004024,2025-03-15 09:22:00,C00132,P0094,ST099,Online,4.0,7010.0,0.0,M-PESA,Completed,4.0
362,O000041,2024-01-06 19:21:00,C00621,P0160,ST022,In-Store,1.0,52970.0,0.0,Cash,Completed,0.0
363,O003091,2024-12-09 09:42:00,C01091,P0030,ST011,In-Store,1.0,62130.0,0.0,M-Pesa,Returned,0.0
364,O005478,2025-08-15 10:07:00,C01328,P0148,ST099,Online,1.0,32090.0,0.0,Cash,Completed,5.0
365,O001914,2024-08-19 09:58:00,C01272,P0097,ST023,In-Store,1.0,1930.0,0.0,cash ,Returned,0.0
366,O001323,2024-06-14 18:38:00,C00701,P0062,ST015,In-Store,2.0,20210.0,0.0,credit card,Returned,0.0
367,O000289,2024-02-07 10:34:00,C00317,P0086,ST099,Online,1.0,19730.0,0.0,M-Pesa,Completed,3.0
368,O003563,2025-01-13 12:56:00,C00082,P0160,ST099,Online,1.0,52970.0,0.0,mpesa,Completed,1.0
369,O004317,2025-04-14 17:09:00,C00779,P0056,ST018,In-Store,,14270.0,0.0,M pesa,Completed,0.0
370,O003874,2025-02-24 12:16:00,C00120,P0150 ,ST011,In-Store,2.0,32640.0,0.0,M-Pesa,Completed,0.0
371,O004374,20-Apr-2025,C00456,P0175,ST099 ,Online,1.0,15740.0,0.1,M-Pesa,Returned,6.0
372,O004458,2025-04-28 12:10:00,C00790,P0069,ST099,Online,1.0,20690.0,,Credit/Debit Card,Completed,4.0
373,O000300,2024-02-08 11:16:00,C00506,P0166,ST099,Online,2.0,,0.0,M-Pesa,Completed,2.0
374,O002280,2024-09-28 10:20:00,C01182,P0061,ST014,In-Store,1.0,19410.0,0.1,M-Pesa,Completed,0.0
375,O003063,2024-12-08 20:38:00,C00960,P0091,ST099,Online,1.0,2270.0,0.0,Mpesa ,Completed,4.0
376,O004387,2025-04-21 20:20:00,C01324,P0125,ST020,In-Store,1.0,5710.0,0.05,M-Pesa,Returned,0.0
377,O002498,2024-10-20 10:08:00,C01224,P0183,ST099,Online,2.0,39320.0,0.2,MPESA ,returned,6.0
378,O001613,2024-07-17 14:01:00,,P0165,ST021,In-Store,1.0,45630.0,0.0,M-PESA,Completed,0.0
379,O003604,2025-01-19 18:23:00,C00412,P0024,ST003,In-Store,1.0,85100.0,0.0,Credit/Debit Card,Completed,0.0
380,O004963,2025-06-23 15:29:00,C00717,P0196,ST003,In-Store,1.0,20930.0,0.0,M pesa,Completed,0.0
381,O003512,2025-01-06 19:40:00,,P0151,ST099,Online,1.0,47660.0,0.0,Bank Transfer,Completed,2.0
382,O000409,2024-02-23 11:25:00,C00595,P0138,ST020,In-Store,1.0,4780.0,0.0,Bank Transfer,Completed,0.0
383,O001261,2024-06-08 09:18:00,C01281,P0129,ST015,In-Store,2.0,10150.0,0.0,M-Pesa,Completed,0.0
384,O002544,2024-10-24 20:05:00,C01024,P0175,ST099,Online,4.0,15740.0,0.15,Credit/Debit Card,Completed,5.0
385,O005259,2025-07-24 15:44:00,C01207,P0162,ST009,In-Store,2.0,42760.0,0.0,Mpesa,Completed,0.0
386,O004853,2025-06-09 11:44:00,,P0104,ST014,In-Store,2.0,3780.0,0.0,M-Pesa,Completed,0.0
387,O000919,25/04/2024,C00491,P0160,ST015,In-Store,4.0,52970.0,0.0,Cash,Completed,0.0
388,O002313,2024-10-02 14:01:00,C00965,P0189,ST099,Online,1.0,32140.0,0.0,M-Pesa,Completed,3.0
389,O003343,2024-12-23 18:21:00,C01052,P0181,ST099,Online,1.0,23170.0,,M-Pesa,Completed,6.0
390,O001259,08/06/2024,C00281,P0091,ST099,Online,1.0,2270.0,0.0,M-Pesa,Returned,5.0
391,O000319,2024-02-11 12:44:00,C01162,P0060,ST099,Online,1.0,20160.0,0.1,M-Pesa,COMPLETED,4.0
392,O005732,2025-09-10 11:20:00,C01047,P0084,ST012,In-Store,1.0,17830.0,0.0,M-Pesa,Completed,0.0
393,O003309,2024/12/21,C00990,P0135,ST099,Online,2.0,3510.0,0.0,M-Pesa,Returned,5.0
394,O000330,2024-02-13 19:07:00,C00996,P0158,ST008,In-Store,2.0,36400.0,0.0,M-Pesa,Completed,0.0
395,O001765,2024-08-02 12:48:00,C01146,P0196,ST016,In-Store,1.0,20930.0,0.0,M-Pesa,returned,0.0
396,O001063,2024-05-13 14:27:00,C00517,P0146,ST008,In-Store,1.0,29570.0,0.0,M pesa,Completed,0.0
397,O006720,2025-12-08 11:08:00,C00474,P0051,ST099,Online,2.0,20210.0,0.05,Credit/Debit Card,complete,4.0
398,O004112,2025-03-24 10:04:00,C00344,P0151,ST024,In-Store,2.0,47660.0,0.0,M-Pesa,Completed,0.0
399,O000806,2024-04-13 17:42:00,C01097,P0198,ST099,Online,2.0,35160.0,0.0,M-Pesa,Completed,3.0
400,O000055,2024-01-07 19:20:00,C01002,P0062,ST015,In-Store,1.0,20210.0,0.0,M-Pesa,Completed,0.0
401,O000232,2024-01-28 11:34:00,C00271,P0024,ST002,In-Store,1.0,85100.0,0.0,CARD,Completed,0.0
402,O002454,2024-10-15 18:04:00,C01168,P0152,ST099,Online,1.0,11580.0,0.0,m-pesa,Completed,2.0
403,O005805,2025-09-18 12:35:00,,P0012,ST099,Online,1.0,130340.0,0.0,credit card,Completed,5.0
404,O000562,2024-03-15 12:07:00,C00866,P0163,ST011,In-Store,1.0,41210.0,0.0,CARD,Completed,0.0
405,O002526,2024-10-22 15:47:00,C01277,P0084,ST099,Online,1.0,17830.0,0.0,M-Pesa,Completed,2.0
406,O004648,2025-05-20 12:50:00,C00317,P0171,ST099,Online,1.0,48310.0,0.0,debit card,Completed,5.0
407,O003064,2024-12-08 17:18:00,C00871,P0194,ST022,In-Store,3.0,24550.0,0.0,M-Pesa,Completed,0.0
408,O002473,2024-10-18 08:23:00,C00421,P0008,ST099,Online,1.0,94740.0,0.0,M-Pesa,Completed,5.0
409,O001748,2024-08-01 14:43:00,C00391,P0024,ST099,Online,-1.0,85100.0,0.0,Credit/Debit Card,Completed,5.0
410,O003018,2024-12-05 20:04:00,C00387,P0163,ST020,In-Store,1.0,41210.0,0.0,debit card,Completed,0.0
411,O005627,2025-08-30 11:22:00,C00825,P0135,ST099,Online,1.0,3510.0,0.0,M-Pesa,Returned,6.0
412,O005737,2025-09-10 12:39:00,C01055,P0060,ST019,In-Store,1.0,20160.0,0.25,M-Pesa,COMPLETED,0.0
413,O004474,2025-04-30 18:58:00,C01161,P0139,ST018,In-Store,1.0,6700.0,0.0,Mpesa,Completed,0.0
414,O001833,2024-08-11 10:15:00,C00895,P0090,ST099,Online,1.0,8490.0,0.0,Cash,Completed,2.0
415,O002126,2024-09-13 17:00:00,C00411,P0088,ST022,In-Store,1.0,10360.0,0.0,Cash,Completed,0.0
416,O004080,2025-03-21 17:09:00,C01309,P0163,ST099,Online,1.0,41210.0,0.0,M-Pesa,Completed,6.0
417,O003757,2025-02-08 16:20:00,C00118,P0163,ST001,In-Store,1.0,41210.0,0.0,airtel money,Completed,0.0
418,O000203,2024-01-25 15:35:00,C01141,P0138,ST006,In-Store,1.0,4780.0,0.0,M-Pesa,Completed,0.0
419,O002532,2024-10-23 20:19:00,C00422,P0196,ST006,In-Store,1.0,20930.0,0.0,MPESA ,Completed,0.0
420,O004788,2025-06-02 09:21:00,C00292,P0011,ST009,In-Store,1.0,25490.0,0.0,Cash,Completed,0.0
421,O004631,2025-05-18 18:11:00,,P0173,ST152,Online,1.0,19620.0,0.0,MPESA ,Completed,6.0
422,O000172,2024-01-21 11:54:00,C00223,P0024,ST004,In-Store,1.0,85100.0,0.0,Cash,complete,0.0
423,O004269,2025-04-10 20:11:00,C00890,P0023,ST099,Online,1.0,122960.0,0.0,M pesa,Completed,1.0
424,O005794,2025-09-17 19:21:00,C00160,P0160,ST002,In-Store,1.0,52970.0,0.0,M-Pesa,Completed,0.0
425,O001048,2024-05-11 11:18:00,C00113,P0153,ST005,In-Store,1.0,58800.0,0.0,MPESA ,Completed,0.0
426,O001664,2024-07-22 08:54:00,C01092,P0080,ST099,Online,1.0,4980.0,0.0,Credit/Debit Card,Completed,2.0
427,O006037,2025-10-10 08:37:00,C00090,P0165,ST022,In-Store,2.0,45630.0,0.0,Cash,Returned,0.0
428,O000524,2024-03-09 14:03:00,C00308,P0188,ST014,In-Store,1.0,10310.0,0.0,Bank Transfer,Completed,0.0
429,O006771,2025-12-11 15:06:00,C00421,P0060,ST010,In-Store,1.0,20160.0,0.0,Cash,Completed,0.0
430,O000076,2024-01-10 16:55:00,C00318,P0160,ST099,Online,2.0,52970.0,0.0,M-Pesa,Completed,5.0
431,O004740,2025-05-28 19:57:00,C01117,P0146,ST099,Online,4.0,29570.0,0.0,M-Pesa,Completed,2.0
432,O000190,2024-01-23 11:21:00,C01098,P0041,ST099,Online,1.0,83810.0,,cash ,Returned,4.0
433,O001235,04/06/2024,C00362,P0048,ST014,In-Store,1.0,21400.0,0.0,Airtel Money,Returned,0.0
434,O004013,2025-03-14 19:08:00,C00956,P0012,ST019,In-Store,4.0,130340.0,0.0,CARD,Completed,0.0
435,O002035,2024-09-01 13:04:00,C00290,P0086,ST099,Online,2.0,19730.0,0.0,m-pesa,Completed,1.0
436,O004305,2025-04-13 09:09:00,C01294,P0183,ST020,In-Store,,39320.0,0.0,Credit/Debit Card,Completed,0.0
437,O000698,2024-03-30 10:21:00,C00487,P0005,ST099,Online,1.0,18960.0,0.0,m-pesa,Completed,4.0
438,O004842,2025-06-08 20:12:00,C01260,P0160,ST010,In-Store,1.0,52970.0,0.0,credit card,Completed,0.0
439,O004327,2025-04-16 08:53:00,,P0159,ST015,In-Store,1.0,14960.0,0.0,credit card,Completed,0.0
440,O002631,2024-11-02 17:31:00,C00864,P0023,ST014,In-Store,1.0,122960.0,0.0,Credit/Debit Card,Completed,0.0
441,O003849,2025-02-21 13:53:00,C00089,P0173,ST099,Online,3.0,19620.0,0.0,Cash,Completed,4.0
442,O000816,2024-04-14 16:52:00,C00503,P0064,ST099,Online,1.0,6160.0,0.15,M-Pesa,Completed,1.0
443,O005946,2025-10-03 13:48:00,C01015,P0086,ST099,Online,1.0,19730.0,0.0,Bank Transfer,Completed,2.0
444,O006259,2025-10-31 14:29:00,C00442,P0012,ST099,Online,1.0,130340.0,0.1,M-Pesa,Completed,5.0
445,O006746,2025-12-09 20:35:00,C00552,P0188,ST001,In-Store,1.0,10310.0,0.0,mpesa,Completed,0.0
446,O006393,2025-11-11 20:48:00,C01083,P0151,ST002,In-Store,1.0,47660.0,0.0,Mpesa,Completed,0.0
447,O005618,2025-08-29 17:10:00,C01208,P0176,ST024,In-Store,1.0,10760.0,0.0,M-Pesa,Completed,0.0
448,O000103,2024-01-13 19:17:00,C00501,P0168,ST024,In-Store,1.0,31350.0,,Cash,Completed,0.0
449,O006128,2025-10-18 10:40:00,C00529,P0160,ST015,In-Store,3.0,52970.0,0.0,M-Pesa,complete,0.0
450,O005434,2025-08-11 18:30:00,C01274,P0156,ST099,Online,2.0,30350.0,0.05,MPESA ,Returned,1.0
451,O002695,2024-11-08 15:09:00,C00887,P0058,ST099,Online,1.0,17000.0,0.0,mpesa,Completed,1.0
452,O004406,2025-04-22 20:39:00,C01055,P0183,ST099,Online,1.0,39320.0,0.05,M-Pesa,Completed,3.0
453,O002347,2024-10-06 11:23:00,C00836,P0149,ST001,In-Store,1.0,31450.0,0.0,Credit/Debit Card,Completed,0.0
454,O005148,2025/07/11,C01117,P0139,ST099,Online,1.0,6700.0,0.05,CASH,Completed,6.0
455,O006834,2025-12-15 19:09:00,C00657,P0171,ST099,Online,2.0,48310.0,0.1,Credit/Debit Card,Returned,5.0
456,O003237,2024-12-18 12:00:00,C00560,P0058,ST022,In-Store,2.0,17000.0,0.0,M-Pesa,Completed,0.0
457,O005371,2025-08-04 19:55:00,C01293,P0061,ST022,In-Store,1.0,19410.0,0.0,mpesa,Completed,0.0
458,O002360,2024-10-07 16:15:00,C00666,P0080,ST015,In-Store,1.0,4980.0,0.0,Mpesa,Completed,0.0
459,O000955,2024-04-29 20:48:00,C00919,P0176,ST099,Online,1.0,10760.0,0.0,Cash,Returned,6.0
460,O001183,2024-05-28 18:16:00,C01214,P0144,ST004,In-Store,1.0,30700.0,,Credit/Debit Card,Completed,0.0
461,O005633,2025-08-30 20:10:00,C00017,P0173,ST005,In-Store,2.0,19620.0,0.15,airtel money,completed,0.0
462,O004718,2025-05-26 08:41:00,C00511,P0116,ST099 ,Online,1.0,13190.0,0.05,Bank Transfer,COMPLETED,3.0
463,O006108,2025-10-17 08:28:00,C00939,P0104,ST099,Online,1.0,3780.0,0.0,M-Pesa,Completed,5.0
464,O004935,2025-06-19 18:02:00,C00396,P0166,ST013,In-Store,1.0,36200.0,0.0,M-Pesa,Completed,0.0
465,O004702,2025-05-25 18:58:00,C00320,P0062,ST021,In-Store,1.0,20210.0,0.0,Airtel Money,COMPLETED,0.0
466,O005073,2025-07-04 13:21:00,C00255,P0119,ST012,In-Store,1.0,10780.0,0.1,M-Pesa,Completed,0.0
467,O004365,2025-04-19 10:40:00,C00917,P0175,ST099,Online,1.0,15740.0,,Credit/Debit Card,Completed,1.0
468,O004063,2025-03-19 09:56:00,C00633,P0160,ST013,In-Store,,52970.0,,AIRTEL MONEY,Completed,0.0
469,O005103,2025-07-06 18:20:00,C01215,P0063,ST019,In-Store,1.0,1440.0,0.0,M-Pesa,Completed,0.0
470,O005151,2025-07-12 14:07:00,C00287,P0025,ST099,Online,1.0,53630.0,0.0,M-Pesa,Returned,2.0
471,O002855,2024-11-21 18:07:00,C01192,P0191,ST002,In-Store,2.0,20900.0,0.0,mpesa,Completed,0.0
472,O001513,2024-07-06 15:57:00,C01275,P0175,ST024,In-Store,1.0,15740.0,0.0,Mpesa,Completed,0.0
473,O001923,20/08/2024,C00588,P0024,ST024,In-Store,1.0,85100.0,0.0,M-Pesa,Returned,0.0
474,O003949,2025-03-05 17:21:00,C01262,P0062,ST017,In-Store,1.0,20210.0,0.0,Card,complete,0.0
475,O004050,2025-03-17 17:19:00,C00431,P0022,ST008,In-Store,3.0,63380.0,0.0,Mpesa,Completed,0.0
476,O001581,2024-07-14 16:23:00,C00262,P0032,ST019,In-Store,3.0,112270.0,0.05,Credit/Debit Card,Completed,0.0
477,O003711,2025-02-02 09:55:00,C00662,P0159,ST015 ,In-Store,1.0,14960.0,0.2,Airtel Money,Completed,0.0
478,O002768,2024-11-13 16:12:00,C00102,P0024,ST021,In-Store,2.0,85100.0,0.0,Mpesa,Completed,0.0
479,O000889,2024-04-21 19:30:00,C00198,P0060,ST099,Online,2.0,20160.0,0.0,M-Pesa,Completed,2.0
480,O004328,16/04/2025,C00410,P0060,ST024,In-Store,1.0,20160.0,0.0,Cash,Completed,0.0
481,O003256,2024-12-19 14:04:00,C00443,P0060,ST023,In-Store,2.0,20160.0,0.0,Cash,Completed,0.0
482,O002672,2024-11-06 15:26:00,C01314,P0035,ST023,In-Store,1.0,30040.0,0.2,Mpesa,Returned,0.0
483,O000317,2024-02-11 12:21:00,C00253,P0066,ST003,In-Store,2.0,1630.0,0.0,cash ,Completed,0.0
484,O000331,2024-02-13 16:43:00,C00552,P0013,ST021,In-Store,1.0,30190.0,0.0,Credit/Debit Card,Completed,0.0
485,O004161,2025-03-29 17:48:00,C00801,P0084,ST012,In-Store,2.0,17830.0,0.0,m-pesa,Completed,0.0
486,O001006,2024-05-06 20:05:00,C01050,P0010,ST003,In-Store,1.0,127120.0,0.0,Airtel Money,Completed,0.0
487,O004887,2025-06-13 13:16:00,C00952,P0156,ST099,Online,4.0,30350.0,0.0,M-Pesa,Completed,2.0
488,O001962,25-Aug-2024,C01021,P0198,ST099,Online,1.0,35160.0,0.1,Credit/Debit Card,Completed,3.0
489,O003159,2024-12-14 18:39:00,C00210,P0091,ST021,In-Store,1.0,2270.0,0.0,mpesa,Completed,0.0
490,O005913,2025/09/29,C00349,P0018,ST005,In-Store,,79380.0,0.0,M-PESA,Completed,0.0
491,O005610,2025-08-28 10:39:00,C00325,P0109,ST020,In-Store,1.0,6990.0,0.0,Cash,Completed,0.0
492,O004096,2025-03-22 20:20:00,C01047,P0181,ST099,Online,1.0,23170.0,0.0,M-Pesa,Completed,4.0
493,O003879,2025-02-25 13:11:00,C00259,P0160,ST024,In-Store,1.0,52970.0,0.0,AIRTEL MONEY,Completed,0.0
494,O000989,2024-05-04 09:18:00,C00810,P0062,ST099,Online,1.0,20210.0,0.0,M-Pesa,completed,4.0
495,O005541,2025-08-21 19:59:00,C00903,P0034,ST015,In-Store,1.0,32600.0,0.0,M-Pesa,Completed,0.0
496,O000720,2024-04-02 12:05:00,C00986,P0058,ST099,Online,1.0,17000.0,0.0,M-Pesa,complete,6.0
497,O002067,2024-09-06 09:39:00,C00358,P0020,ST003,In-Store,2.0,10070.0,0.0,cash ,Completed,0.0
498,O006145,2025-10-21 17:22:00,C01188,P0190,ST099,Online,1.0,24360.0,0.0,AIRTEL MONEY,Returned,5.0
499,O000398,2024-02-22 18:19:00,C01214,P0183,ST099,Online,1.0,39320.0,0.0,Airtel Money,Completed,3.0
500,O003981,2025-03-09 14:16:00,C01085,P0084,ST023,In-Store,1.0,17830.0,0.0,M-Pesa,Completed,0.0
501,O002137,2024-09-14 18:36:00,C01338,P0079,ST023,In-Store,1.0,17060.0,0.0,M pesa,completed,0.0
502,O002771,2024-11-14 12:41:00,C00608,P0174,ST022,In-Store,1.0,29840.0,0.0,Airtel Money,Cancelled,0.0
503,O004043,2025-03-17 18:50:00,C00916,P0175,ST008,In-Store,1.0,15740.0,0.0,Airtel Money,Completed,0.0
504,O000314,2024-02-10 12:29:00,C01341,P0178,ST013,In-Store,2.0,31250.0,0.0,Airtel Money,Returned,0.0
505,O004518,2025-05-04 08:23:00,C00790,P0141,ST099,Online,1.0,12880.0,,m-pesa,Completed,2.0
506,O004496,2025-05-03 13:38:00,C00870,P0086,ST099,Online,1.0,19730.0,0.0,M-Pesa,Returned,6.0
507,O005638,2025-08-30 20:08:00,C01233,P0088,ST022,In-Store,1.0,10360.0,0.0,cash ,COMPLETED,0.0
508,O004378,2025-04-20 09:19:00,C00375,P0125,ST099,Online,1.0,5710.0,0.0,Mpesa ,Completed,3.0
509,O006779,2025-12-11 17:30:00,C00801,P0039,ST005,In-Store,1.0,75080.0,0.0,M-Pesa,Completed,0.0
510,O002873,2024-11-23 19:15:00,C00990,P0162,ST001,In-Store,1.0,42760.0,0.0,Bank Transfer,Completed,0.0
511,O005609,2025-08-28 17:13:00,C00971,P0069,ST023,In-Store,1.0,20690.0,0.0,Bank Transfer,Completed,0.0
512,O005570,2025-08-24 17:31:00,C00281,P0165,ST099,Online,1.0,45630.0,0.0,M-Pesa,Completed,1.0
513,O003796,2025-02-15 15:35:00,C00353,P0060,ST099,Online,1.0,20160.0,0.1,Mpesa ,Returned,4.0
514,O002698,2024-11-08 11:30:00,C01236,P0024 ,ST099,Online,1.0,85100.0,0.0,M-Pesa,COMPLETED,2.0
515,O002607,31-Oct-2024,,P0010,ST002,In-Store,,127120.0,0.1,airtel money,Completed,0.0
516,O004196,2025-04-02 11:25:00,C01166,P0016,ST099,Online,1.0,38090.0,0.0,Bank Transfer,Completed,5.0
517,O000502,2024-03-06 11:32:00,C00997,P0025,ST014,In-Store,1.0,53630.0,0.0,Mpesa ,Returned,0.0
518,O005419,2025-08-09 15:02:00,C01001,P0176,ST009,In-Store,1.0,10760.0,0.0,Airtel money,Completed,0.0
519,O003478,2025-01-02 12:38:00,C01262,P0018,ST021,In-Store,1.0,79380.0,0.0,M-Pesa,Completed,0.0
520,O000176,2024-01-22 14:15:00,C01087,P0074,ST099,Online,1.0,1880.0,0.0,Mpesa,Completed,3.0
521,O004595,2025-05-13 15:07:00,C00458,P0104,ST021,In-Store,1.0,3780.0,0.1,debit card,Returned,0.0
522,O003589,2025-01-17 20:38:00,,P0176,ST099,Online,3.0,10760.0,0.0,M-Pesa,Completed,6.0
523,O001215,2024-06-01 20:35:00,C01001,P0086,ST019,In-Store,1.0,,0.0,MPESA ,Completed,0.0
524,O006502,2025-11-22 11:16:00,C00011,P0183,ST099,Online,2.0,39320.0,0.25,Cash,Completed,6.0
525,O006893,2025-12-18 18:07:00,C00140,P0162,ST099,Online,1.0,42760.0,0.05,Cash,COMPLETED,4.0
526,O005579,2025-08-25 11:52:00,C01227,P0119,ST004,In-Store,1.0,10780.0,0.0,M-Pesa,Completed,0.0
527,O002721,2024-11-10 08:03:00,C00466,P0141,ST099,Online,1.0,12880.0,0.0,Credit/Debit Card,Completed,3.0
528,O006431,2025-11-15 19:19:00,C00033,P0194,ST099,Online,1.0,24550.0,0.0,Airtel Money,Completed,4.0
529,O005377,2025-08-05 11:29:00,C01047,P0159,ST021,In-Store,1.0,14960.0,0.1,cash ,Completed,0.0
530,O005987,2025-10-06 13:57:00,C00163,P0161,ST002,In-Store,1.0,49910.0,0.05,Airtel Money,Completed,0.0
531,O002737,2024-11-11 20:40:00,C00501,P0091,ST005,In-Store,1.0,2270.0,0.1,M-Pesa,Completed,0.0
532,O003737,2025-02-06 20:35:00,,P0162,ST017,In-Store,2.0,42760.0,0.0,M-Pesa,Completed,0.0
533,O000363,2024-02-17 14:38:00,C00466,P0175,ST099,Online,1.0,15740.0,0.0,M-Pesa,Completed,2.0
534,O006495,2025-11-20 16:54:00,C01131,P0023,ST099,Online,1.0,122960.0,0.0,M-Pesa,Completed,2.0
535,O004422,2025-04-25 19:47:00,C00288,P0010,ST099,Online,1.0,127120.0,0.0,M-Pesa,Completed,5.0
536,O004611,2025-05-15 20:52:00,C00463,P0187,ST099,Online,1.0,10220.0,0.0,M-Pesa,Completed,2.0
537,O000413,2024-02-23 18:53:00,C00821,P0022,ST023,In-Store,2.0,63380.0,0.0,Credit/Debit Card,Completed,0.0
538,O006193,2025-10-25 20:07:00,C01239,P0056,ST099,Online,1.0,14270.0,0.0,M-Pesa,Returned,2.0
539,O006911,2025-12-19 13:17:00,C00587,P0121,ST016,In-Store,1.0,5670.0,0.05,Credit/Debit Card,Completed,0.0
540,O004231,2025-04-05 13:56:00,C00755,P0009,ST015,In-Store,1.0,119240.0,0.0,Card,cancelled,0.0
541,O003401,2024-12-27 20:53:00,C00344,P0198,ST001,In-Store,2.0,35160.0,0.05,M pesa,Completed,0.0
542,O001110,2024-05-18 14:08:00,C00796,P0060,ST099,Online,1.0,20160.0,0.15,Airtel Money,Cancelled,1.0
543,O000742,2024-04-06 20:22:00,C01107,P0080,ST099,Online,1.0,4980.0,0.0,Cash,Completed,6.0
544,O000146,2024-01-19 18:23:00,C00615,P0126,ST099,Online,1.0,12920.0,0.0,Mpesa,Completed,5.0
545,O001901,2024-08-18 18:20:00,C00617,P0042,ST017,In-Store,1.0,123680.0,0.0,M-Pesa,complete,0.0
546,O003883,2025-02-26 19:51:00,C00119,P0020,ST099,Online,2.0,10070.0,0.0,Credit/Debit Card,Completed,6.0
547,O002551,2024-10-25 12:39:00,C00043,P0009,ST099,Online,1.0,119240.0,,Bank Transfer,Completed,3.0
548,O004248,2025-04-07 15:35:00,C00185,P0004,ST099,Online,1.0,38100.0,0.0,MPESA ,Completed,5.0
549,O002905,2024-11-26 09:49:00,C00660,P0150,ST099,Online,1.0,32640.0,0.0,Airtel-Money,completed,6.0
550,O004563,2025-05-09 13:48:00,C00772,P0135,ST099,Online,1.0,3510.0,0.0,Mpesa,returned,2.0
551,O002099,2024-09-09 20:11:00,C00440,P0039,ST024,In-Store,1.0,75080.0,0.0,CASH,Completed,0.0
552,O004907,2025-06-16 10:00:00,C01059,P0160,ST007,In-Store,1.0,52970.0,0.0,Airtel Money,Completed,0.0
553,O002344,2024-10-06 09:20:00,C01010,P0159,ST099,Online,1.0,14960.0,0.0,M-Pesa,Cancelled,5.0
554,O006339,2025-11-07 20:02:00,C01335,P0135,ST008,In-Store,1.0,3510.0,0.0,Airtel Money,Completed,0.0
555,O000488,2024-03-05 13:03:00,C00591,P0183,ST002,In-Store,1.0,39320.0,0.0,M-Pesa,Completed,0.0
556,O002819,2024-11-18 08:39:00,C00946,P0088,ST011,In-Store,1.0,10360.0,0.0,M-Pesa,Cancelled,0.0
557,O005115,2025-07-08 14:31:00,C00705,P0187,ST099,Online,1.0,10220.0,0.0,MPESA ,Completed,4.0
558,O004284,2025-04-11 18:24:00,C00591,P0057,ST023,In-Store,1.0,2110.0,0.0,Bank Transfer,Completed,0.0
559,O004073,2025-03-20 09:57:00,C00864,P0141,ST010,In-Store,1.0,12880.0,0.0,M-PESA,Cancelled,0.0
560,O006526,2025-11-23 14:36:00,C00529,P0165,ST099,Online,1.0,45630.0,0.05,AIRTEL MONEY,Completed,1.0
561,O006905,2025-12-18 13:04:00,C00426,P0010,ST099,Online,1.0,127120.0,0.0,Mpesa ,Returned,4.0
562,O003221,2024-12-18 17:55:00,C00887,P0196,ST022,In-Store,1.0,20930.0,0.0,MPESA ,Returned,0.0
563,O003583,2025-01-16 17:14:00,C01224,P0183,ST099,Online,2.0,39320.0,0.0,M-Pesa,Completed,1.0
564,O006147,2025-10-22 20:49:00,C00157,P0021,ST018,In-Store,1.0,135600.0,0.0,Cash,Completed,0.0
565,O001382,2024-06-21 19:20:00,C00658,P0108,ST099,Online,2.0,14950.0,0.0,M-Pesa,Completed,5.0
566,O003952,2025-03-06 15:05:00,C00184,P0012,ST009,In-Store,2.0,130340.0,0.0,Credit/Debit Card,Completed,0.0
567,O004404,2025-04-22 16:11:00,C01109,P0173,ST006,In-Store,1.0,19620.0,0.0,Airtel Money,completed,0.0
568,O001179,2024-05-27 17:21:00,C01006,P0112,ST005,In-Store,1.0,9880.0,0.0,M-Pesa,Completed,0.0
569,O001805,2024-08-07 11:09:00,C01292,P0025,ST099 ,Online,1.0,53630.0,0.0,M-Pesa,completed,2.0
570,O007036,2025-12-24 16:12:00,C01321,P0116,ST099,Online,2.0,13190.0,0.0,AIRTEL MONEY,Completed,3.0
571,O001675,2024-07-25 09:37:00,C00023,P0058,ST015,In-Store,1.0,17000.0,0.0,m-pesa,Completed,0.0
572,O003798,2025-02-15 12:11:00,C00230,P0133,ST013,In-Store,1.0,8300.0,0.0,Airtel Money,Completed,0.0
573,O003634,2025-01-23 12:42:00,C00883,P0086,ST019,In-Store,2.0,19730.0,0.25,M-Pesa,Completed,0.0
574,O002738,2024-11-11 14:48:00,C00256,P0063,ST099,Online,1.0,1440.0,0.0,AIRTEL MONEY,Cancelled,2.0
575,O000050,2024-01-06 20:07:00,,P0180,ST099,Online,1.0,18660.0,0.0,Mpesa ,Completed,4.0
576,O002445,2024-10-14 14:27:00,C00364,P0091,ST024,In-Store,2.0,2270.0,0.1,Airtel-Money,Completed,0.0
577,O001975,2024-08-26 16:25:00,C00639,P0067,ST099,Online,1.0,4320.0,0.0,Airtel Money,Completed,4.0
578,O002220,2024-09-22 11:28:00,C00607,P0176,ST006,In-Store,1.0,10760.0,0.0,M-Pesa,Completed,0.0
579,O003444,2024-12-30 14:45:00,C01078 ,P0175,ST017,In-Store,,15740.0,0.0,M-Pesa,Completed,0.0
580,O002910,2024-11-26 12:15:00,C00492,P0019,ST099,Online,1.0,9380.0,0.0,CARD,RETURNED,1.0
581,O005218,2025-07-19 12:28:00,C00678,P0086,ST001,In-Store,1.0,19730.0,0.0,Airtel Money,Completed,0.0
582,O006883,2025-12-17 15:30:00,C01189,P0148,ST008,In-Store,2.0,32090.0,0.0,Cash,Completed,0.0
583,O001119,2024-05-19 09:33:00,C01172,P0092,ST099,Online,1.0,2840.0,0.0,Cash,Completed,6.0
584,O001773,2024-08-03 17:50:00,C01165,P0017,ST018,In-Store,1.0,123410.0,0.0,Cash,Completed,0.0
585,O004775,2025-05-31 18:14:00,C00800,P0151,ST099,Online,1.0,47660.0,0.05,Card,Cancelled,3.0
586,O005423,2025-08-10 13:15:00,C00578,P0012,ST011,In-Store,1.0,130340.0,0.0,credit card,Completed,0.0
587,O002401,2024-10-11 12:21:00,C01256,P0110,ST004,In-Store,1.0,9580.0,0.0,Airtel Money,Completed,0.0
588,O006213,2025-10-27 11:42:00,C01179,P0172,ST099,Online,1.0,38980.0,0.0,MPESA ,Returned,4.0
589,O001083,2024-05-15 12:49:00,C00318,P0160,ST099,Online,1.0,52970.0,0.0,Bank Transfer,Completed,1.0
590,O004982,2025-06-25 16:59:00,C00070,P0004,ST003,In-Store,1.0,38100.0,0.0,M pesa,Cancelled,0.0
591,O003591,2025/01/18,C00062,P0010,ST099,Online,1.0,127120.0,0.0,Cash,returned,3.0
592,O005851,2025-09-23 19:33:00,C00806,P0020,ST019,In-Store,1.0,10070.0,0.0,Cash,complete,0.0
593,O004188,2025-03-31 18:17:00,C00967,P0058,ST099,Online,1.0,17000.0,0.0,Credit/Debit Card,Completed,4.0
594,O003828,2025-02-19 12:49:00,C00333,P0105,ST012,In-Store,1.0,15970.0,0.0,M-Pesa,Completed,0.0
595,O005483,2025-08-15 16:26:00,C00217,P0175,ST021,In-Store,1.0,15740.0,0.0,Airtel-Money,completed,0.0
596,O006975,2025-12-21 19:38:00,C00968,P0063,ST024,In-Store,1.0,1440.0,0.25,Credit/Debit Card,returned,0.0
597,O005152,2025-07-12 13:54:00,C00326,P0116,ST099,Online,1.0,13190.0,0.0,M-Pesa,Completed,5.0
598,O003362,2024-12-24 19:09:00,C01227,P0069,ST099,Online,1.0,20690.0,0.15,Bank Transfer,Completed,1.0
599,O000011,2024-01-03 17:47:00,C00529,P0013,ST021,In-Store,2.0,30190.0,0.05,M-Pesa,Completed,0.0
600,O005830,2025-09-21 20:15:00,C00965,P0161,ST099,Online,3.0,49910.0,0.05,Cash,Completed,2.0
601,O005595,2025-08-27 18:28:00,C01261,P0022,ST014,In-Store,1.0,63380.0,0.0,M-Pesa,Completed,0.0
602,O003098,2024-12-10 17:16:00,C00204,P0070,ST005,In-Store,1.0,18010.0,0.05,M-Pesa,Returned,0.0
603,O001436,2024-06-28 10:11:00,C00571,P0129,ST021,In-Store,2.0,10150.0,0.0,M-Pesa,Completed,0.0
604,O003654,2025-01-25 08:33:00,C01348,P0154,ST099,Online,2.0,14610.0,0.0,Airtel Money,Completed,3.0
605,O003093,2024-12-09 14:37:00,C00422,P0183,ST013,In-Store,1.0,39320.0,0.0,Airtel Money,Completed,0.0
606,O003724,2025-02-04 18:09:00,C00917,P0159,ST099,Online,1.0,14960.0,0.0,M-Pesa,Completed,4.0
607,O006888,17-Dec-2025,C00393,P0057,ST099,Online,2.0,2110.0,0.0,Airtel money,Completed,5.0
608,O000689,2024-03-30 16:42:00,C00380,P0083,ST099,Online,2.0,14200.0,0.0,M-Pesa,Completed,1.0
609,O005017,2025-06-29 12:02:00,C00649,P0060,ST016,In-Store,1.0,20160.0,0.0,M-Pesa,Completed,0.0
610,O004730,2025-05-27 08:24:00,C00228,P0155,ST021,In-Store,2.0,13260.0,0.0,credit card,Completed,0.0
611,O007043,2025-12-24 16:21:00,C00946,P0070,ST016,In-Store,1.0,18010.0,0.15,M pesa,Completed,0.0
612,O005581,2025-08-25 09:57:00,C01210,P0104,ST002,In-Store,1.0,3780.0,0.0,Bank Transfer,Completed,0.0
613,O005784,2025-09-16 13:52:00,,P0062,ST099,Online,2.0,20210.0,0.0,Credit/Debit Card,Completed,3.0
614,O003090,2024-12-09 20:17:00,C00625,P0189,ST099,Online,1.0,32140.0,0.15,Cash,Completed,2.0
615,O003118,2024/12/11,C00836,P0158,ST004,In-Store,1.0,36400.0,0.05,M-Pesa,Completed,0.0
616,O001908,2024-08-19 08:31:00,C00788,P0129,ST099,Online,2.0,10150.0,0.25,Cash,Returned,5.0
617,O002474,2024-10-18 20:58:00,C00298,P0123,ST002,In-Store,1.0,7870.0,0.0,M-Pesa,Completed,0.0
618,O000283,2024-02-05 16:20:00,C00842,P0159,ST099,Online,2.0,14960.0,0.0,credit card,Completed,2.0
619,O007077,2025-12-27 14:22:00,C00533,P0012,ST099,Online,1.0,130340.0,0.15,debit card,Completed,2.0
620,O005885,2025-09-27 17:14:00,C01301,P0159,ST006,In-Store,1.0,14960.0,0.0,AIRTEL MONEY,COMPLETED,0.0
621,O007105,2025-12-28 19:17:00,C00478,P0054,ST024,In-Store,1.0,7300.0,0.0,Mpesa ,Completed,0.0
622,O003517,2025-01-07 12:41:00,C00858,P0096,ST099,Online,1.0,6270.0,0.0,M-Pesa,Completed,6.0
623,O005334,2025-08-01 09:11:00,C01053,P0152,ST021,In-Store,2.0,11580.0,0.0,M-Pesa,Completed,0.0
624,O004889,2025-06-14 09:18:00,C00839,P0013,ST099,Online,1.0,30190.0,0.0,Credit/Debit Card,Completed,5.0
625,O006398,2025-11-12 09:50:00,,P0063,ST099,Online,1.0,1440.0,0.1,Credit/Debit Card,Returned,3.0
626,O000273,2024-02-03 08:46:00,C00054,P0198,ST003,In-Store,1.0,35160.0,0.0,Bank Transfer,Completed,0.0
627,O005590,2025-08-26 13:04:00,C01056,P0160,ST099,Online,1.0,52970.0,0.0,Credit/Debit Card,Completed,4.0
628,O003464,2024-12-31 13:32:00,C00161,P0163,ST014,In-Store,1.0,41210.0,0.05,Bank Transfer,Completed,0.0
629,O003306,2024-12-21 16:39:00,C00241,P0056,ST023,In-Store,1.0,14270.0,0.0,cash,Completed,0.0
630,O000781,2024-04-11 19:23:00,C00242,P0189,ST099,Online,1.0,32140.0,0.0,Mpesa ,Completed,3.0
631,O001132,2024-05-21 16:18:00,C00760,P0056,ST010,In-Store,1.0,14270.0,0.0,M-Pesa,Completed,0.0
632,O007013,2025-12-23 13:25:00,C00755,P0091,ST002,In-Store,1.0,2270.0,0.1,Credit/Debit Card,Returned,0.0
633,O005743,2025-09-11 09:27:00,C00544,P0060,ST001,In-Store,1.0,20160.0,0.0,M-Pesa,Completed,0.0
634,O001248,2024-06-06 17:47:00,C00155,P0146,ST017,In-Store,1.0,29570.0,0.0,m-pesa,Cancelled,0.0
635,O000961,2024-04-30 15:37:00,C01086,P0013,ST002,In-Store,1.0,30190.0,0.0,m-pesa,Returned,0.0
636,O007122,2025-12-30 12:24:00,C00407,P0139,ST016,In-Store,1.0,6700.0,0.0,MPESA ,complete,0.0
637,O004475,2025-04-30 09:16:00,C01321,P0181,ST016,In-Store,1.0,23170.0,0.0,Card,Completed,0.0
638,O001501,2024-07-05 20:13:00,C00687,P0162,ST099,Online,1.0,42760.0,0.2,M-Pesa,Completed,5.0
639,O002513,2024-10-21 16:35:00,C00028,P0060,ST099,Online,,20160.0,0.0,Airtel-Money,Completed,2.0
640,O006134,2025-10-19 16:50:00,C00971,P0028,ST011,In-Store,1.0,6690.0,0.0,Cash,COMPLETED,0.0
641,O007103,2025-12-28 17:50:00,C01019,P0122,ST099,Online,1.0,1050.0,0.0,M-Pesa,COMPLETED,5.0
642,O005662,2025-09-03 16:35:00,C00227,P0096,ST015,In-Store,1.0,6270.0,0.0,airtel money,Completed,0.0
643,O006826,2025-12-15 20:47:00,C00389,P0173,ST018,In-Store,1.0,,0.05,Credit/Debit Card,RETURNED,0.0
644,O005466,2025-08-14 13:16:00,C01036,P0160,ST099,Online,1.0,52970.0,,m-pesa,Returned,1.0
645,O003044,2024-12-07 20:42:00,C00479,P0062,ST006,In-Store,2.0,20210.0,0.0,Cash,Cancelled,0.0
646,O000736,2024-04-05 19:57:00,C00178,P0110,ST023,In-Store,3.0,9580.0,0.0,M-Pesa,Completed,0.0
647,O003400,2024-12-27 20:15:00,C00621,P0013,ST008,In-Store,1.0,30190.0,0.0,M-Pesa,Completed,0.0
648,O003249,2024-12-19 17:45:00,C00111,P0194,ST099,Online,2.0,24550.0,0.15,M-Pesa,Completed,6.0
649,O003820,2025-02-17 08:52:00,C00579,P0061,ST099,Online,1.0,19410.0,0.0,AIRTEL MONEY,complete,6.0
650,O003530,2025-01-09 16:36:00,C00796,P0042,ST014,In-Store,1.0,123680.0,0.0,Bank Transfer,Completed,0.0
651,O005418,2025-08-09 09:56:00,C01283,P0012,ST012,In-Store,1.0,130340.0,0.0,cash,Completed,0.0
652,O006787,2025-12-12 19:30:00,C01100,P0048,ST004,In-Store,1.0,21400.0,0.0,M-Pesa,Returned,0.0
653,O006027,2025-10-09 18:43:00,C00319,P0091,ST022,In-Store,1.0,2270.0,0.0,M-Pesa,Completed,0.0
654,O000107,2024-01-14 15:58:00,C00895,P0062,ST001,In-Store,1.0,20210.0,0.0,Airtel Money,Completed,0.0
655,O000440,2024-02-28 11:57:00,C00808,P0146,ST099,Online,2.0,29570.0,0.0,Bank Transfer,Completed,4.0
656,O006139,2025-10-21 12:55:00,C01070,P0013,ST099,Online,1.0,30190.0,0.0,M pesa,Completed,1.0
657,O001495,2024-07-05 19:24:00,C00116,P0163,ST099,Online,1.0,41210.0,0.0,Bank Transfer,Completed,2.0
658,O003190,2024-12-16 12:47:00,C00114,P0060,ST099,Online,1.0,20160.0,0.0,M-Pesa,Completed,3.0
659,O002942,2024-11-28 11:44:00,C00291,P0012,ST099,Online,1.0,130340.0,0.15,Bank Transfer,Completed,5.0
660,O001606,2024-07-17 20:30:00,C00089,P0060,ST001,In-Store,1.0,20160.0,0.0,M-Pesa,Returned,0.0
661,O004777,2025-05-31 11:06:00,C00390,P0091,ST008,In-Store,1.0,2270.0,0.1,Cash,Completed,0.0
662,O001586,2024-07-15 18:17:00,C00691,P0039 ,ST023,In-Store,2.0,75080.0,0.0,airtel money,Completed,0.0
663,O006161,2025-10-23 08:02:00,C00087,P0066,ST010,In-Store,2.0,1630.0,0.0,M-Pesa,Completed,0.0
664,O005929,2025-10-01 08:57:00,C01286,P0158,ST099,Online,1.0,36400.0,0.0,Card,Completed,3.0
665,O001325,2024-06-15 16:16:00,C00161,P0091,ST011,In-Store,1.0,2270.0,0.0,Airtel Money,Completed,0.0
666,O002186,2024-09-18 12:36:00,C00136,P0068,ST099,Online,2.0,1250.0,0.0,AIRTEL MONEY,Completed,5.0
667,O006594,2025-11-29 10:34:00,C00705,P0125,ST099,Online,1.0,5710.0,0.0,Airtel Money,completed,4.0
668,O001724,29/07/2024,C00744,P0148,ST099,Online,1.0,32090.0,0.0,M-Pesa,Returned,2.0
669,O002654,2024-11-04 14:43:00,C00141,P0039,ST099,Online,1.0,75080.0,0.0,Mpesa,Completed,3.0
670,O006906,2025-12-18 08:51:00,C01297,P0135,ST099,Online,1.0,3510.0,0.0,Airtel Money,Completed,4.0
671,O002050,2024-09-02 20:46:00,C00503,P0074,ST003,In-Store,1.0,1880.0,,CASH,Cancelled,0.0
672,O007055,2025-12-25 18:10:00,C00747,P0104,ST099,Online,1.0,3780.0,0.0,Credit/Debit Card,Cancelled,4.0
673,O003217,2024-12-17 12:37:00,C01004,P0060,ST099,Online,1.0,20160.0,,m-pesa,COMPLETED,2.0
674,O000947,2024-04-28 09:28:00,C00040,P0083,ST099,Online,3.0,14200.0,0.0,M-Pesa,Completed,1.0
675,O005901,2025-09-28 11:34:00,C00911,P0135,ST024,In-Store,1.0,3510.0,0.0,Card,COMPLETED,0.0
676,O005460,2025-08-14 11:14:00,C00199,P0062,ST099,Online,1.0,20210.0,0.05,M-Pesa,Completed,2.0
677,O002577,2024-10-28 14:54:00,C01060,P0040,ST009,In-Store,1.0,126140.0,0.0,mpesa,Completed,0.0
678,O005037,2025-07-01 14:58:00,C00161,P0059,ST023,In-Store,1.0,16280.0,0.0,CARD,Completed,0.0
679,O004528,2025-05-06 11:04:00,C01038,P0146,ST099,Online,1.0,29570.0,0.0,Cash,Completed,4.0
680,O004612,2025-05-16 08:55:00,C01275,P0184,ST099,Online,,20390.0,0.0,CARD,complete,5.0
681,O003579,2025-01-16 10:14:00,C00134,P0135,ST022,In-Store,4.0,3510.0,0.1,m-pesa,complete,0.0
682,O000361,2024-02-17 13:31:00,C01115,P0017,ST014 ,In-Store,2.0,123410.0,0.0,m-pesa,Completed,0.0
683,O004507,2025-05-03 20:55:00,C01283,P0198,ST008,In-Store,2.0,35160.0,0.0,Cash,Completed,0.0
684,O002810,2024-11-17 16:04:00,C01060,P0162,ST024,In-Store,2.0,42760.0,0.0,Cash,COMPLETED,0.0
685,O003488,2025-01-04 10:03:00,C00414,P0017,ST017,In-Store,1.0,123410.0,0.0,M-Pesa,Completed,0.0
686,O006020,2025-10-09 10:55:00,C00572,P0159,ST005,In-Store,3.0,14960.0,0.0,M-Pesa,Completed,0.0
687,O004513,2025-05-04 20:02:00,C00248,P0152,ST023,In-Store,1.0,11580.0,0.0,Cash,Completed,0.0
688,O000834,2024-04-16 11:27:00,C01238,P0060,ST009,In-Store,1.0,20160.0,0.0,Bank Transfer,Completed,0.0
689,O003009,2024-12-04 15:05:00,C00112,P0150,ST020,In-Store,1.0,32640.0,0.0,M-Pesa,complete,0.0
690,O002941,2024-11-28 18:24:00,C00410,P0086,ST099,Online,2.0,19730.0,0.0,m-pesa,Returned,5.0
691,O001156,2024-05-25 11:49:00,,P0120,ST019,In-Store,1.0,10270.0,0.0,Cash,Completed,0.0
692,O000137,2024-01-17 08:48:00,C00216,P0138,ST011,In-Store,1.0,4780.0,0.0,M-Pesa,Completed,0.0
693,O004672,2025-05-22 10:09:00,C00431,P0179,ST011,In-Store,1.0,40350.0,0.0,Card,Completed,0.0
694,O002268,2024-09-27 19:29:00,C00556,P0012,ST099,Online,1.0,130340.0,0.1,Credit/Debit Card,Completed,1.0
695,O000797,2024-04-12 18:34:00,C01087,P0198,ST013,In-Store,1.0,35160.0,0.0,Cash,Completed,0.0
696,O004586,2025-05-12 11:03:00,,P0086,ST009,In-Store,1.0,19730.0,0.15,Cash,Completed,0.0
697,O004240,2025-04-06 13:36:00,C01004,P0184,ST023,In-Store,1.0,20390.0,0.0,Bank Transfer,Completed,0.0
698,O002336,2024-10-05 16:01:00,C00082,P0034,ST023,In-Store,2.0,32600.0,0.0,Credit/Debit Card,Completed,0.0
699,O005876,2025-09-26 18:12:00,C00918,P0004,ST023,In-Store,1.0,38100.0,0.0,Credit/Debit Card,Completed,0.0
700,O004679,2025-05-23 14:32:00,C00181,P0146,ST013,In-Store,1.0,29570.0,0.0,M-Pesa,Completed,0.0
701,O005788,2025-09-16 09:43:00,C00303,P0061,ST016,In-Store,1.0,19410.0,,Airtel Money,Completed,0.0
702,O001309,2024-06-13 20:43:00,C01281,P0181,ST002,In-Store,1.0,23170.0,0.0,airtel money,Completed,0.0
703,O000671,2024-03-27 15:15:00,C00458,P0070,ST099,Online,1.0,18010.0,0.0,Credit/Debit Card,Completed,1.0
704,O005468,2025-08-14 11:04:00,C01344,P0173,ST007,In-Store,1.0,19620.0,0.0,mpesa,Completed,0.0
705,O003013,2024-12-04 14:40:00,C01090,P0160,ST003,In-Store,1.0,52970.0,0.05,Mpesa ,Completed,0.0
706,O000463,2024-03-02 08:08:00,C00414,P0027,ST003,In-Store,2.0,26240.0,0.05,airtel money,COMPLETED,0.0
707,O000302,2024-02-08 20:29:00,C00609,P0120,ST016,In-Store,2.0,10270.0,0.0,Cash,Completed,0.0
708,O001249,2024-06-06 18:39:00,C00781,P0062,ST013,In-Store,1.0,20210.0,0.0,M-Pesa,Completed,0.0
709,O005557,2025-08-23 08:30:00,C00427,P0060,ST099,Online,1.0,20160.0,0.0,Cash,Completed,4.0
710,O004252,2025-04-07 08:49:00,C01050,P0002,ST008,In-Store,1.0,91490.0,0.0,Cash,canceled,0.0
711,O002348,2024-10-06 11:47:00,C00898,P0112,ST015,In-Store,2.0,9880.0,0.0,Credit/Debit Card,Completed,0.0
712,O006135,2025-10-19 13:13:00,C00022,P0062,ST099,Online,2.0,20210.0,0.0,CASH,Completed,5.0
713,O004500,2025-05-03 17:24:00,C00231,P0158,ST009,In-Store,1.0,36400.0,,Mpesa,Cancelled,0.0
714,O003030,2024-12-06 15:13:00,C01093,P0024,ST009,In-Store,1.0,85100.0,0.05,Bank Transfer,Completed,0.0
715,O000026,2024-01-04 14:10:00,C01154,P0039,ST019,In-Store,1.0,75080.0,0.0,cash ,Completed,0.0
716,O003616,2025-01-20 11:41:00,C00668,P0194,ST099,Online,2.0,24550.0,0.0,M-Pesa,Completed,3.0
717,O000892,2024-04-22 11:47:00,C00042,P0194,ST015,In-Store,1.0,24550.0,0.1,M-Pesa,Returned,0.0
718,O004165,2025-03-29 20:27:00,C00615,P0086,ST007,In-Store,1.0,19730.0,,Bank Transfer,completed,0.0
719,O002893,2024-11-25 11:03:00,C00137,P0165,ST024,In-Store,2.0,45630.0,0.0,Credit/Debit Card,Returned,0.0
720,O004436,2025-04-26 11:32:00,C00779,P0024,ST024,In-Store,2.0,85100.0,0.0,Credit/Debit Card,Completed,0.0
721,O005024,2025-06-29 14:28:00,C00217,P0104,ST099,Online,1.0,3780.0,0.1,M-Pesa,Returned,5.0
722,O004333,2025-04-16 09:03:00,C00289,P0079,ST099,Online,1.0,17060.0,,Cash,Completed,2.0
723,O003110,2024-12-10 09:26:00,C01309,P0056,ST004,In-Store,1.0,14270.0,0.0,Airtel Money,Completed,0.0
724,O005087,2025-07-05 14:39:00,C00506,P0060,ST004,In-Store,2.0,20160.0,0.0,M-Pesa,Completed,0.0
725,O000753,2024-04-07 15:53:00,C00608,P0158,ST004,In-Store,1.0,36400.0,,M-Pesa,Completed,0.0
726,O002216,2024-09-22 19:53:00,C00362,P0160,ST013,In-Store,3.0,52970.0,0.0,Mpesa ,COMPLETED,0.0
727,O005414,2025-08-09 11:26:00,C00898,P0175,ST099,Online,1.0,15740.0,0.0,CARD,Completed,4.0
728,O001297,2024-06-12 08:53:00,C00107,P0159,ST099,Online,3.0,14960.0,0.0,Mpesa,Returned,4.0
729,O004516,04/05/2025,C00411,P0139,ST013,In-Store,1.0,6700.0,0.0,credit card,Completed,0.0
730,O006402,2025-11-12 15:12:00,C00006,P0074,ST099,Online,1.0,1880.0,0.0,M pesa,Returned,2.0
731,O004569,2025-05-10 15:07:00,C00839,P0152,ST017,In-Store,1.0,11580.0,0.0,cash ,Cancelled,0.0
732,O003804,2025-02-15 17:15:00,C00279,P0058,ST009,In-Store,1.0,17000.0,,M pesa,Completed,0.0
733,O006745,09/12/2025,C00688,P0051,ST099,Online,2.0,20210.0,0.0,Cash,Completed,3.0
734,O000139,2024-01-17 19:02:00,C00853,P0013,ST099,Online,2.0,30190.0,,M-Pesa,Completed,4.0
735,O005163,2025-07-12 11:05:00,C00596,P0017,ST099,Online,2.0,123410.0,0.0,M-Pesa,Completed,6.0
736,O004264,2025-04-09 15:48:00,C00821,P0194,ST099,Online,1.0,24550.0,0.0,M-Pesa,Completed,2.0
737,O004947,2025-06-21 14:46:00,C00228,P0141,ST011,In-Store,1.0,12880.0,0.0,cash ,Completed,0.0
738,O003936,2025-03-04 16:50:00,C00013,P0174,ST099,Online,1.0,29840.0,0.0,Airtel Money,Completed,6.0
739,O001834,2024-08-11 19:25:00,C00291,P0060,ST099,Online,1.0,20160.0,0.0,M-Pesa,Completed,6.0
740,O005817,2025-09-20 17:06:00,C00847,P0155,ST099,Online,1.0,13260.0,0.0,M-Pesa,completed,4.0
741,O001239,2024-06-05 18:08:00,C00650,P0030,ST003,In-Store,1.0,62130.0,0.0,M-Pesa,Completed,0.0
742,O006291,2025-11-02 10:11:00,C01099,P0133,ST099,Online,1.0,8300.0,0.0,Mpesa,Completed,1.0
743,O003202,2024-12-17 11:45:00,C00032,P0060,ST099,Online,1.0,20160.0,0.1,Credit/Debit Card,cancelled,1.0
744,O005381,2025-08-06 20:05:00,C01170,P0165,ST099,Online,1.0,45630.0,0.0,Credit/Debit Card,Completed,3.0
745,O000724,2024-04-03 18:51:00,C00597,P0160,ST015,In-Store,1.0,52970.0,0.0,CASH,Completed,0.0
746,O004780,2025-06-01 18:45:00,C00465,P0096,ST099,Online,1.0,6270.0,0.0,Mpesa ,Completed,3.0
747,O000025,2024-01-04 10:44:00,C00315,P0160,ST017,In-Store,1.0,52970.0,0.1,M-Pesa,Completed,0.0
748,O006246,2025-10-30 19:24:00,C00485,P0062,ST004,In-Store,2.0,20210.0,0.15,M-Pesa,Completed,0.0
749,O005682,2025-09-05 13:25:00,C00712,P0172,ST099,Online,1.0,38980.0,0.0,Card,Completed,5.0
750,O004736,2025-05-28 12:17:00,,P0082,ST099,Online,1.0,2840.0,,Airtel money,Completed,3.0
751,O006881,2025-12-17 11:19:00,C00364,P0087,ST021,In-Store,1.0,11890.0,,Cash,Completed,0.0
752,O003036,2024-12-06 10:11:00,C01035,P0151,ST008,In-Store,1.0,47660.0,0.05,Card,Completed,0.0
753,O006182,25/10/2025,C01103,P0125,ST099,Online,1.0,5710.0,0.2,Credit/Debit Card,Completed,6.0
754,O000288,2024-02-07 17:13:00,C00626,P0184,ST006,In-Store,2.0,20390.0,0.0,Mpesa,COMPLETED,0.0
755,O002392,2024-10-10 19:46:00,C00889,P0151,ST015,In-Store,2.0,47660.0,0.0,Cash,Completed,0.0
756,O004773,2025-05-31 20:16:00,C00990,P0183,ST099,Online,1.0,39320.0,0.0,Cash,Completed,3.0
757,O002812,2024-11-17 20:12:00,C01087,P0030,ST022,In-Store,1.0,62130.0,0.0,cash,Completed,0.0
758,O000828,2024-04-15 17:37:00,C00948,P0051 ,ST005,In-Store,1.0,20210.0,0.0,M-Pesa,completed,0.0
759,O003876,2025-02-24 18:36:00,C01069,P0160,ST004,In-Store,1.0,52970.0,0.0,MPESA ,Completed,0.0
760,O003073,2024-12-08 15:11:00,C00694,P0196,ST021,In-Store,1.0,20930.0,0.0,M-Pesa,Completed,0.0
761,O006430,2025-11-15 13:26:00,C00793,P0037,ST099,Online,1.0,42380.0,0.0,M-Pesa,Completed,6.0
762,O001049,2024-05-11 14:56:00,C00241,P0027,ST013,In-Store,1.0,26240.0,0.0,M-Pesa,Completed,0.0
763,O003140,2024-12-13 14:39:00,C00301,P0189,ST099,Online,1.0,32140.0,0.1,m-pesa,Completed,1.0
764,O000044,2024-01-06 11:20:00,C00287,P0084,ST021,In-Store,1.0,17830.0,0.0,Credit/Debit Card,Completed,0.0
765,O003989,2025-03-10 17:53:00,C01047,P0126,ST099,Online,1.0,12920.0,0.0,Airtel Money,Completed,5.0
766,O006066,2025-10-12 09:31:00,C00347,P0120,ST099,Online,1.0,10270.0,0.05,credit card,Returned,3.0
767,O002804,2024-11-17 11:28:00,C00897,P0091,ST099,Online,1.0,2270.0,0.0,Airtel Money,COMPLETED,6.0
768,O003663,2025-01-26 16:16:00,C00996,P0160,ST001,In-Store,1.0,52970.0,0.0,Airtel Money,Completed,0.0
769,O005909,2025-09-29 20:30:00,C00267,P0017,ST011,In-Store,1.0,123410.0,0.05,Cash,Completed,0.0
770,O001524,2024-07-07 14:04:00,C00134,P0125 ,ST003,In-Store,1.0,5710.0,0.0,Bank Transfer,Completed,0.0
771,O000271,2024-02-03 14:11:00,C01211,P0159,ST099,Online,1.0,14960.0,0.0,M-Pesa,Completed,1.0
772,O004455,2025-04-27 20:22:00,C00244,P0160,ST099,Online,1.0,52970.0,0.0,Bank Transfer,complete,6.0
773,O003037,2024-12-06 18:17:00,C00469,P0074,ST016,In-Store,1.0,1880.0,0.15,M-Pesa,Completed,0.0
774,O006979,2025-12-22 20:09:00,C00077,P0120,ST004,In-Store,1.0,10270.0,0.0,Credit/Debit Card,Completed,0.0
775,O003176,2024-12-15 10:15:00,C01242,P0013,ST099,Online,2.0,30190.0,0.15,Airtel-Money,Completed,3.0
776,O000896,2024-04-22 20:59:00,,P0160,ST099,Online,1.0,52970.0,0.0,Bank Transfer,Completed,1.0
777,O003272,2024-12-20 20:26:00,C01270,P0251,ST019,In-Store,2.0,49910.0,0.0,Airtel Money,Completed,0.0
778,O005444,2025-08-12 09:08:00,C00852,P0058,ST099,Online,1.0,17000.0,0.0,Airtel-Money,Returned,1.0
779,O006757,2025-12-10 11:30:00,C00662,P0041,ST014,In-Store,1.0,83810.0,0.0,Airtel Money,Completed,0.0
780,O006573,2025-11-27 19:38:00,C00311,P0151,ST023,In-Store,1.0,47660.0,0.0,cash ,Completed,0.0
781,O004550,2025-05-08 19:15:00,C00270,P0122,ST006,In-Store,1.0,1050.0,0.0,M-Pesa,Completed,0.0
782,O004313,2025-04-14 19:38:00,C00123,P0104,ST010,In-Store,1.0,3780.0,0.0,Credit/Debit Card,Completed,0.0
783,O006991,2025-12-22 08:24:00,C00477,P0073,ST099,Online,1.0,21150.0,0.2,Credit/Debit Card,complete,4.0
784,O003999,2025-03-11 11:36:00,C00353,P0160,ST099,Online,1.0,52970.0,0.0,Airtel Money,Completed,2.0
785,O000995,2024-05-05 15:02:00,C00504,P0165,ST099,Online,1.0,45630.0,0.0,cash,Completed,4.0
786,O002265,2024-09-26 18:22:00,C00257,P0027,ST005,In-Store,1.0,26240.0,0.0,M-Pesa,Completed,0.0
787,O004812,2025-06-05 10:25:00,C00023,P0023,ST011,In-Store,1.0,122960.0,0.0,Credit/Debit Card,Completed,0.0
788,O003111,2024-12-10 17:26:00,C00087,P0058,ST018,In-Store,2.0,17000.0,0.1,M-Pesa,Completed,0.0
789,O000281,2024-02-04 17:53:00,C01299,P0096,ST002,In-Store,1.0,6270.0,0.0,AIRTEL MONEY,completed,0.0
790,O002595,2024-10-29 20:26:00,,P0062,ST006,In-Store,1.0,20210.0,0.0,M-Pesa,Completed,0.0
791,O003599,2025-01-18 08:08:00,C00522,P0060,ST016,In-Store,1.0,20160.0,0.0,M pesa,Completed,0.0
792,O005932,2025-10-01 13:48:00,C01333,P0022,ST099,Online,2.0,63380.0,0.1,Airtel money,Completed,4.0
793,O003304,2024-12-21 10:45:00,C00975,P0005,ST099,Online,1.0,18960.0,0.15,M-Pesa,Completed,4.0
794,O004451,2025-04-27 08:34:00,C00994,P0062,ST007,In-Store,1.0,20210.0,0.0,M-PESA,Completed,0.0
795,O000381,2024-02-20 17:31:00,C01011,P0020,ST099,Online,1.0,10070.0,0.0,CASH,Completed,1.0
796,O001175,26-May-2024,C00170,P0141,ST013,In-Store,1.0,12880.0,0.0,Cash,Returned,0.0
797,O003002,2024-12-03 19:23:00,C00493,P0160,ST099,Online,2.0,52970.0,0.1,Bank Transfer,Completed,1.0
798,O002263,2024-09-26 14:08:00,C01098,P0020,ST007,In-Store,1.0,10070.0,0.15,Credit/Debit Card,Completed,0.0
799,O005812,2025-09-19 19:57:00,C00134,P0004,ST019 ,In-Store,1.0,38100.0,0.0,M-Pesa,complete,0.0
800,O000467,2024-03-02 12:26:00,C01256,P0148,ST099 ,Online,2.0,32090.0,0.0,cash,Completed,5.0
801,O000794,2024-04-12 18:23:00,C00113,P0083,ST099,Online,1.0,14200.0,0.05,Airtel-Money,Completed,2.0
802,O000182,2024-01-23 11:56:00,C00570,P0103,ST012,In-Store,1.0,15070.0,0.0,M-Pesa,Completed,0.0
803,O006422,2025-11-14 08:38:00,C00196,P0058,ST014,In-Store,2.0,17000.0,0.0,M-Pesa,Cancelled,0.0
804,O000229,2024-01-28 17:02:00,C00873,P0060,ST015,In-Store,1.0,20160.0,,M-Pesa,Completed,0.0
805,O000197,2024-01-25 19:02:00,C00182,P0091,ST099,Online,1.0,2270.0,0.0,mpesa,Completed,4.0
806,O000646,2024-03-24 20:03:00,C00076,P0074,ST014,In-Store,2.0,1880.0,0.0,M-Pesa,Returned,0.0
807,O000217,2024-01-27 16:32:00,C00200,P0051,ST024,In-Store,2.0,20210.0,0.0,Airtel Money,Completed,0.0
808,O005089,2025-07-05 17:15:00,C01237,P0160,ST018,In-Store,,52970.0,0.0,Credit/Debit Card,Returned,0.0
809,O003862,2025-02-23 17:34:00,,P0061,ST014,In-Store,3.0,19410.0,0.0,M-Pesa,Completed,0.0
810,O006651,2025-12-02 18:05:00,C00504,P0023,ST099,Online,2.0,122960.0,0.1,m-pesa,completed,1.0
811,O006323,2025-11-05 09:50:00,C00179,P0060,ST099,Online,1.0,20160.0,0.0,cash ,Completed,2.0
812,O005165,2025-07-13 12:00:00,C00189,P0013,ST099,Online,2.0,30190.0,0.0,M-Pesa,Completed,3.0
813,O000687,2024-03-30 12:48:00,C00974,P0050,ST021,In-Store,2.0,1870.0,0.0,M-Pesa,Completed,0.0
814,O002712,2024-11-09 08:06:00,C00348,P0079,ST009,In-Store,1.0,,0.0,Bank Transfer,Completed,0.0
815,O005306,2025-07-29 09:39:00,C01250,P0160,ST099,Online,1.0,52970.0,,Credit/Debit Card,Completed,4.0
816,O003997,2025-03-11 12:40:00,C00078,P0179,ST099,Online,1.0,40350.0,0.0,M-Pesa,Completed,3.0
817,O004132,2025-03-26 16:07:00,C00636,P0183,ST001,In-Store,2.0,39320.0,0.05,M-PESA,Completed,0.0
818,O006912,2025-12-19 13:41:00,C00083,P0013,ST005,In-Store,2.0,30190.0,0.0,mpesa,Returned,0.0
819,O005031,2025-06-30 18:48:00,C00731,P0017,ST007,In-Store,1.0,123410.0,0.0,M-Pesa,Completed,0.0
820,O004855,2025-06-10 10:03:00,C00410,P0060,ST017,In-Store,1.0,20160.0,0.0,Cash,Cancelled,0.0
821,O005448,2025-08-12 08:53:00,C00673,P0061,ST099,Online,1.0,19410.0,0.0,Credit/Debit Card,Completed,4.0
822,O005964,2025-10-04 17:00:00,C00475,P0160,ST099,Online,2.0,52970.0,0.0,M-Pesa,Completed,6.0
823,O006125,18-Oct-2025,C01344,P0018,ST099,Online,1.0,79380.0,,Credit/Debit Card,Completed,5.0
824,O004333,2025-04-16 09:03:00,C00289,P0079,ST099,Online,1.0,17060.0,,Cash,Completed,2.0
825,O005447,2025-08-12 15:09:00,C00456,P0058,ST011,In-Store,1.0,17000.0,,m-pesa,Completed,0.0
826,O004792,2025-06-02 14:03:00,C00754,P0062,ST006,In-Store,4.0,20210.0,0.0,Bank Transfer,Completed,0.0
827,O006788,2025-12-12 11:47:00,C01083,P0069,ST099,Online,4.0,20690.0,0.0,Credit/Debit Card,Completed,5.0
828,O006716,2025-12-07 13:01:00,,P0040,ST004,In-Store,1.0,126140.0,0.0,M-Pesa,Completed,0.0
829,O006736,2025-12-08 10:48:00,C00164,P0146,ST018,In-Store,2.0,29570.0,0.05,Mpesa,Returned,0.0
830,O003087,2024-12-09 08:12:00,C00230,P0168,ST099,Online,1.0,31350.0,0.0,Bank Transfer,Completed,2.0
831,O004801,2025-06-03 09:38:00,C00758,P0125,ST099,Online,1.0,5710.0,0.0,mpesa,Completed,1.0
832,O003419,2024-12-28 10:48:00,C00821,P0128,ST002,In-Store,1.0,13910.0,0.0,CASH,Completed,0.0
833,O002798,2024-11-16 15:46:00,C01163,P0062,ST099,Online,1.0,20210.0,0.0,airtel money,Completed,4.0
834,O005204,2025-07-18 15:37:00,C01313,P0060,ST007,In-Store,1.0,20160.0,0.0,M-Pesa,Completed,0.0
835,O005049,02/07/2025,C00608,P0155,ST009,In-Store,1.0,13260.0,0.0,Credit/Debit Card,Completed,0.0
836,O000394,2024-02-21 08:52:00,,P0021,ST001,In-Store,1.0,135600.0,0.0,m-pesa,Completed,0.0
837,O003610,2025-01-20 08:32:00,C01276,P0119,ST022,In-Store,2.0,10780.0,0.1,Credit/Debit Card,Completed,0.0
838,O004698,2025-05-24 19:24:00,C00343,P0013,ST099,Online,1.0,30190.0,0.0,Credit/Debit Card,Completed,5.0
839,O003191,2024-12-16 15:26:00,C01156,P0175,ST099,Online,2.0,15740.0,,CASH,Completed,3.0
840,O004202,2025-04-02 11:21:00,C01044,P0183,ST021,In-Store,1.0,39320.0,0.0,Airtel Money,Completed,0.0
841,O001213,2024-06-01 13:21:00,C00380,P0005,ST014,In-Store,2.0,18960.0,0.2,M-Pesa,completed,0.0
842,O002667,2024-11-05 16:23:00,C00850,P0151,ST011,In-Store,2.0,47660.0,0.0,M-Pesa,Completed,0.0
843,O005792,2025-09-16 14:52:00,C00895,P0151,ST099,Online,1.0,47660.0,0.0,Airtel Money,Completed,2.0
844,O006218,2025-10-28 14:04:00,C00158,P0159,ST099,Online,1.0,14960.0,0.1,M-PESA,Completed,3.0
845,O001212,2024-06-01 08:32:00,C00461,P0146,ST099,Online,1.0,29570.0,0.0,M-Pesa,Completed,5.0
846,O006023,2025-10-09 09:27:00,C00481,P0080,ST006,In-Store,1.0,4980.0,0.0,Cash,Completed,0.0
847,O005388,2025-08-06 08:37:00,C00858,P0021,ST099,Online,1.0,135600.0,0.0,M-Pesa,Completed,1.0
848,O003925,2025-03-03 09:42:00,C00633,P0010,ST099,Online,1.0,127120.0,0.0,Bank Transfer,Returned,5.0
849,O000699,2024-03-31 15:35:00,C00080,P0091,ST003,In-Store,1.0,2270.0,0.0,M-Pesa,Completed,0.0
850,O003285,2024-12-21 08:20:00,C00691,P0093,ST099,Online,1.0,15030.0,0.0,M-Pesa,Cancelled,6.0
851,O005014,2025-06-28 11:19:00,C00492,P0039,ST099,Online,1.0,75080.0,0.0,cash ,Cancelled,4.0
852,O004123,2025-03-25 11:51:00,C00558,P0098,ST003,In-Store,1.0,10630.0,0.0,M-Pesa,Cancelled,0.0
853,O000678,2024-03-29 16:45:00,C01052,P0110,ST099,Online,1.0,9580.0,0.05,Cash,Completed,2.0
854,O000053,2024-01-07 08:01:00,C00101,P0189,ST099,Online,1.0,32140.0,0.0,M-Pesa,Returned,2.0
855,O004456,2025-04-28 13:22:00,C00098,P0045,ST018,In-Store,1.0,20960.0,0.0,Mpesa,Completed,0.0
856,O003290,2024-12-21 18:15:00,C00524,P0108,ST099,Online,2.0,14950.0,0.1,Card,Returned,4.0
857,O006452,2025-11-16 13:33:00,C00243,P0069,ST005,In-Store,1.0,20690.0,0.0,Credit/Debit Card,Completed,0.0
858,O006633,2025-12-02 17:20:00,C01156,P0009,ST014,In-Store,1.0,119240.0,0.0,Cash,Completed,0.0
859,O001787,2024-08-04 19:12:00,C01261,P0135,ST003,In-Store,1.0,3510.0,0.0,Credit/Debit Card,Completed,0.0
860,O004375,2025-04-20 13:54:00,C00066,P0151,ST099,Online,2.0,47660.0,0.0,M-Pesa,Completed,4.0
861,O001704,2024-07-27 20:45:00,C01144,P0098,ST011,In-Store,1.0,10630.0,0.0,Airtel Money,Completed,0.0
862,O001337,2024-06-16 19:24:00,C00374,P0194,ST008,In-Store,1.0,24550.0,0.0,M pesa,Completed,0.0
863,O001375,21/06/2024,C00839,P0096,ST099,Online,1.0,6270.0,0.0,M-Pesa,Completed,4.0
864,O002523,2024-10-22 16:54:00,C01333,P0183,ST006,In-Store,1.0,39320.0,0.05,M-Pesa,Completed,0.0
865,O006244,2025-10-30 18:27:00,C00635,P0158,ST099,Online,1.0,36400.0,0.1,Cash,Completed,3.0
866,O005767,2025-09-14 15:16:00,C01256,P0125,ST004,In-Store,1.0,5710.0,0.0,M-Pesa,Completed,0.0
867,O003350,2024-12-24 17:53:00,C01168,P0009,ST018,In-Store,1.0,119240.0,0.0,Credit/Debit Card,Returned,0.0
868,,,,,,,,,,,,
869,O002429,2024-10-13 19:01:00,C00922,P0032,ST005,In-Store,1.0,112270.0,0.0,mpesa,Completed,0.0
870,O004203,2025-04-02 11:42:00,C00540,P0160,ST011,In-Store,1.0,52970.0,0.0,m-pesa,Completed,0.0
871,O000104,2024-01-13 18:54:00,C00075,P0024,ST020,In-Store,3.0,85100.0,0.0,Cash,Completed,0.0
872,O002967,2024-12-01 19:24:00,C00478,P0061,ST099,Online,,19410.0,0.0,Airtel Money,Completed,5.0
873,O003262,2024-12-20 10:07:00,C00805,P0030,ST099,Online,1.0,62130.0,0.0,AIRTEL MONEY,completed,4.0
874,O000174,2024-01-22 20:36:00,C00971,P0022,ST099,Online,1.0,63380.0,0.0,AIRTEL MONEY,Completed,5.0
875,O001983,2024/08/28,C00381,P0135,ST010,In-Store,1.0,3510.0,0.0,Cash,Completed,0.0
876,O002485,2024-10-19 13:35:00,C00993,P0056,ST099,Online,1.0,14270.0,0.15,Bank Transfer,Returned,3.0
877,O006478,2025-11-19 12:27:00,C00797,P0013,ST099,Online,1.0,30190.0,0.0,Airtel Money,Returned,6.0
878,O002133,2024-09-13 08:46:00,C00109,P0071,ST012,In-Store,1.0,4850.0,0.0,Airtel Money,Completed,0.0
879,O004318,2025-04-14 19:48:00,C00545,P0016,ST020,In-Store,1.0,38090.0,0.0,cash,Completed,0.0
880,O004020,2025-03-14 08:10:00,C01191,P0013,ST099,Online,1.0,30190.0,0.0,M-Pesa,Completed,1.0
881,O001496,2024-07-05 12:13:00,C00824,P0163,ST003,In-Store,1.0,41210.0,0.0,MPESA ,Completed,0.0
882,O000866,2024-04-19 12:47:00,C01126,P0024,ST099,Online,2.0,85100.0,0.0,M-Pesa,Returned,6.0
883,O001591,2024-07-16 09:41:00,C00548,P0016,ST099,Online,1.0,38090.0,0.0,M-Pesa,Completed,5.0
884,O001075,2024-05-14 20:49:00,C00606,P0040,ST002,In-Store,2.0,126140.0,0.0,M pesa,Completed,0.0
885,O006198,2025-10-26 09:28:00,C00761,P0056,ST099,Online,1.0,14270.0,,M-Pesa,Completed,4.0
886,O003793,2025-02-14 08:36:00,C00455,P0033,ST099,Online,1.0,103260.0,0.15,Airtel Money,Completed,5.0
887,O003369,2024-12-25 10:48:00,C00769,P0028,ST004,In-Store,3.0,66900.0,0.0,Credit/Debit Card,Completed,0.0
888,O003731,2025-02-05 17:20:00,C00425,P0184,ST024,In-Store,1.0,20390.0,0.0,M pesa,Returned,0.0
889,O001492,2024-07-04 11:39:00,C01125,P0086,ST001,In-Store,1.0,19730.0,0.05,M-PESA,Completed,0.0
890,O001813,2024-08-08 08:03:00,C01227,P0110,ST014,In-Store,1.0,9580.0,,Cash,Completed,0.0
891,O005926,2025-09-30 18:55:00,C01126,P0108,ST099,Online,1.0,14950.0,0.25,credit card,Completed,6.0
892,O002836,2024-11-20 17:53:00,C01336,P0174 ,ST099,Online,1.0,29840.0,0.0,M-Pesa,Returned,1.0
893,O000767,2024-04-08 10:32:00,C00778,P0163,ST001,In-Store,1.0,41210.0,0.0,M-Pesa,Cancelled,0.0
894,O004868,2025-06-12 18:16:00,C00087,P0198,ST019,In-Store,3.0,35160.0,,M-Pesa,Completed,0.0
895,O002669,2024-11-05 13:36:00,C01061,P0012,ST099,Online,2.0,130340.0,0.15,m-pesa,Completed,1.0
896,O007027,2025-12-24 09:21:00,C00572,P0146,ST011,In-Store,1.0,29570.0,0.0,Credit/Debit Card,Completed,0.0
897,O003957,2025-03-06 12:36:00,C00520,P0076,ST099,Online,1.0,14080.0,0.05,M-Pesa,Completed,2.0
898,O001424,2024-06-26 11:48:00,C00975,P0060,ST018,In-Store,1.0,20160.0,0.05,Bank Transfer,Completed,0.0
899,O001351,2024-06-17 08:10:00,C00350,P0104,ST024,In-Store,1.0,3780.0,0.0,Credit/Debit Card,Cancelled,0.0
900,O000251,2024-01-31 19:58:00,C00236,P0172,ST007,In-Store,1.0,38980.0,0.0,Cash,Completed,0.0
901,O006872,2025-12-17 15:20:00,C00645,P0187 ,ST012,In-Store,1.0,10220.0,0.0,M-Pesa,Completed,0.0
902,O001837,2024-08-11 09:14:00,C00637,P0012,ST099,Online,1.0,130340.0,0.0,Cash,Returned,4.0
903,O003119,2024-12-11 11:41:00,C00171,P0005,ST099,Online,1.0,18960.0,0.1,M-Pesa,Returned,6.0
904,O003095,2024-12-09 14:59:00,C00412,P0025,ST099,Online,1.0,53630.0,0.0,M pesa,COMPLETED,6.0
905,O002382,2024-10-09 08:53:00,C00885,P0067,ST099,Online,1.0,4320.0,0.05,m-pesa,Completed,3.0
906,O000543,2024-03-11 16:05:00,C00001,P0173,ST009,In-Store,1.0,,0.0,Airtel Money,Completed,0.0
907,O006580,2025-11-28 08:47:00,C00276,P0024,ST021,In-Store,1.0,85100.0,0.05,CASH,Completed,0.0
908,O003745,2025-02-08 18:27:00,C00527,P0037 ,ST099,Online,1.0,42380.0,0.0,M-Pesa,Completed,3.0
909,O003561,2025-01-13 10:33:00,C00429,P0094,ST003,In-Store,1.0,7010.0,0.0,M pesa,Completed,0.0
910,O006472,2025-11-18 08:16:00,C00131,P0081,ST099,Online,1.0,14340.0,0.0,Credit/Debit Card,Completed,2.0
911,O005147,11-Jul-2025,C01036,P0146,ST020,In-Store,1.0,29570.0,0.0,M-Pesa,Completed,0.0
912,O006311,2025-11-04 12:02:00,C00764,P0165,ST024,In-Store,1.0,45630.0,0.0,M-Pesa,Completed,0.0
913,O002482,2024-10-19 15:52:00,C00485,P0083,ST021,In-Store,1.0,14200.0,0.0,cash ,Completed,0.0
914,O005157,2025-07-12 12:58:00,C00351,P0033,ST099,Online,1.0,103260.0,0.0,Airtel money,Completed,4.0
915,O006156,2025-10-22 15:50:00,C01082,P0020,ST099,Online,2.0,10070.0,0.0,Mpesa ,Completed,1.0
916,O005490,2025-08-16 13:26:00,C00153,P0060,ST008,In-Store,1.0,20160.0,0.0,Cash,Completed,0.0
917,O002902,2024-11-26 10:57:00,C00034,P0125,ST015,In-Store,1.0,5710.0,0.0,Credit/Debit Card,Completed,0.0
918,O000017,2024-01-03 15:20:00,C00001,P0165,ST099 ,Online,1.0,45630.0,0.0,M-Pesa,Completed,3.0
919,O003228,18-Dec-2024,C00064,P0111,ST022,In-Store,1.0,3840.0,0.0,Bank Transfer,Completed,0.0
920,O000311,2024-02-10 18:35:00,C01026,P0091,ST020,In-Store,2.0,2270.0,0.2,Mpesa,Completed,0.0
921,O000209,2024-01-26 10:51:00,C00959,P0122,ST001,In-Store,1.0,1050.0,0.0,Cash,Completed,0.0
922,O000837,2024-04-16 11:31:00,C00396,P0178,ST006,In-Store,1.0,31250.0,0.0,cash,Returned,0.0
923,O001364,2024-06-19 11:50:00,C00496,P0129,ST008,In-Store,1.0,10150.0,0.0,Airtel Money,Completed,0.0
924,O000860,2024-04-18 09:13:00,C00077,P0056,ST021,In-Store,3.0,14270.0,0.1,Bank Transfer,Completed,0.0
925,O000851,2024-04-18 13:43:00,C01090,P0112,ST099,Online,1.0,9880.0,0.25,M-Pesa,Completed,1.0
926,O001202,2024-05-31 20:57:00,C00344,P0025,ST006,In-Store,2.0,53630.0,0.0,M-Pesa,completed,0.0
927,O004882,2025-06-13 18:05:00,C00949,P0151,ST004,In-Store,1.0,47660.0,0.0,Bank Transfer,Completed,0.0
928,O005199,2025-07-17 18:17:00,C00701,P0112,ST099,Online,1.0,9880.0,0.0,cash,Completed,6.0
929,O007107,2025-12-29 09:47:00,C01079,P0160,ST008,In-Store,3.0,52970.0,0.0,credit card,Completed,0.0
930,O004322,2025-04-15 17:07:00,C00544,P0178,ST099,Online,1.0,31250.0,0.0,Credit/Debit Card,Completed,5.0
931,O005433,2025-08-11 19:22:00,C00224,P0023,ST022,In-Store,,122960.0,0.0,cash,Completed,0.0
932,O005766,2025-09-14 20:58:00,C00405,P0042,ST099,Online,2.0,123680.0,0.0,cash,Completed,2.0
933,O005000,2025-06-26 15:16:00,C00736,P0175,ST017,In-Store,2.0,15740.0,0.0,Mpesa,Returned,0.0
934,O000717,2024-04-02 19:57:00,C00987,P0096,ST099,Online,1.0,6270.0,0.05,M-Pesa,complete,1.0
935,O002225,2024-09-22 11:20:00,C00040,P0070,ST001,In-Store,2.0,,0.0,Bank Transfer,complete,0.0
936,O006354,2025-11-08 14:40:00,C00936,P0248,ST012,In-Store,1.0,62130.0,0.0,Airtel Money,Completed,0.0
937,O000669,2024-03-27 17:43:00,C00951,P0097,ST003,In-Store,2.0,1930.0,0.0,cash,Completed,0.0
938,O007061,2025-12-25 11:50:00,C01245,P0148,ST024,In-Store,1.0,32090.0,,Cash,Cancelled,0.0
939,O000412,2024-02-23 13:11:00,C01074,P0135,ST003,In-Store,3.0,3510.0,0.0,Credit/Debit Card,completed,0.0
940,O001413,2024-06-25 20:23:00,C00671,P0158,ST022,In-Store,1.0,36400.0,0.0,MPESA ,Completed,0.0
941,O003007,2024-12-03 08:37:00,C00717,P0160,ST007,In-Store,2.0,52970.0,0.0,M-Pesa,Completed,0.0
942,O005724,2025-09-09 15:58:00,C00713,P0135,ST099,Online,1.0,3510.0,0.0,M-Pesa,Completed,4.0
943,O002895,2024-11-25 12:04:00,C00347,P0094,ST009,In-Store,2.0,7010.0,,Mpesa ,completed,0.0
944,O004681,2025-05-23 10:33:00,C00540,P0039,ST009,In-Store,1.0,75080.0,,M-Pesa,Completed,0.0
945,O000756,2024-04-07 16:18:00,C01326,P0001,ST007,In-Store,2.0,85060.0,0.05,Airtel Money,Completed,0.0
946,O001203,2024-05-31 18:18:00,C00484,P0016,ST008,In-Store,1.0,38090.0,0.0,M-Pesa,Completed,0.0
947,O005133,2025-07-09 15:09:00,C01055,P0058,ST001,In-Store,1.0,17000.0,0.0,M-PESA,Completed,0.0
948,O003420,2024-12-28 10:57:00,,P0110,ST099,Online,1.0,9580.0,0.1,M-Pesa,Completed,2.0
949,O006067,2025-10-12 12:50:00,C00684,P0022,ST099,Online,4.0,63380.0,0.0,credit card,Cancelled,6.0
950,O001258,2024-06-08 12:24:00,C00523,P0069,ST019,In-Store,3.0,20690.0,0.0,Bank Transfer,RETURNED,0.0
951,O005335,2025-08-01 13:07:00,C00690,P0107,ST099,Online,1.0,13230.0,0.0,Credit/Debit Card,Returned,6.0
952,O001828,2024-08-11 14:11:00,C01047,P0139,ST010,In-Store,1.0,6700.0,0.0,Mpesa,Completed,0.0
953,O002786,2024-11-16 08:42:00,C00835,P0058,ST023,In-Store,1.0,17000.0,0.0,M-Pesa,Completed,0.0
954,O001996,2024-08-28 16:07:00,C00145,P0132,ST014,In-Store,1.0,2160.0,0.0,Card,Completed,0.0
955,O006809,2025-12-13 12:32:00,C00555,P0155,ST015,In-Store,2.0,13260.0,0.0,M pesa,Completed,0.0
956,O005486,16-Aug-2025,C00157,P0039,ST099,Online,1.0,75080.0,0.0,Cash,complete,3.0
957,O001973,2024-08-26 14:06:00,C00341,P0135,ST008,In-Store,1.0,3510.0,,M-PESA,Completed,0.0
958,O001245,2024-06-06 17:31:00,C00439,P0160,ST099,Online,1.0,52970.0,0.0,Credit/Debit Card,completed,4.0
959,O001887,2024-08-17 16:01:00,C00756,P0110,ST015,In-Store,1.0,9580.0,0.0,CARD,Completed,0.0
960,O005232,2025-07-20 18:57:00,C01174,P0198,ST099,Online,2.0,35160.0,0.0,Mpesa ,Completed,5.0
961,O006990,2025-12-22 12:30:00,C00422,P0172,ST099,Online,1.0,38980.0,0.05,M-Pesa,Completed,4.0
962,O005736,2025-09-10 18:20:00,C00918,P0183,ST013,In-Store,4.0,39320.0,0.0,M-Pesa,Completed,0.0
963,O006030,2025-10-10 09:18:00,C00766,P0012,ST022,In-Store,1.0,130340.0,0.0,M-Pesa,Completed,0.0
964,O003112,2024-12-11 14:36:00,C00618,P0135,ST016,In-Store,3.0,3510.0,0.0,Cash,Completed,0.0
965,O002540,2024-10-24 17:28:00,C01021,P0056,ST099,Online,1.0,14270.0,0.0,M-Pesa,completed,2.0
966,O001637,2024-07-20 08:41:00,C00117,P0039,ST024,In-Store,1.0,75080.0,0.0,M-Pesa,COMPLETED,0.0
967,O005705,2025-09-07 08:34:00,C00813,P0188,ST002,In-Store,2.0,10310.0,,CARD,Completed,0.0
968,O005415,2025-08-09 20:09:00,C01288,P0025,ST099,Online,3.0,,0.0,M-Pesa,Completed,6.0
969,O003671,2025-01-27 13:29:00,C00172,P0175,ST024,In-Store,3.0,15740.0,0.0,CASH,Completed,0.0
970,O001587,2024-07-15 10:22:00,C00070,P0155,ST099,Online,3.0,13260.0,0.0,MPESA ,Returned,2.0
971,O004715,2025-05-26 10:27:00,,P0013,ST015,In-Store,1.0,30190.0,0.0,Credit/Debit Card,Returned,0.0
972,O004620,2025-05-17 11:07:00,C00914,P0036,ST099,Online,1.0,82830.0,0.1,cash ,Returned,4.0
973,O002384,2024-10-09 14:12:00,C00965,P0060,ST010,In-Store,1.0,20160.0,0.0,Mpesa,Completed,0.0
974,O004920,2025-06-17 08:22:00,C00146 ,P0189,ST023,In-Store,1.0,32140.0,0.0,M-Pesa,Completed,0.0
975,O003575,2025-01-15 08:42:00,,P0070,ST013,In-Store,1.0,18010.0,0.0,M-Pesa,Completed,0.0
976,O006700,2025-12-06 17:41:00,C00166,P0183,ST024,In-Store,2.0,39320.0,0.1,M-Pesa,Completed,0.0
977,O004597,2025-05-13 12:46:00,C00108 ,P0059,ST004,In-Store,1.0,16280.0,0.0,M-Pesa,Completed,0.0
978,O001226,2024-06-02 16:32:00,C00149,P0071,ST005,In-Store,1.0,4850.0,0.0,M pesa,Completed,0.0
979,O001094,2024-05-17 18:59:00,C00106,P0056,ST007,In-Store,1.0,14270.0,0.0,Bank Transfer,completed,0.0
980,O003453,2024-12-30 19:05:00,C00902,P0183,ST010,In-Store,1.0,39320.0,0.0,Airtel Money,Completed,0.0
981,O004758,2025-05-30 13:32:00,C00178,P0160,ST099,Online,1.0,52970.0,0.0,Cash,Completed,1.0
982,O005287,2025-07-27 11:46:00,C01148,P0074,ST018,In-Store,1.0,1880.0,,Mpesa ,Returned,0.0
983,O006236,2025-10-29 20:20:00,C01106,P0175,ST016,In-Store,1.0,15740.0,0.0,cash,Completed,0.0
984,O002119,2024-09-11 08:55:00,C00067,P0056,ST015,In-Store,1.0,14270.0,0.0,M-Pesa,Completed,0.0
985,O002988,2024-12-02 12:53:00,C00999,P0194,ST099,Online,2.0,24550.0,0.0,M-Pesa,Completed,4.0
986,O003567,2025/01/14,C01284,P0151,ST007,In-Store,1.0,47660.0,0.0,M-Pesa,Completed,0.0
987,O004589,2025-05-12 15:48:00,C00190,P0172,ST099,Online,1.0,38980.0,0.0,M-PESA,Completed,1.0
988,O003864,2025-02-23 16:52:00,C00207,P0082,ST099,Online,3.0,2840.0,0.0,M-PESA,Completed,6.0
989,O005290,2025-07-28 13:55:00,C00097,P0135,ST009,In-Store,1.0,3510.0,,credit card,Completed,0.0
990,O004040,2025-03-16 11:34:00,C00884,P0033,ST014,In-Store,2.0,103260.0,0.0,m-pesa,Completed,0.0
991,O003240,2024-12-18 16:05:00,C00259,P0160,ST099,Online,2.0,52970.0,0.25,M-Pesa,Completed,2.0
992,O007050,2025-12-25 16:05:00,C01015,P0156,ST099,Online,1.0,30350.0,0.05,M-Pesa,Completed,1.0
993,O001959,2024-08-24 12:35:00,C01017,P0152,ST099,Online,2.0,11580.0,0.0,Airtel money,Completed,4.0
994,O005283,2025-07-27 13:51:00,C01336,P0071,ST099,Online,1.0,4850.0,0.0,M-Pesa,Completed,3.0
995,O003293,2024-12-21 12:40:00,C00660,P0062,ST022,In-Store,1.0,20210.0,0.2,Credit/Debit Card,returned,0.0
996,O003133,2024-12-13 08:49:00,C00705,P0183,ST013,In-Store,1.0,39320.0,0.1,M pesa,canceled,0.0
997,O004841,2025-06-08 16:23:00,C00763,P0069,ST008,In-Store,1.0,20690.0,0.0,cash ,Completed,0.0
998,O005765,13-Sep-2025,C00865,P0126,ST099,Online,1.0,12920.0,0.0,Airtel Money,Completed,2.0
999,O006512,2025-11-22 15:15:00,C00424,P0148,ST099,Online,4.0,32090.0,0.0,Airtel Money,Completed,4.0
1000,O001042,2024-05-10 16:12:00,C01275,P0161,ST099,Online,1.0,49910.0,0.0,Airtel Money,Completed,2.0
1001,O002800,2024-11-17 18:34:00,C00623,P0160,ST012,In-Store,1.0,52970.0,0.0,Credit/Debit Card,Completed,0.0
1002,O004905,2025-06-16 09:38:00,C00897,P0155,ST099,Online,1.0,13260.0,0.1,AIRTEL MONEY,Completed,6.0
1003,O006016,2025-10-09 20:45:00,,P0174,ST017,In-Store,1.0,29840.0,0.0,Cash,Completed,0.0
1004,O002387,2024-10-09 13:48:00,C00112,P0086,ST021,In-Store,1.0,19730.0,0.0,Card,Completed,0.0
1005,O003349,2024-12-24 16:14:00,C00955,P0150,ST012,In-Store,1.0,32640.0,0.0,Mpesa,Completed,0.0
1006,O001999,2024-08-29 11:54:00,C01240,P0146,ST005,In-Store,1.0,29570.0,0.0,Airtel Money,Completed,0.0
1007,O000080,2024-01-11 19:10:00,C00404,P0033,ST099,Online,1.0,103260.0,0.0,M-Pesa,Completed,6.0
1008,O001381,2024-06-21 09:47:00,C01222,P0033,ST013,In-Store,1.0,103260.0,0.0,Airtel Money,Completed,0.0
1009,O000200,2024-01-25 15:25:00,C01097,P0013 ,ST024,In-Store,1.0,30190.0,0.0,M-Pesa,Completed,0.0
1010,O006601,2025-11-29 18:02:00,C00143,P0056,ST099,Online,1.0,14270.0,0.0,Mpesa,Completed,5.0
1011,O000983,2024-05-03 12:29:00,,P0022,ST099,Online,1.0,63380.0,0.0,M-Pesa,Completed,4.0
1012,O002416,2024-10-12 20:38:00,C00820,P0042,ST016,In-Store,1.0,123680.0,0.0,M-Pesa,Completed,0.0
1013,O007069,2025-12-26 14:38:00,C01083,P0176 ,ST099,Online,2.0,10760.0,0.0,M-Pesa,Completed,2.0
1014,O005061,2025-07-03 14:50:00,C00448,P0034,ST007,In-Store,1.0,32600.0,0.0,M-Pesa,Completed,0.0
1015,O006283,2025-11-02 17:28:00,C01271,P0198,ST023,In-Store,1.0,35160.0,,M-Pesa,returned,0.0
1016,O004878,2025-06-12 08:45:00,C00389,P0009,ST099,Online,1.0,119240.0,0.1,debit card,Completed,1.0
1017,O004244,2025-04-07 14:58:00,C01221,P0032,ST012,In-Store,3.0,112270.0,0.0,debit card,Returned,0.0
1018,O003335,2024-12-22 17:43:00,C00267,P0088,ST099 ,Online,1.0,10360.0,0.0,M-Pesa,COMPLETED,5.0
1019,O002364,2024-10-07 08:22:00,C00481,P0096,ST018,In-Store,1.0,6270.0,0.0,M-Pesa,Completed,0.0
1020,O004774,2025-05-31 18:02:00,C00032,P0024,ST099,Online,1.0,85100.0,0.0,Cash,Completed,5.0
1021,O002157,2024-09-15 18:15:00,C01175,P0181,ST017,In-Store,1.0,23170.0,0.0,Bank Transfer,Completed,0.0
1022,O004298,2025-04-13 09:09:00,C00808,P0056,ST099,Online,1.0,14270.0,0.0,M-Pesa,COMPLETED,1.0
1023,O004384,2025-04-21 18:53:00,C01192,P0004,ST001,In-Store,1.0,38100.0,0.2,CASH,Completed,0.0
1024,O001625,2024-07-19 19:15:00,C00785,P0016,ST099,Online,1.0,38090.0,0.0,cash,Completed,1.0
1025,O000783,2024-04-11 13:29:00,C01182,P0116,ST009,In-Store,1.0,13190.0,0.0,debit card,Completed,0.0
1026,O000213,2024-01-26 12:33:00,C00877,P0012 ,ST099,Online,1.0,130340.0,0.0,Airtel Money,Completed,1.0
1027,O001169,2024-05-26 18:29:00,C00948,P0148,ST015,In-Store,1.0,32090.0,0.0,Credit/Debit Card,Returned,0.0
1028,O004662,2025-05-21 11:27:00,C00974,P0174,ST099,Online,1.0,29840.0,0.0,M-PESA,Completed,5.0
1029,O005277,2025-07-26 15:30:00,C00750,P0096,ST005,In-Store,3.0,6270.0,,M-Pesa,Completed,0.0
1030,O000326,2024-02-13 16:10:00,C00019,P0139,ST019 ,In-Store,2.0,6700.0,0.0,airtel money,Cancelled,0.0
1031,O005566,2025-08-24 08:54:00,C00077,P0013,ST010,In-Store,1.0,30190.0,0.0,M-Pesa,Completed,0.0
1032,O005523,2025-08-19 15:34:00,C01233,P0008,ST002,In-Store,2.0,94740.0,0.0,M-Pesa,Completed,0.0
1033,O002907,2024-11-26 20:11:00,C00197,P0068 ,ST004,In-Store,1.0,1250.0,0.0,cash ,completed,0.0
1034,O000243,2024-01-29 15:53:00,C00862,P0080,ST099,Online,1.0,4980.0,0.0,Mpesa,Returned,4.0
1035,O003961,2025-03-07 11:50:00,C00302,P0158,ST099,Online,2.0,36400.0,0.0,M-Pesa,Completed,2.0
1036,O002420,2024-10-12 14:54:00,C01143,P0069,ST099,Online,1.0,20690.0,0.0,Credit/Debit Card,Completed,5.0
1037,O006812,2025-12-14 18:20:00,C00212,P0073,ST099,Online,1.0,21150.0,0.0,Airtel Money,Completed,2.0
1038,O004397,2025-04-22 16:48:00,C00507,P0056,ST099,Online,1.0,14270.0,0.0,Credit/Debit Card,Completed,5.0
1039,O006558,2025-11-26 20:17:00,C00709,P0009,ST001,In-Store,1.0,119240.0,0.0,M-Pesa,Completed,0.0
1040,O005206,2025-07-18 15:50:00,C01027,P0150,ST024,In-Store,1.0,32640.0,0.0,Mpesa,Completed,0.0
1041,O004619,2025-05-17 16:19:00,C00442,P0080,ST099,Online,2.0,4980.0,0.0,MPESA ,Returned,4.0
1042,O007084,2025-12-27 18:48:00,C00150,P0094,ST017,In-Store,1.0,7010.0,0.0,M-PESA,Completed,0.0
1043,O003247,2024-12-19 15:09:00,C01345,P0188,ST099,Online,1.0,10310.0,0.0,M-Pesa,Returned,2.0
1044,O005717,2025-09-08 08:53:00,C01301,P0129,ST099,Online,1.0,10150.0,0.05,Credit/Debit Card,returned,3.0
1045,O006607,2025-11-30 10:02:00,C00882,P0086,ST018,In-Store,1.0,19730.0,0.0,M-Pesa,Returned,0.0
1046,O006790,2025-12-12 13:33:00,C01220,P0150,ST012,In-Store,3.0,32640.0,0.0,Cash,Completed,0.0
1047,O006910,2025-12-19 14:20:00,C00615,P0160,ST004,In-Store,1.0,52970.0,0.0,Airtel Money,Completed,0.0
1048,O001700,2024-07-27 08:49:00,C01087,P0094,ST099,Online,1.0,7010.0,0.0,M-Pesa,Completed,5.0
1049,O006153,2025-10-22 10:23:00,C00971,P0154,ST099,Online,1.0,14610.0,0.15,MPESA ,COMPLETED,6.0
1050,O002909,2024-11-26 12:15:00,C01098,P0198,ST002,In-Store,2.0,35160.0,0.0,M-Pesa,Completed,0.0
1051,O000852,2024-04-18 08:33:00,C00444,P0083,ST007,In-Store,1.0,14200.0,0.2,M-Pesa,Returned,0.0
1052,O001250,2024-06-06 10:13:00,C01156,P0086,ST010,In-Store,1.0,19730.0,0.0,Cash,Completed,0.0
1053,O006353,2025-11-08 17:11:00,C00975,P0080,ST022,In-Store,2.0,4980.0,0.0,M-Pesa,Returned,0.0
1054,O004743,2025-05-28 15:05:00,C00757,P0174,ST099,Online,1.0,29840.0,0.05,Bank Transfer,Completed,5.0
1055,O000084,2024-01-11 19:17:00,C01347,P0160,ST099,Online,1.0,52970.0,0.1,Card,Completed,2.0
1056,O002734,2024-11-11 14:35:00,C01165,P0056,ST099,Online,1.0,14270.0,0.25,Credit/Debit Card,Completed,5.0
1057,O002566,2024-10-27 10:15:00,C00831,P0013,ST099,Online,1.0,30190.0,0.15,Bank Transfer,Completed,1.0
1058,O004377,2025-04-20 17:42:00,C00742,P0021,ST003,In-Store,1.0,135600.0,0.25,Credit/Debit Card,Completed,0.0
1059,O003466,2024-12-31 14:20:00,C00402,P0058,ST019,In-Store,1.0,17000.0,0.0,Cash,Completed,0.0
1060,O006483,2025-11-19 11:44:00,C01320,P0091,ST099,Online,1.0,2270.0,0.0,Cash,Completed,3.0
1061,O001243,2024-06-06 08:42:00,C01037,P0160,ST005,In-Store,1.0,52970.0,,M-Pesa,Completed,0.0
1062,O005175,2025-07-14 09:53:00,C00137,P0013,ST099,Online,,30190.0,0.0,Mpesa ,Completed,4.0
1063,O004261,2025-04-09 14:43:00,C00660,P0084,ST022,In-Store,2.0,17830.0,0.0,M-Pesa,Completed,0.0
1064,O005406,08-Aug-2025,C00065,P0060,ST003,In-Store,1.0,20160.0,0.0,Cash,Completed,0.0
1065,O003528,2025-01-08 17:40:00,C00972,P0098,ST007,In-Store,1.0,10630.0,0.0,M-Pesa,Completed,0.0
1066,O006904,2025-12-18 13:18:00,C00402,P0067,ST099,Online,3.0,4320.0,0.0,Cash,Completed,5.0
1067,O005106,2025-07-06 11:51:00,C00454,P0091,ST099,Online,1.0,2270.0,,M-Pesa,Completed,6.0
1068,O002945,2024/11/29,C00430,P0025,ST015,In-Store,1.0,53630.0,0.0,CARD,Completed,0.0
1069,O000405,23/02/2024,C00848,P0061,ST020,In-Store,1.0,19410.0,0.0,Airtel Money,Completed,0.0
1070,O005870,2025-09-26 17:10:00,C00612,P0122,ST099,Online,1.0,1050.0,0.0,Airtel Money,Completed,6.0
1071,O003404,2024-12-27 16:31:00,C00053,P0060,ST012,In-Store,1.0,20160.0,0.0,Cash,completed,0.0
1072,O005236,2025-07-21 09:05:00,C00247,P0072,ST099,Online,1.0,1640.0,0.0,M-Pesa,Completed,2.0
1073,O001342,2024-06-16 11:24:00,C00500,P0135,ST018,In-Store,2.0,3510.0,0.0,Airtel money,Completed,0.0
1074,O004610,2025-05-15 11:00:00,C00608,P0088,ST099,Online,1.0,10360.0,0.0,Cash,Completed,2.0
1075,O005997,2025-10-07 10:01:00,C00636,P0062,ST007,In-Store,1.0,20210.0,0.0,M-Pesa,Completed,0.0
1076,O001060,2024-05-12 19:45:00,C00284,P0030,ST006,In-Store,1.0,62130.0,0.0,M-Pesa,completed,0.0
1077,O002847,2024-11-20 10:52:00,C00604 ,P0135,ST018,In-Store,1.0,3510.0,0.0,M-Pesa,Returned,0.0
1078,O006264,2025-10-31 15:21:00,C01280,P0183,ST015,In-Store,1.0,39320.0,0.0,m-pesa,Completed,0.0
1079,O000967,2024-05-01 15:25:00,C00145,P0051,ST006,In-Store,1.0,20210.0,0.0,M-Pesa,Completed,0.0
1080,O002630,2024-11-02 16:36:00,C00244,P0176,ST005,In-Store,1.0,10760.0,0.0,Credit/Debit Card,Completed,0.0
1081,O006254,2025-10-31 17:44:00,C00119,P0122,ST005,In-Store,1.0,1050.0,0.0,M-Pesa,Completed,0.0
1082,O006595,2025-11-29 10:54:00,C01015,P0041,ST023,In-Store,4.0,83810.0,0.0,cash ,Completed,0.0
1083,O006155,2025-10-22 11:02:00,C01042 ,P0197,ST013,In-Store,1.0,22390.0,0.15,M-Pesa,Completed,0.0
1084,O005799,2025-09-18 11:23:00,C00767,P0194,ST022,In-Store,1.0,24550.0,0.0,M-Pesa,Returned,0.0
1085,O003263,2024-12-20 10:12:00,C00427,P0070,ST099,Online,1.0,18010.0,0.0,Mpesa,Completed,1.0
1086,O006490,2025-11-20 11:55:00,,P0047,ST024,In-Store,1.0,16000.0,0.0,M-Pesa,Completed,0.0
1087,O004245,2025-04-07 13:06:00,C00962,P0013,ST024,In-Store,1.0,30190.0,0.0,M-Pesa,Completed,0.0
1088,O002346,2024-10-06 17:03:00,C01162,P0174,ST016,In-Store,1.0,29840.0,,Airtel-Money,Completed,0.0
1089,O002645,2024-11-03 18:11:00,C00715,P0197,ST099,Online,2.0,22390.0,0.1,Cash,Completed,4.0
1090,O003841,2025-02-20 09:08:00,C01106,P0122,ST099,Online,1.0,1050.0,0.0,M-Pesa,Completed,5.0
1091,O004469,2025-04-29 19:36:00,C01097,P0039,ST010,In-Store,1.0,75080.0,0.0,Airtel-Money,Completed,0.0
1092,O003333,2024-12-22 08:37:00,C01024,P0028,ST099,Online,1.0,6690.0,0.0,M-Pesa,Completed,5.0
1093,O004085,2025-03-21 11:49:00,C00817,P0070,ST015,In-Store,1.0,18010.0,0.0,M-Pesa,Returned,0.0
1094,O002309,2024-10-01 09:12:00,C01236,P0159,ST099,Online,1.0,14960.0,0.0,Cash,Completed,5.0
1095,O000009,2024-01-02 16:36:00,C00809,P0146,ST012,In-Store,3.0,29570.0,,M-Pesa,Completed,0.0
1096,O004039,2025-03-16 19:27:00,C01161,P0060,ST010,In-Store,3.0,20160.0,0.0,M-PESA,Completed,0.0
1097,O004282,2025-04-11 10:46:00,C00263,P0042,ST017,In-Store,1.0,123680.0,0.0,mpesa,Completed,0.0
1098,O006195,2025-10-25 19:59:00,C00355,P0060,ST099,Online,2.0,20160.0,0.0,Bank Transfer,Completed,1.0
1099,O005723,2025-09-09 16:22:00,C00554,P0033,ST001,In-Store,1.0,,0.0,Credit/Debit Card,Completed,0.0
1100,O003215,2024-12-17 10:25:00,C01338,P0091,ST007,In-Store,1.0,2270.0,0.0,mpesa,Completed,0.0
1101,O000681,2024-03-29 12:18:00,C00492,P0135,ST099,Online,1.0,3510.0,0.0,Mpesa,Completed,2.0
1102,O001817,2024-08-09 16:27:00,C00383,P0012,ST003,In-Store,1.0,130340.0,0.0,Cash,complete,0.0
1103,O000476,03/03/2024,C00751,P0020,ST016,In-Store,3.0,10070.0,0.0,Airtel money,Completed,0.0
1104,O005659,2025-09-02 19:38:00,,P0086,ST003,In-Store,1.0,19730.0,0.0,Airtel Money,Completed,0.0
1105,O004654,2025-05-20 17:45:00,C00543,P0173,ST014,In-Store,1.0,19620.0,0.0,Airtel Money,Completed,0.0
1106,O001574,2024-07-13 15:55:00,C00581,P0155,ST003,In-Store,1.0,13260.0,0.0,Credit/Debit Card,Completed,0.0
1107,O003686,2025-01-30 16:45:00,C00403,P0062,ST013,In-Store,1.0,20210.0,0.0,mpesa,Completed,0.0
1108,O003149,2024-12-14 17:13:00,C00184,P0174 ,ST021,In-Store,1.0,29840.0,,M-Pesa,Completed,0.0
1109,O004699,2025-05-24 11:34:00,C00066,P0160,ST007,In-Store,2.0,52970.0,0.0,Credit/Debit Card,Completed,0.0
1110,O003708,2025-02-01 15:00:00,,P0024,ST018,In-Store,1.0,85100.0,0.0,cash,Completed,0.0
1111,O000250,2024-01-31 18:02:00,,P0037,ST021,In-Store,1.0,42380.0,,M-Pesa,Completed,0.0
1112,O003891,2025-02-27 10:35:00,C01211,P0062,ST002,In-Store,1.0,20210.0,0.0,m-pesa,Completed,0.0
1113,O006068,2025-10-12 08:06:00,C01106,P0084,ST007,In-Store,1.0,17830.0,,M-Pesa,Returned,0.0
1114,O003084,2024-12-09 12:28:00,C00340,P0150,ST099,Online,2.0,32640.0,0.0,M-Pesa,Completed,2.0
1115,O000976,2024-05-02 15:06:00,C00347,P0017,ST099,Online,1.0,123410.0,0.0,Cash,Completed,1.0
1116,O000728,2024-04-03 19:36:00,C01265,P0160,ST009,In-Store,1.0,52970.0,0.0,M-Pesa,Completed,0.0
1117,O002411,2024-10-12 11:25:00,C00442,P0131,ST099,Online,1.0,1830.0,0.1,cash ,Completed,1.0
1118,O003837,2025-02-19 10:10:00,C00140,P0184,ST099,Online,1.0,20390.0,0.0,Airtel Money,complete,4.0
1119,O005260,2025-07-24 20:18:00,C01215,P0060,ST020,In-Store,1.0,20160.0,0.0,Cash,Completed,0.0
1120,O006131,19-Oct-2025,C00872,P0039,ST099,Online,1.0,75080.0,0.0,M-Pesa,Completed,5.0
1121,O002327,2024-10-04 13:39:00,C00682,P0021,ST099,Online,1.0,135600.0,0.0,Mpesa ,COMPLETED,2.0
1122,O001627,2024-07-19 16:31:00,C01278,P0104,ST017,In-Store,2.0,3780.0,0.0,M-Pesa,complete,0.0
1123,O000616,2024-03-21 15:01:00,C00671,P0152,ST099,Online,1.0,11580.0,0.05,CARD,completed,2.0
1124,O004346,2025-04-17 16:40:00,C01316,P0060,ST099,Online,1.0,20160.0,0.0,Bank Transfer,Returned,3.0
1125,O006487,2025-11-19 16:07:00,C01222,P0013,ST013,In-Store,1.0,30190.0,0.0,Bank Transfer,Returned,0.0
1126,O004023,2025-03-15 10:42:00,C01125,P0012,ST099,Online,1.0,130340.0,0.0,Cash,Completed,4.0
1127,O005624,2025-08-30 16:49:00,C01111,P0010,ST022,In-Store,1.0,127120.0,0.0,M-Pesa,Completed,0.0
1128,O000731,2024-04-03 09:40:00,C01065,P0036,ST010,In-Store,1.0,82830.0,0.0,m-pesa,Completed,0.0
1129,O000509,2024-03-08 12:46:00,C00369,P0079,ST099,Online,1.0,17060.0,0.0,M-Pesa,Cancelled,5.0
1130,O006227,2025-10-28 09:28:00,C00440,P0165,ST021,In-Store,1.0,45630.0,0.0,M-PESA,Returned,0.0
1131,O006617,2025-11-30 17:42:00,C00817,P0104,ST099,Online,1.0,3780.0,0.05,Card,Completed,2.0
1132,O000844,2024-04-17 17:27:00,C01341,P0104,ST006,In-Store,2.0,3780.0,,MPESA ,Completed,0.0
1133,O001629,2024-07-19 11:42:00,C01288,P0183,ST011,In-Store,1.0,39320.0,0.0,M-Pesa,Completed,0.0
1134,O005462,2025-08-14 10:58:00,C00272,P0060,ST099,Online,1.0,20160.0,0.0,Mpesa ,Completed,1.0
1135,O005454,2025-08-13 16:09:00,C00539,P0030,ST005,In-Store,1.0,62130.0,,M-Pesa,Completed,0.0
1136,O003880,2025/02/25,C00795,P0033,ST006,In-Store,1.0,103260.0,0.0,Airtel Money,Completed,0.0
1137,O000163,2024-01-20 14:16:00,C01066,P0041,ST016,In-Store,1.0,83810.0,0.0,Bank Transfer,Returned,0.0
1138,O001193,2024-05-29 15:59:00,C00733,P0095,ST017,In-Store,1.0,4260.0,0.0,Bank Transfer,Completed,0.0
1139,O004858,2025-06-10 16:08:00,C01155,P0114,ST006,In-Store,1.0,3720.0,0.0,Cash,Completed,0.0
1140,O002026,2024-08-31 20:20:00,C00495,P0060,ST099,Online,1.0,20160.0,0.0,M-PESA,COMPLETED,2.0
1141,O003476,2025-01-02 19:38:00,C00733,P0058,ST024,In-Store,1.0,17000.0,0.0,M-Pesa,Returned,0.0
1142,O001145,2024-05-23 12:10:00,C01192,P0160,ST099,Online,1.0,52970.0,0.0,M-Pesa,Completed,4.0
1143,O006006,2025-10-08 20:22:00,C01273 ,P0111,ST001,In-Store,1.0,3840.0,0.0,Airtel Money,RETURNED,0.0
1144,O003197,2024-12-16 09:48:00,C01060,P0126,ST099,Online,1.0,12920.0,0.1,M-Pesa,Completed,1.0
1145,O006590,2025-11-29 18:20:00,C00239,P0124,ST012,In-Store,1.0,7940.0,0.0,M-Pesa,Completed,0.0
1146,O003113,11/12/2024,,P0036,ST099,Online,1.0,,0.1,M-Pesa,Completed,1.0
1147,O005438,2025-08-11 16:09:00,C00910,P0060,ST003,In-Store,2.0,20160.0,0.0,Credit/Debit Card,Completed,0.0
1148,O003462,31/12/2024,C01103,P0007,ST017,In-Store,1.0,46260.0,0.0,M-Pesa,complete,0.0
1149,O004904,2025-06-15 17:03:00,C00860,P0024,ST099,Online,1.0,85100.0,0.0,M-Pesa,Completed,4.0
1150,O002168,2024-09-16 17:34:00,C00910,P0175,ST024,In-Store,1.0,15740.0,0.0,Bank Transfer,completed,0.0
1151,O004941,2025-06-20 13:00:00,C00491,P0096,ST010,In-Store,1.0,6270.0,0.0,Credit/Debit Card,Completed,0.0
1152,O004241,2025-04-06 18:25:00,C01053,P0135,ST015,In-Store,1.0,3510.0,0.0,Cash,Completed,0.0
1153,O000910,2024-04-24 13:27:00,C00189,P0156,ST099,Online,1.0,30350.0,0.0,CASH,Returned,2.0
1154,O006464,2025-11-17 20:04:00,C00209,P0122,ST099,Online,2.0,1050.0,0.05,MPESA ,Completed,3.0
1155,O002838,2024-11-20 13:19:00,C00079,P0047,ST018,In-Store,1.0,16000.0,0.2,mpesa,Completed,0.0
1156,O003797,2025-02-15 11:26:00,C00254,P0173,ST099,Online,1.0,19620.0,0.0,Cash,Completed,2.0
1157,O001604,2024-07-17 08:07:00,C00819,P0139,ST099,Online,1.0,6700.0,0.0,Mpesa ,Returned,5.0
1158,O005072,2025-07-04 20:15:00,C00831,P0174,ST099,Online,2.0,29840.0,0.0,cash,Completed,4.0
1159,O005917,2025-09-30 11:58:00,C00262,P0110,ST099,Online,2.0,9580.0,0.0,M-Pesa,Completed,1.0
1160,O004761,2025-05-30 18:17:00,,P0131,ST009,In-Store,2.0,1830.0,0.0,Cash,Completed,0.0
1161,O000668,2024-03-27 17:24:00,C00516,P0135,ST001,In-Store,1.0,3510.0,0.05,M pesa,Completed,0.0
1162,O000012,2024-01-03 12:36:00,C00419,P0080,ST099,Online,1.0,4980.0,0.0,M-PESA,Returned,6.0
1163,O000528,2024-03-09 11:32:00,C00396,P0059,ST002,In-Store,1.0,16280.0,0.0,debit card,Completed,0.0
1164,O003618,2025-01-20 19:12:00,C00682,P0110,ST019,In-Store,2.0,9580.0,0.0,m-pesa,Returned,0.0
1165,O006692,2025-12-06 19:37:00,C00743,P0125,ST011,In-Store,2.0,5710.0,0.0,Bank Transfer,Completed,0.0
1166,O004864,2025-06-11 15:56:00,C00733,P0109,ST018,In-Store,2.0,6990.0,0.0,M-Pesa,returned,0.0
1167,O002706,2024-11-09 15:55:00,C00943,P0070,ST099,Online,1.0,,0.0,airtel money,Completed,6.0
1168,O003475,2025-01-02 08:17:00,C00320,P0013,ST021,In-Store,1.0,30190.0,0.0,Credit/Debit Card,Completed,0.0
1169,O006637,2025-12-02 18:46:00,C00896,P0159,ST018,In-Store,2.0,14960.0,0.0,MPESA ,completed,0.0
1170,O000839,2024-04-16 11:17:00,C01240,P0061,ST017,In-Store,1.0,19410.0,0.0,Airtel money,Completed,0.0
1171,O004476,2025-04-30 15:37:00,C01107,P0122,ST020,In-Store,1.0,1050.0,0.0,mpesa,Completed,0.0
1172,O001601,16-Jul-2024,C00335,P0160,ST014,In-Store,2.0,52970.0,0.0,M-Pesa,Cancelled,0.0
1173,O003393,2024-12-26 13:28:00,C01338,P0151,ST001,In-Store,1.0,47660.0,0.0,M-Pesa,Completed,0.0
1174,O006262,2025-10-31 19:19:00,C00169,P0017,ST010,In-Store,1.0,123410.0,0.0,Airtel Money,Returned,0.0
1175,O006022,2025-10-09 15:28:00,C00700,P0079,ST099,Online,1.0,17060.0,0.1,Cash,Completed,5.0
1176,O000611,2024-03-21 15:08:00,C00118,P0013,ST099,Online,1.0,30190.0,0.0,Bank Transfer,completed,1.0
1177,O003531,2025-01-09 17:05:00,C01185,P0119,ST099,Online,1.0,10780.0,0.0,m-pesa,Completed,3.0
1178,O002041,01/09/2024,C00151,P0135,ST024,In-Store,3.0,3510.0,0.0,airtel money,Completed,0.0
1179,O005645,2025-08-31 13:28:00,C01005,P0060,ST016,In-Store,1.0,20160.0,0.0,M pesa,Cancelled,0.0
1180,O001848,2024-08-13 11:12:00,C01341,P0003,ST018,In-Store,2.0,26210.0,,Airtel Money,Completed,0.0
1181,O004999,2025-06-26 19:30:00,C00731,P0171,ST021,In-Store,1.0,48310.0,0.0,MPESA ,Completed,0.0
1182,O006282,2025-11-02 20:52:00,C01208,P0139,ST014,In-Store,1.0,6700.0,0.0,Mpesa ,Completed,0.0
1183,O000324,2024-02-12 12:23:00,C00457,P0058,ST013,In-Store,1.0,17000.0,0.0,M-Pesa,Completed,0.0
1184,O003253,2024-12-19 16:39:00,C00774,P0169,ST011,In-Store,1.0,57960.0,0.05,M-Pesa,Returned,0.0
1185,O006587,2025-11-28 12:09:00,C01130,P0103,ST019,In-Store,1.0,15070.0,0.0,Credit/Debit Card,Completed,0.0
1186,O000328,2024-02-13 17:40:00,C00898,P0160,ST099,Online,2.0,52970.0,0.0,Credit/Debit Card,Completed,3.0
1187,O006667,2025-12-04 15:02:00,C00185,P0189,ST020,In-Store,1.0,32140.0,0.2,M-Pesa,Completed,0.0
1188,O003547,2025-01-12 18:35:00,C01211,P0252,ST099,Online,1.0,52970.0,0.25,Airtel Money,Completed,3.0
1189,O001874,2024-08-16 13:47:00,C01078,P0016,ST024,In-Store,1.0,38090.0,0.0,M-Pesa,Cancelled,0.0
1190,O001420,2024-06-26 17:56:00,C00648,P0139,ST099,Online,1.0,6700.0,0.0,M-Pesa,Completed,3.0
1191,O006845,2025-12-16 08:42:00,C00332,P0176,ST004,In-Store,1.0,10760.0,0.2,M-PESA,Returned,0.0
1192,O003021,2024-12-05 17:07:00,C00155,P0084,ST099,Online,1.0,17830.0,0.0,cash,Completed,1.0
1193,O002140,2024-09-14 19:53:00,C00769,P0196,ST004,In-Store,3.0,20930.0,0.0,M-Pesa,Completed,0.0
1194,O001628,2024-07-19 19:10:00,,P0033,ST018,In-Store,1.0,103260.0,0.0,M-Pesa,Completed,0.0
1195,O004992,2025-06-26 16:17:00,C00797,P0012,ST012,In-Store,1.0,130340.0,0.0,M-Pesa,Completed,0.0
1196,O001189,2024-05-29 14:41:00,C00848,P0139,ST099,Online,1.0,6700.0,0.0,Airtel Money,Completed,5.0
1197,O004049,2025-03-17 14:40:00,C00412,P0071,ST013,In-Store,1.0,4850.0,0.0,m-pesa,completed,0.0
1198,O002916,2024-11-26 17:45:00,C01315,P0173,ST099,Online,1.0,19620.0,0.0,M-Pesa,Completed,6.0
1199,O000180,2024-01-22 20:58:00,C00572,P0159,ST099,Online,1.0,14960.0,0.0,Credit/Debit Card,Completed,4.0
1200,O006021,2025-10-09 11:52:00,C01253 ,P0122,ST099,Online,1.0,1050.0,0.0,Cash,Returned,5.0
1201,O003443,2024-12-30 20:33:00,C01161,P0104,ST003,In-Store,1.0,3780.0,0.0,Mpesa ,Completed,0.0
1202,O003181,2024-12-15 09:08:00,C01069,P0104,ST010,In-Store,1.0,3780.0,0.0,Credit/Debit Card,Completed,0.0
1203,O007099,2025-12-28 10:18:00,C00690,P0179,ST005,In-Store,1.0,40350.0,0.0,Airtel-Money,Returned,0.0
1204,O001677,2024-07-25 16:34:00,C01279,P0160,ST023,In-Store,1.0,52970.0,0.0,M-Pesa,Completed,0.0
1205,O004376,2025-04-20 11:12:00,C00536,P0045,ST009,In-Store,2.0,20960.0,0.0,M-Pesa,Completed,0.0
1206,O000027,2024-01-04 14:32:00,C00949,P0159,ST014,In-Store,1.0,,0.0,M-Pesa,Completed,0.0
1207,O006578,2025-11-28 15:04:00,C00622,P0080,ST024,In-Store,1.0,4980.0,0.0,MPESA ,Cancelled,0.0
1208,O002317,2024-10-03 09:13:00,C00836,P0184,ST099,Online,1.0,20390.0,0.0,MPESA ,Completed,5.0
1209,O002033,2024-08-31 11:55:00,C00712,P0030,ST011,In-Store,1.0,62130.0,0.0,Bank Transfer,Completed,0.0
1210,O004983,2025-06-25 20:11:00,C01113,P0160,ST024,In-Store,1.0,52970.0,0.0,M-Pesa,Completed,0.0
1211,O004873,2025-06-12 20:44:00,C01234,P0160,ST018,In-Store,1.0,52970.0,0.0,Airtel-Money,Completed,0.0
1212,O000595,2024-03-18 12:43:00,C00678,P0196,ST099,Online,2.0,20930.0,0.0,M-Pesa,Completed,6.0
1213,O002861,2024-11-21 10:28:00,C00371,P0023,ST019,In-Store,1.0,122960.0,0.05,m-pesa,Completed,0.0
1214,O001372,2024-06-20 10:11:00,C01188,P0033,ST017,In-Store,1.0,103260.0,0.0,Cash,Completed,0.0
1215,O003196,2024-12-16 10:40:00,C00438,P0060,ST099,Online,1.0,20160.0,0.0,Mpesa ,Completed,2.0
1216,O004784,2025-06-01 16:16:00,C00615,P0024,ST099,Online,1.0,85100.0,0.0,M-Pesa,Returned,1.0
1217,O002286,2024-09-29 11:28:00,C01241,P0065,ST020,In-Store,1.0,4780.0,0.0,AIRTEL MONEY,Completed,0.0
1218,O006954,2025-12-20 20:28:00,C01293,P0024,ST007,In-Store,1.0,85100.0,0.0,M-Pesa,Completed,0.0
1219,O005367,2025-08-04 14:06:00,C01039,P0169,ST014,In-Store,1.0,57960.0,0.0,M pesa,Completed,0.0
1220,O002883,24/11/2024,C00822,P0188,ST099,Online,2.0,10310.0,0.0,M-Pesa,Returned,4.0
1221,O003020,2024-12-05 09:21:00,C00087,P0009,ST006,In-Store,1.0,119240.0,0.05,M-Pesa,Returned,0.0
1222,O001791,2024-08-05 18:05:00,C00326,P0086,ST005,In-Store,1.0,19730.0,0.0,Mpesa ,Completed,0.0
1223,O003447,2024-12-30 15:08:00,C00398,P0056,ST022,In-Store,1.0,14270.0,0.0,Cash,Cancelled,0.0
1224,O001360,2024-06-19 19:32:00,C00503,P0194,ST016,In-Store,1.0,24550.0,0.0,M-Pesa,Completed,0.0
1225,O001386,2024-06-22 18:04:00,C01316,P0077,ST099,Online,1.0,7450.0,0.1,cash,Completed,1.0
1226,O002590,2024-10-29 20:28:00,C01085,P0080,ST009,In-Store,2.0,4980.0,0.1,Card,Completed,0.0
1227,O002325,2024-10-03 08:07:00,,P0008,ST024,In-Store,1.0,94740.0,0.0,M-Pesa,COMPLETED,0.0
1228,O004502,2025-05-03 17:18:00,C00108,P0036,ST009,In-Store,1.0,82830.0,0.0,M-Pesa,Completed,0.0
1229,O004657,2025-05-20 09:41:00,C00182,P0135,ST014,In-Store,2.0,3510.0,0.0,Airtel money,Completed,0.0
1230,O000085,2024-01-11 08:14:00,C01259 ,P0061,ST001,In-Store,1.0,19410.0,0.0,Bank Transfer,complete,0.0
1231,O006162,2025-10-23 14:28:00,C00615,P0096,ST014,In-Store,1.0,6270.0,0.0,M-Pesa,Completed,0.0
1232,O003286,2024-12-21 19:48:00,C01257,P0086,ST024,In-Store,1.0,19730.0,0.0,M-Pesa,Completed,0.0
1233,O005452,2025-08-13 15:38:00,C01346,P0060,ST099,Online,4.0,20160.0,0.0,M-Pesa,Completed,5.0
1234,O003124,2024-12-11 18:38:00,C01261,P0188,ST099,Online,1.0,10310.0,0.0,Airtel Money,Completed,3.0
1235,O002308,2024-10-01 08:44:00,C01155,P0021,ST009,In-Store,2.0,135600.0,0.0,credit card,Completed,0.0
1236,O002385,2024-10-09 19:26:00,C01298,P0140,ST010,In-Store,1.0,13940.0,0.0,Cash,Completed,0.0
1237,O000052,2024-01-06 09:17:00,C00733,P0150,ST014,In-Store,1.0,32640.0,0.0,AIRTEL MONEY,Completed,0.0
1238,O000584,2024-03-17 14:05:00,C00159,P0168,ST099,Online,1.0,31350.0,0.0,Airtel Money,Completed,6.0
1239,O002797,2024-11-16 08:06:00,C00961,P0146,ST017,In-Store,1.0,29570.0,0.1,M-Pesa,Completed,0.0
1240,O005035,2025-07-01 16:13:00,C00103,P0013,ST016,In-Store,1.0,30190.0,0.0,CARD,Completed,0.0
1241,O002588,2024-10-29 17:29:00,C00953,P0161,ST099,Online,1.0,49910.0,0.2,CASH,Completed,1.0
1242,O006670,2025-12-05 14:51:00,C01305,P0152,ST099,Online,1.0,11580.0,0.1,AIRTEL MONEY,Returned,2.0
1243,O000286,2024-02-06 13:51:00,,P0176,ST099,Online,1.0,10760.0,0.0,m-pesa,complete,1.0
1244,O006960,2025-12-21 17:01:00,C00108,P0018,ST099,Online,1.0,79380.0,0.2,Mpesa ,Completed,2.0
1245,O000018,2024-01-03 08:58:00,C00287,P0152,ST003,In-Store,2.0,11580.0,0.0,Credit/Debit Card,Completed,0.0
1246,O002681,2024-11-06 17:27:00,C00381,P0060,ST099,Online,1.0,20160.0,0.0,M-Pesa,complete,3.0
1247,O003655,2025-01-25 16:06:00,C01195,P0023,ST099,Online,1.0,122960.0,0.0,Cash,Completed,6.0
1248,O004829,2025-06-07 13:17:00,C01037,P0061,ST099,Online,1.0,19410.0,0.15,Credit/Debit Card,Returned,1.0
1249,O005519,2025-08-19 13:51:00,C00373,P0060,ST099,Online,1.0,20160.0,0.0,M-Pesa,Completed,5.0
1250,O004772,2025-05-31 14:27:00,C00095,P0151,ST099,Online,2.0,47660.0,0.0,M-Pesa,Completed,4.0
1251,O001708,2024-07-28 13:01:00,C01137,P0013,ST099,Online,1.0,30190.0,0.2,Airtel Money,Completed,4.0
1252,O005775,2025-09-15 18:40:00,C00915,P0021,ST017,In-Store,1.0,135600.0,0.0,Cash,CANCELLED,0.0
1253,O004634,2025-05-18 11:49:00,,P0125,ST023,In-Store,2.0,5710.0,0.05,M-Pesa,Returned,0.0
1254,O006450,2025-11-16 12:05:00,C01052,P0073,ST099,Online,1.0,21150.0,0.0,Card,COMPLETED,3.0
1255,O005046,2025-07-01 17:01:00,C00356,P0131,ST099,Online,1.0,1830.0,,M-Pesa,completed,4.0
1256,O001001,2024-05-05 12:56:00,C00117,P0135,ST009,In-Store,1.0,3510.0,0.0,m-pesa,Completed,0.0
1257,O003192,2024-12-16 09:25:00,C00231,P0168,ST019,In-Store,1.0,31350.0,0.0,M-PESA,Completed,0.0
1258,O000998,2024-05-05 20:07:00,C00769,P0175,ST099,Online,1.0,15740.0,0.0,M-Pesa,Completed,3.0
1259,O004362,2025-04-19 19:23:00,C00364,P0012,ST019,In-Store,-1.0,130340.0,0.0,Cash,Completed,0.0
1260,O005326,2025-07-30 15:35:00,C00005,P0093,ST099,Online,3.0,15030.0,0.0,M-Pesa,Completed,4.0
1261,O001321,2024-06-14 15:59:00,C01298,P0051,ST011,In-Store,1.0,20210.0,0.0,M-Pesa,Cancelled,0.0
1262,O000043,2024-01-06 20:09:00,C00489,P0107,ST003,In-Store,1.0,13230.0,0.0,cash ,Returned,0.0
1263,O006551,2025-11-25 09:02:00,C00416,P0108,ST099,Online,1.0,14950.0,0.0,Airtel Money,Completed,3.0
1264,O000623,2024-03-22 19:37:00,C01298,P0135,ST017,In-Store,2.0,3510.0,0.0,Cash,Completed,0.0
1265,O002383,2024-10-09 14:18:00,,P0023,ST099,Online,1.0,122960.0,0.2,Credit/Debit Card,Completed,5.0
1266,O002742,2024-11-11 15:49:00,C01260,P0156,ST099,Online,1.0,30350.0,0.0,Bank Transfer,Completed,6.0
1267,O000746,2024-04-07 12:27:00,C01067,P0074,ST011,In-Store,1.0,1880.0,0.0,M-Pesa,Completed,0.0
1268,O001722,2024-07-28 14:29:00,C01004,P0161,ST011,In-Store,3.0,49910.0,0.0,airtel money,Completed,0.0
1269,O003051,2024-12-07 11:11:00,C01104,P0058,ST013,In-Store,1.0,17000.0,0.0,M-Pesa,Completed,0.0
1270,O004990,2025-06-25 10:28:00,C00848,P0175 ,ST024,In-Store,1.0,15740.0,0.0,Airtel Money,Completed,0.0
1271,O002609,2024-10-31 09:10:00,C00529,P0198,ST005,In-Store,1.0,35160.0,0.0,M-Pesa,Completed,0.0
1272,O002889,2024-11-25 19:59:00,C00549,P0088,ST020,In-Store,1.0,10360.0,0.0,Credit/Debit Card,Completed,0.0
1273,O003437,2024-12-29 08:13:00,C01258,P0086,ST011,In-Store,1.0,19730.0,0.05,Cash,Completed,0.0
1274,O006786,2025-12-12 11:29:00,C00184,P0039,ST099,Online,1.0,75080.0,0.0,Card,Returned,1.0
1275,O001678,2024-07-25 13:50:00,C00190,P0045,ST099,Online,1.0,20960.0,0.15,M pesa,complete,5.0
1276,O005176,2025-07-14 09:11:00,C00929,P0183,ST099,Online,1.0,39320.0,0.0,Airtel Money,COMPLETED,2.0
1277,O003375,2024-12-25 18:48:00,C00503,P0016,ST019,In-Store,2.0,38090.0,0.0,Credit/Debit Card,Completed,0.0
1278,O004767,2025-05-31 13:18:00,C01244,P0197,ST004,In-Store,4.0,,0.0,M-Pesa,Completed,0.0
1279,O004632,2025-05-18 08:40:00,C00918,P0159,ST099,Online,2.0,14960.0,0.0,M pesa,Completed,2.0
1280,O001456,2024-06-30 13:06:00,,P0060,ST018,In-Store,1.0,20160.0,0.0,M-Pesa,Completed,0.0
1281,O001548,2024-07-10 16:06:00,C01162,P0128,ST020,In-Store,2.0,13910.0,,M-Pesa,completed,0.0
1282,O005814,2025-09-19 20:42:00,C00901,P0188,ST099,Online,1.0,10310.0,0.1,Credit/Debit Card,Completed,5.0
1283,O006278,2025-11-01 19:53:00,C00674,P0092,ST021,In-Store,1.0,2840.0,0.0,CASH,Completed,0.0
1284,O000636,2024-03-23 16:25:00,C01161,P0189,ST021,In-Store,3.0,32140.0,0.0,M-Pesa,Completed,0.0
1285,O000056,2024-01-07 19:30:00,C00769,P0063,ST099,Online,1.0,1440.0,,M-Pesa,Completed,5.0
1286,O001079,2024-05-14 08:20:00,C00285,P0158,ST005,In-Store,1.0,36400.0,0.0,M-Pesa,Completed,0.0
1287,O005998,2025-10-07 18:16:00,C00260,P0042,ST005,In-Store,1.0,123680.0,0.0,Bank Transfer,Completed,0.0
1288,O004232,2025-04-06 17:08:00,C00904,P0088,ST012,In-Store,1.0,10360.0,0.0,M-Pesa,Completed,0.0
1289,O005409,2025-08-09 08:22:00,C00813,P0012,ST022,In-Store,1.0,130340.0,0.0,AIRTEL MONEY,Completed,0.0
1290,O006270,2025-11-01 13:04:00,,P0104,ST099,Online,1.0,3780.0,0.0,M-Pesa,Returned,4.0
1291,O001112,2024-05-18 12:53:00,C00190,P0056,ST099,Online,1.0,14270.0,0.0,Cash,completed,3.0
1292,O004481,2025-04-30 15:40:00,C01234,P0162,ST013,In-Store,1.0,42760.0,0.05,M-Pesa,Completed,0.0
1293,O005100,2025-07-06 11:26:00,C01254,P0160,ST010,In-Store,1.0,52970.0,0.0,M-Pesa,Completed,0.0
1294,O002315,2024-10-02 16:33:00,C01143,P0161,ST006,In-Store,1.0,49910.0,0.0,credit card,Returned,0.0
1295,O004861,2025-06-11 16:53:00,C01243,P0091,ST007,In-Store,1.0,2270.0,0.0,Mpesa ,Completed,0.0
1296,O001633,2024-07-19 18:08:00,C01320,P0062,ST001,In-Store,2.0,20210.0,0.0,M-Pesa,Completed,0.0
1297,O001614,2024-07-17 09:39:00,C00217,P0093,ST099,Online,2.0,15030.0,,MPESA ,Completed,6.0
1298,O002715,2024-11-09 19:13:00,C00109,P0196,ST099,Online,1.0,20930.0,0.0,M-Pesa,Completed,1.0
1299,O001909,2024-08-19 09:13:00,C00666,P0013,ST099,Online,1.0,30190.0,0.0,Cash,Completed,6.0
1300,O000629,2024-03-22 14:46:00,C01324,P0131,ST099,Online,3.0,1830.0,0.0,M-Pesa,Completed,5.0
1301,O003157,2024-12-14 15:39:00,C00749,P0102,ST099,Online,1.0,5210.0,0.0,M-Pesa,Completed,2.0
1302,O001827,2024/08/10,C00068,P0118,ST002,In-Store,1.0,9190.0,0.0,MPESA ,Completed,0.0
1303,O005427,10/08/2025,C00221,P0196,ST010,In-Store,1.0,20930.0,0.0,M-Pesa,Completed,0.0
1304,O001218,2024-06-02 15:13:00,C00718,P0030,ST022,In-Store,2.0,62130.0,0.0,MPESA ,Completed,0.0
1305,O000037,2024-01-05 19:31:00,C01124,P0018,ST099,Online,1.0,79380.0,0.1,Airtel Money,Completed,2.0
1306,O002516,2024-10-21 14:26:00,C00252,P0163,ST019,In-Store,1.0,41210.0,0.1,Bank Transfer,Returned,0.0
1307,O005345,2025-08-02 16:48:00,C00285,P0030,ST099,Online,1.0,62130.0,0.0,Airtel Money,Cancelled,5.0
1308,O001468,2024-07-01 20:54:00,C00152,P0028,ST099,Online,1.0,6690.0,0.0,Airtel money,Completed,1.0
1309,O003227,2024-12-18 13:05:00,C01092,P0146,ST099,Online,1.0,29570.0,0.05,Bank Transfer,Completed,3.0
1310,O005289,2025-07-28 11:35:00,C00509,P0161,ST003,In-Store,3.0,49910.0,0.05,Airtel Money,Completed,0.0
1311,O003770,2025-02-10 20:29:00,C00693,P0160,ST099,Online,1.0,52970.0,0.0,Mpesa ,Completed,3.0
1312,O002006,2024-08-30 11:01:00,C00283,P0096,ST011,In-Store,2.0,6270.0,0.0,M-Pesa,Completed,0.0
1313,O002318,2024-10-03 08:24:00,C01100,P0160,ST020,In-Store,2.0,52970.0,0.0,Cash,Cancelled,0.0
1314,O001688,2024-07-26 16:27:00,C00485,P0160,ST099,Online,1.0,,0.1,Cash,Completed,4.0
1315,O006116,2025-10-18 08:36:00,C00465,P0023,ST099,Online,1.0,122960.0,0.0,Mpesa ,Completed,4.0
1316,O002795,2024-11-16 11:33:00,C00390,P0060,ST023,In-Store,2.0,20160.0,0.0,CASH,Completed,0.0
1317,O001435,2024-06-27 16:44:00,C01204,P0013,ST099,Online,2.0,30190.0,0.0,cash,Returned,6.0
1318,O006958,2025-12-21 16:41:00,C00298,P0110,ST018,In-Store,1.0,9580.0,0.0,M-Pesa,Completed,0.0
1319,O000092,2024-01-12 10:12:00,C00587,P0022,ST099,Online,1.0,63380.0,0.0,cash ,Returned,4.0
1320,O003549,2025-01-12 20:08:00,C00699,P0135,ST008,In-Store,1.0,3510.0,0.0,M-Pesa,Completed,0.0
1321,O002901,2024-11-26 15:21:00,C00070,P0091,ST099,Online,1.0,2270.0,0.2,M-Pesa,Completed,2.0
1322,O004668,2025-05-21 18:57:00,C00861,P0060,ST006,In-Store,1.0,,0.0,M-Pesa,Completed,0.0
1323,O003474,2025-01-02 19:57:00,C00604,P0192,ST099,Online,1.0,34850.0,0.1,cash,Completed,5.0
1324,O000320,2024-02-12 19:24:00,C01041,P0001,ST008,In-Store,1.0,85060.0,0.0,M-Pesa,Completed,0.0
1325,O001349,2024-06-17 12:56:00,C00790,P0024,ST099,Online,1.0,85100.0,0.0,M-Pesa,Completed,2.0
1326,O000870,2024-04-19 19:46:00,C00463,P0058,ST004,In-Store,1.0,17000.0,0.0,M-Pesa,Completed,0.0
1327,O006300,2025-11-03 13:29:00,C00493,P0062,ST007,In-Store,1.0,20210.0,0.0,M-Pesa,Completed,0.0
1328,O001035,2024-05-10 17:43:00,C00203,P0047,ST018,In-Store,1.0,16000.0,0.0,Airtel Money,Completed,0.0
1329,O002542,2024-10-24 19:45:00,C00847,P0158,ST015,In-Store,1.0,36400.0,0.0,Bank Transfer,Completed,0.0
1330,O005815,2025-09-19 13:39:00,C00876,P0139,ST015,In-Store,1.0,6700.0,0.0,m-pesa,Completed,0.0
1331,O005558,2025-08-23 08:45:00,C00827,P0092,ST022,In-Store,3.0,2840.0,0.0,mpesa,Completed,0.0
1332,O003352,2024-12-24 12:54:00,C00296,P0096,ST012,In-Store,1.0,6270.0,0.1,Cash,Completed,0.0
1333,O005983,2025-10-06 16:22:00,C00061,P0183,ST099,Online,2.0,39320.0,0.0,Cash,Completed,3.0
1334,O004615,2025-05-16 19:30:00,C01118,P0151,ST001,In-Store,1.0,47660.0,0.0,M-Pesa,Completed,0.0
1335,O004385,21/04/2025,C00311,P0048,ST001,In-Store,1.0,21400.0,0.05,Airtel Money,COMPLETED,0.0
1336,O002408,2024-10-11 18:25:00,C00667,P0160,ST099,Online,1.0,52970.0,0.0,M-Pesa,Returned,4.0
1337,O006579,2025-11-28 12:10:00,C00544,P0041,ST099,Online,1.0,83810.0,0.0,Bank Transfer,Returned,1.0
1338,O006646,2025-12-02 09:09:00,C00316,P0161,ST016,In-Store,1.0,49910.0,0.0,MPESA ,Completed,0.0
1339,O002178,2024-09-17 08:18:00,C00124,P0165,ST099,Online,1.0,45630.0,,M-Pesa,Returned,1.0
1340,O002247,2024-09-24 14:46:00,C00016,P0024,ST099,Online,2.0,85100.0,0.0,M-Pesa,Completed,5.0
1341,O004093,2025/03/22,C01331,P0062,ST099,Online,1.0,20210.0,,M-Pesa,Returned,2.0
1342,O000225,2024-01-27 13:54:00,C01222,P0060,ST099,Online,1.0,20160.0,0.1,M-PESA,Completed,3.0
1343,O004849,2025-06-09 15:17:00,C00485,P0002,ST024,In-Store,1.0,91490.0,0.0,CASH,Completed,0.0
1344,O006096,2025-10-16 10:14:00,C00646,P0125,ST099,Online,2.0,5710.0,0.05,M-Pesa,Completed,3.0
1345,O004061,2025/03/19,C01301,P0079,ST019,In-Store,1.0,17060.0,0.0,M-Pesa,Completed,0.0
1346,O002036,2024-09-01 15:29:00,C01249,P0171,ST099,Online,1.0,48310.0,0.0,Airtel Money,Completed,3.0
1347,O007092,2025-12-28 11:12:00,C01277,P0060,ST001,In-Store,2.0,20160.0,0.0,M-Pesa,Completed,0.0
1348,O006539,2025-11-24 12:40:00,C00673,P0069,ST099,Online,1.0,20690.0,0.0,M-Pesa,Completed,6.0
1349,O003472,2025-01-01 09:18:00,C00836,P0020,ST004,In-Store,1.0,10070.0,0.0,M-Pesa,Completed,0.0
1350,O003762,2025-02-09 16:24:00,C00141,P0148,ST022,In-Store,2.0,32090.0,0.0,M-Pesa,Returned,0.0
1351,O001940,2024-08-22 08:27:00,C00573,P0175,ST009,In-Store,2.0,15740.0,0.0,Airtel Money,completed,0.0
1352,O001263,2024-06-08 14:20:00,C01216,P0004,ST008,In-Store,1.0,38100.0,0.0,M-Pesa,Completed,0.0
1353,O005684,2025-09-05 14:10:00,C01067,P0079,ST099,Online,2.0,17060.0,0.0,Bank Transfer,Completed,1.0
1354,O006659,2025-12-03 16:32:00,C00354,P0084,ST023,In-Store,1.0,17830.0,0.0,M-Pesa,returned,0.0
1355,O004952,2025-06-21 15:05:00,C00285,P0051,ST099,Online,1.0,20210.0,0.0,M-Pesa,Cancelled,3.0
1356,O003039,2024-12-06 10:30:00,C00938 ,P0091,ST009,In-Store,1.0,2270.0,0.0,M-Pesa,Completed,0.0
1357,O005261,2025-07-24 09:24:00,C00789,P0074,ST099,Online,1.0,1880.0,0.0,Credit/Debit Card,COMPLETED,4.0
1358,O006224,2025-10-28 16:01:00,C00875,P0160,ST023,In-Store,2.0,52970.0,0.0,mpesa,RETURNED,0.0
1359,O002207,2024-09-21 18:15:00,C01137,P0068,ST099,Online,2.0,1250.0,0.0,Mpesa ,Completed,2.0
1360,O002463,2024-10-16 12:07:00,C00645,P0058,ST099,Online,1.0,17000.0,0.15,M-Pesa,Completed,3.0
1361,O000423,2024-02-25 15:17:00,C01106,P0196,ST022,In-Store,1.0,20930.0,0.0,M-Pesa,Completed,0.0
1362,O002452,2024-10-15 18:18:00,C00900,P0150,ST014,In-Store,1.0,32640.0,0.0,M-Pesa,Completed,0.0
1363,O006689,2025-12-06 18:25:00,C00673,P0165,ST007,In-Store,1.0,45630.0,0.0,Mpesa ,Completed,0.0
1364,O003003,2024-12-03 10:55:00,C00890,P0159,ST099,Online,1.0,14960.0,,M-Pesa,Completed,6.0
1365,O005801,2025-09-18 18:32:00,C00680,P0074,ST020,In-Store,1.0,1880.0,0.0,M-Pesa,Completed,0.0
1366,O000744,2024-04-06 19:53:00,C00316,P0173,ST099,Online,1.0,19620.0,0.0,cash ,Completed,4.0
1367,O001915,2024-08-19 12:30:00,C00287,P0091,ST005,In-Store,2.0,2270.0,0.0,Mpesa ,Completed,0.0
1368,O005301,2025-07-29 16:10:00,C00421,P0079,ST020,In-Store,1.0,17060.0,0.0,m-pesa,Completed,0.0
1369,O003899,2025-02-28 09:56:00,C00291,P0060,ST099,Online,1.0,20160.0,0.0,Credit/Debit Card,Completed,6.0
1370,O001200,2024-05-31 16:32:00,C01107,P0086,ST099,Online,1.0,19730.0,0.0,MPESA ,Returned,2.0
1371,O001947,2024-08-23 09:57:00,C01168,P0024,ST009,In-Store,1.0,85100.0,0.0,M-Pesa,complete,0.0
1372,O002627,2024-11-02 08:05:00,C00032,P0110,ST018,In-Store,2.0,9580.0,0.0,Credit/Debit Card,Completed,0.0
1373,O004645,2025-05-19 11:13:00,C00913,P0123,ST099,Online,1.0,7870.0,0.0,M-Pesa,COMPLETED,5.0
1374,O003177,2024-12-15 14:40:00,C00397,P0010,ST007,In-Store,2.0,127120.0,0.1,M-Pesa,Completed,0.0
1375,O003493,2025-01-05 14:32:00,C00319,P0060,ST017,In-Store,1.0,20160.0,0.0,M-Pesa,Completed,0.0
1376,O004300,2025/04/13,C00070,P0174,ST018,In-Store,1.0,29840.0,0.0,CASH,Completed,0.0
1377,O000726,2024-04-03 09:40:00,C00267,P0183,ST099,Online,1.0,39320.0,0.0,Bank Transfer,Returned,2.0
1378,O000951,2024-04-28 12:53:00,C01067,P0058,ST099,Online,1.0,17000.0,0.0,M-Pesa,Completed,4.0
1379,O001955,2024-08-24 08:53:00,C01215,P0125,ST013,In-Store,1.0,5710.0,0.0,Airtel-Money,Completed,0.0
1380,O003728,2025-02-05 16:37:00,C00383,P0198,ST099,Online,1.0,35160.0,0.0,M-Pesa,Completed,1.0
1381,O004339,2025-04-17 18:44:00,C01265,P0012,ST016,In-Store,2.0,130340.0,0.0,credit card,Completed,0.0
1382,O002436,2024-10-13 13:37:00,C00518,P0079,ST023,In-Store,1.0,17060.0,0.0,M-Pesa,Completed,0.0
1383,O004463,2025-04-28 14:27:00,C01304,P0189,ST099,Online,1.0,32140.0,0.0,Cash,Cancelled,6.0
1384,O000068,2024-01-09 17:59:00,C00344,P0093,ST020,In-Store,1.0,15030.0,0.0,M-Pesa,Completed,0.0
1385,O000571,2024-03-16 08:48:00,C00390,P0125,ST018,In-Store,1.0,5710.0,0.0,M-Pesa,Completed,0.0
1386,O003771,2025-02-10 14:12:00,C00176,P0198,ST009,In-Store,1.0,35160.0,0.0,Airtel-Money,Completed,0.0
1387,O003953,2025-03-06 19:37:00,C01301,P0002,ST099,Online,1.0,91490.0,0.0,M-Pesa,Completed,5.0
1388,O001367,2024-06-19 13:07:00,C00778,P0112,ST099,Online,2.0,9880.0,0.0,M-Pesa,completed,1.0
1389,O002141,2024-09-14 12:03:00,C00289,P0060,ST021,In-Store,1.0,20160.0,0.0,cash ,Completed,0.0
1390,O006044,2025-10-11 19:14:00,C00840,P0062,ST009,In-Store,1.0,20210.0,0.0,M-Pesa,Completed,0.0
1391,O003258,2024-12-19 16:14:00,C00934,P0144,ST017,In-Store,2.0,30700.0,0.0,debit card,complete,0.0
1392,O001941,2024-08-22 17:27:00,C00402,P0173,ST020,In-Store,1.0,19620.0,0.05,Airtel Money,Completed,0.0
1393,O003613,2025-01-20 11:13:00,C00749,P0045,ST023,In-Store,1.0,20960.0,0.0,m-pesa,Completed,0.0
1394,O005563,23-Aug-2025,C01025,P0171,ST014,In-Store,1.0,48310.0,0.0,Bank Transfer,Returned,0.0
1395,O000493,2024-03-06 12:37:00,C01224,P0179,ST020,In-Store,1.0,40350.0,0.0,Cash,Completed,0.0
1396,O003533,2025-01-09 11:35:00,C00596,P0104,ST099,Online,1.0,3780.0,0.0,M-Pesa,Completed,2.0
1397,O000262,2024-02-02 08:47:00,C00522,P0062,ST005,In-Store,1.0,20210.0,0.0,M-Pesa,Completed,0.0
1398,O004135,2025-03-26 13:34:00,C00063,P0185,ST017,In-Store,1.0,24250.0,0.0,Cash,Completed,0.0
1399,O003454,2024-12-30 15:16:00,C01201,P0112,ST099,Online,1.0,9880.0,0.0,Cash,Completed,2.0
1400,O006917,2025-12-19 16:18:00,C01229,P0084,ST006,In-Store,1.0,17830.0,0.05,Credit/Debit Card,Cancelled,0.0
1401,O000986,2024-05-04 20:46:00,C01103,P0136,ST015,In-Store,1.0,1510.0,0.0,Cash,complete,0.0
1402,O000441,2024-02-28 18:21:00,C01040,P0135,ST099,Online,1.0,3510.0,,M-Pesa,Completed,1.0
1403,O004768,2025-05-31 12:49:00,C00552,P0058,ST002,In-Store,1.0,17000.0,0.25,M-Pesa,Completed,0.0
1404,O004691,2025-05-24 11:51:00,C00062,P0135,ST019,In-Store,1.0,3510.0,0.0,M-Pesa,Completed,0.0
1405,O004627,2025-05-18 08:56:00,C00876,P0084,ST099,Online,2.0,17830.0,0.0,mpesa,Completed,1.0
1406,O003370,2024/12/25,C00326,P0160,ST019,In-Store,1.0,52970.0,0.0,Cash,complete,0.0
1407,O004045,2025-03-17 16:33:00,C00512,P0118,ST099,Online,2.0,9190.0,0.0,M-Pesa,Completed,3.0
1408,O005685,2025-09-05 15:04:00,C01158,P0183,ST099,Online,1.0,39320.0,0.0,debit card,Completed,2.0
1409,O004215,2025-04-03 19:35:00,C01016,P0129,ST012,In-Store,1.0,10150.0,0.0,Cash,complete,0.0
1410,O000772,2024-04-09 15:39:00,C00295,P0152,ST099,Online,3.0,11580.0,0.0,AIRTEL MONEY,completed,6.0
1411,O002152,2024-09-15 17:58:00,C00982,P0122,ST099,Online,2.0,1050.0,0.0,Cash,Completed,1.0
1412,O005097,2025-07-06 14:50:00,C00999,P0079,ST015,In-Store,1.0,17060.0,0.0,M-Pesa,Completed,0.0
1413,O001024,2024-05-08 18:34:00,C00041,P0197,ST099,Online,1.0,,0.0,M-Pesa,Completed,1.0
1414,O004795,2025-06-03 19:39:00,C00531,P0159,ST001,In-Store,1.0,14960.0,0.0,Bank Transfer,Completed,0.0
1415,O000016,2024-01-03 12:17:00,C01294,P0135,ST024,In-Store,1.0,3510.0,0.0,M-Pesa,complete,0.0
1416,O001665,2024-07-23 10:19:00,C00884,P0146,ST099,Online,4.0,29570.0,0.0,mpesa,Completed,2.0
1417,O003376,2024-12-25 10:46:00,C00357,P0088,ST019,In-Store,1.0,10360.0,,M-Pesa,Completed,0.0
1418,O003016,2024-12-04 09:40:00,C00183,P0010,ST011,In-Store,3.0,127120.0,0.0,Mpesa,Completed,0.0
1419,O004677,2025-05-22 17:26:00,C00500,P0086,ST099,Online,1.0,19730.0,0.0,Cash,Completed,1.0
1420,O001475,2024-07-02 14:36:00,C00888,P0183,ST006,In-Store,1.0,39320.0,0.0,cash ,Completed,0.0
1421,O004482,2025-04-30 09:32:00,C00197,P0146,ST099,Online,1.0,29570.0,0.0,Cash,Completed,5.0
1422,O003471,2025-01-01 15:49:00,C00825,P0183,ST099,Online,1.0,39320.0,0.0,airtel money,Completed,2.0
1423,O000193,2024-01-24 11:13:00,C00724,P0084,ST009,In-Store,1.0,17830.0,0.15,Airtel Money,Completed,0.0
1424,O004353,2025-04-18 19:47:00,C01201,P0048,ST099,Online,1.0,21400.0,,M-Pesa,Completed,4.0
1425,O004607,2025-05-15 11:46:00,C00481,P0034,ST007,In-Store,2.0,32600.0,0.0,M pesa,Completed,0.0
1426,O001883,2024-08-17 10:43:00,C00819,P0171,ST020,In-Store,1.0,48310.0,0.0,Bank Transfer,complete,0.0
1427,O002862,2024-11-22 14:44:00,C01016,P0171,ST099,Online,1.0,48310.0,0.0,M-Pesa,Completed,6.0
1428,O005898,2025-09-27 18:00:00,C01179,P0041,ST099,Online,,83810.0,0.0,Mpesa,Completed,2.0
1429,O003722,2025-02-03 12:34:00,C01204,P0112,ST010,In-Store,1.0,9880.0,0.05,Credit/Debit Card,Completed,0.0
1430,O005968,2025-10-04 13:45:00,C01291,P0165,ST003,In-Store,1.0,45630.0,0.0,Airtel Money,Returned,0.0
1431,O001745,2024-07-31 16:52:00,C00291,P0173,ST099,Online,1.0,19620.0,0.0,M-Pesa,Completed,4.0
1432,O001015,2024-05-07 19:54:00,C00082,P0156,ST006,In-Store,1.0,30350.0,0.0,M-Pesa,Completed,0.0
1433,O004576,2025-05-10 14:58:00,C00644,P0080,ST021,In-Store,1.0,4980.0,0.0,Bank Transfer,Completed,0.0
1434,O005473,2025-08-15 09:07:00,C00112,P0033,ST099,Online,1.0,103260.0,0.0,m-pesa,Completed,6.0
1435,O004250,2025-04-07 16:09:00,C00884,P0056,ST013,In-Store,1.0,14270.0,0.0,M-Pesa,Completed,0.0
1436,O002332,2024-10-05 13:05:00,C01150,P0123,ST099,Online,1.0,7870.0,0.0,Cash,Cancelled,1.0
1437,O001858,2024-08-14 16:05:00,,P0091,ST023,In-Store,1.0,2270.0,0.0,Cash,Completed,0.0
1438,O006267,2025-11-01 18:58:00,C00915,P0196,ST010,In-Store,1.0,20930.0,0.05,M-Pesa,completed,0.0
1439,O002177,2024-09-17 12:09:00,C00126,P0022,ST014,In-Store,1.0,63380.0,0.0,Mpesa ,complete,0.0
1440,O004649,2025-05-20 12:39:00,C00298,P0034,ST014,In-Store,2.0,32600.0,0.0,M-Pesa,Completed,0.0
1441,O005299,2025-07-29 09:01:00,C00430,P0158,ST099,Online,2.0,36400.0,0.0,M-Pesa,complete,1.0
1442,O000212,2024-01-26 11:08:00,C00600,P0005,ST004,In-Store,1.0,18960.0,0.0,M-Pesa,Completed,0.0
1443,O002600,2024-10-30 14:57:00,C00338,P0143,ST001,In-Store,1.0,2270.0,0.0,M-Pesa,Cancelled,0.0
1444,O004416,2025-04-23 08:02:00,C00743,P0056,ST099,Online,1.0,14270.0,0.0,MPESA ,Completed,5.0
1445,O006684,2025-12-05 11:11:00,C00532,P0144,ST099,Online,1.0,30700.0,0.1,M-Pesa,Returned,4.0
1446,O005052,2025-07-02 19:35:00,C00843,P0135,ST099,Online,1.0,3510.0,0.0,M pesa,Completed,3.0
1447,O005227,2025-07-20 18:15:00,C00456,P0089,ST009,In-Store,1.0,7140.0,0.0,Bank Transfer,Returned,0.0
1448,O001660,2024-07-22 15:02:00,C01280,P0060,ST010,In-Store,1.0,20160.0,0.0,cash,Completed,0.0
1449,O003033,2024-12-06 12:29:00,,P0096,ST006,In-Store,1.0,6270.0,0.1,M-Pesa,Completed,0.0
1450,O001279,2024/06/09,C00726,P0071,ST018,In-Store,4.0,4850.0,0.0,Bank Transfer,COMPLETED,0.0
1451,O001051,2024-05-11 15:42:00,C00857,P0056,ST099,Online,1.0,,0.0,Bank Transfer,completed,4.0
1452,O000754,2024-04-07 19:27:00,C00948,P0198,ST099,Online,1.0,35160.0,0.0,Mpesa,Completed,5.0
1453,O004686,2025-05-23 09:43:00,C00546,P0025,ST006,In-Store,2.0,53630.0,0.0,credit card,Completed,0.0
1454,O006479,2025-11-19 18:30:00,C00106,P0025 ,ST099,Online,1.0,53630.0,0.0,M-Pesa,Completed,5.0
1455,O004894,2025-06-14 10:54:00,C00708,P0154,ST001,In-Store,1.0,14610.0,0.0,Credit/Debit Card,Cancelled,0.0
1456,O006938,2025-12-20 12:21:00,C01024,P0110,ST099,Online,1.0,9580.0,,Cash,Completed,2.0
1457,O000436,2024-02-27 16:14:00,C00957,P0135,ST099,Online,1.0,3510.0,0.0,M-Pesa,Completed,5.0
1458,O006324,2025-11-06 19:52:00,C01078,P0032,ST099,Online,2.0,112270.0,0.0,M-Pesa,Completed,1.0
1459,O003881,2025-02-26 17:43:00,C00210,P0003,ST016,In-Store,2.0,26210.0,0.0,M-Pesa,Completed,0.0
1460,O006208,2025-10-26 16:57:00,C00261,P0114,ST099,Online,1.0,3720.0,0.0,M-Pesa,Completed,1.0
1461,O006277,2025-11-01 14:20:00,C00086,P0188,ST009,In-Store,1.0,10310.0,0.0,Mpesa,Completed,0.0
1462,O004021,2025-03-14 19:28:00,C01105,P0139,ST099,Online,1.0,6700.0,0.25,CARD,canceled,5.0
1463,O002457,2024-10-15 11:58:00,C01063,P0063,ST023,In-Store,2.0,1440.0,0.0,CARD,Completed,0.0
1464,O002614,2024-11-01 08:32:00,C00696,P0005,ST008,In-Store,1.0,18960.0,0.0,Cash,Completed,0.0
1465,O002356,2024-10-06 14:31:00,C00993,P0108,ST005,In-Store,1.0,14950.0,0.0,Mpesa,complete,0.0
1466,O005858,2025-09-24 20:25:00,C00502,P0144,ST010,In-Store,1.0,30700.0,0.0,CASH,Completed,0.0
1467,O003978,2025-03-08 15:56:00,C00782,P0135,ST099,Online,2.0,3510.0,0.0,airtel money,returned,6.0
1468,O000739,2024-04-06 15:02:00,C01029,P0125,ST015,In-Store,1.0,5710.0,0.05,credit card,COMPLETED,0.0
1469,O000228,2024-01-27 14:24:00,C01017,P0004,ST099,Online,1.0,38100.0,0.0,CASH,Completed,2.0
1470,O004646,2025-05-19 15:21:00,C00575,P0071,ST004,In-Store,1.0,4850.0,0.0,m-pesa,Completed,0.0
1471,O002647,2024-11-04 11:11:00,C00070,P0126,ST099,Online,2.0,12920.0,0.0,Cash,Completed,2.0
1472,O000106,2024-01-13 11:08:00,C00262,P0139,ST099,Online,1.0,6700.0,0.0,M pesa,Completed,6.0
1473,O006658,2025-12-03 10:08:00,,P0173,ST099,Online,1.0,19620.0,0.15,Airtel Money,Completed,1.0
1474,O007115,2025-12-30 17:05:00,C00397,P0168,ST099,Online,2.0,31350.0,0.0,M-Pesa,Completed,6.0
1475,O003144,2024-12-14 19:32:00,C01301,P0146,ST099,Online,1.0,29570.0,0.15,cash,Completed,4.0
1476,O007096,2025-12-28 19:36:00,C00353,P0183,ST017,In-Store,,39320.0,0.0,Cash,Completed,0.0
1477,O001697,2024-07-27 20:53:00,C01131,P0070,ST020,In-Store,1.0,18010.0,0.0,M-Pesa,Completed,0.0
1478,O001128,2024-05-21 18:23:00,C00431,P0088,ST099,Online,1.0,10360.0,0.0,credit card,Completed,5.0
1479,O004991,2025-06-26 08:11:00,C00152,P0013,ST099,Online,1.0,,0.0,Credit/Debit Card,Completed,4.0
1480,O005132,2025-07-09 19:37:00,C00397,P0056,ST001,In-Store,1.0,14270.0,0.05,Credit/Debit Card,Completed,0.0
1481,O001713,2024-07-28 12:58:00,C00875,P0146,ST021,In-Store,1.0,29570.0,0.0,M-Pesa,Completed,0.0
1482,O004441,2025-04-26 19:09:00,C00975,P0045,ST006,In-Store,1.0,20960.0,0.0,Bank Transfer,Completed,0.0
1483,O000960,2024-04-30 13:30:00,C01012,P0183,ST004,In-Store,2.0,393200.0,0.0,Mpesa,Completed,0.0
1484,O002790,2024-11-16 16:27:00,C01069,P0081,ST023,In-Store,1.0,14340.0,0.0,Bank Transfer,completed,0.0
1485,O005781,2025-09-16 09:14:00,C00790,P0071,ST099,Online,1.0,4850.0,0.0,Airtel Money,Completed,4.0
1486,O000161,2024-01-20 20:36:00,C01257,P0020,ST005,In-Store,1.0,10070.0,,M-Pesa,Completed,0.0
1487,O006488,2025-11-19 08:54:00,C00562,P0023,ST099,Online,1.0,122960.0,0.1,Airtel Money,COMPLETED,3.0
1488,O000290,2024-02-07 15:39:00,C00964,P0156,ST013,In-Store,1.0,30350.0,0.0,M-Pesa,Cancelled,0.0
1489,O006475,2025-11-18 15:38:00,C00281,P0002,ST003,In-Store,1.0,91490.0,0.0,m-pesa,Completed,0.0
1490,O000263,2024-02-02 15:22:00,C00773,P0017,ST007,In-Store,2.0,123410.0,0.0,M-Pesa,CANCELLED,0.0
1491,O002173,2024-09-16 19:13:00,C01007,P0003,ST008,In-Store,2.0,26210.0,0.0,Credit/Debit Card,Completed,0.0
1492,O002049,2024-09-02 14:44:00,C00499,P0054,ST099,Online,1.0,7300.0,0.0,Cash,Completed,5.0
1493,O006160,2025-10-23 09:01:00,C00210,P0045,ST099,Online,1.0,20960.0,0.0,Airtel Money,Returned,2.0
1494,O002934,2024-11-28 11:21:00,,P0075,ST099,Online,1.0,7540.0,0.0,Mpesa,Completed,3.0
1495,O002757,2024-11-12 13:19:00,C00157,P0070,ST019,In-Store,1.0,18010.0,0.0,M-Pesa,Completed,0.0
1496,O000648,2024-03-24 09:40:00,C01320,P0138,ST004,In-Store,2.0,4780.0,0.0,Bank Transfer,RETURNED,0.0
1497,O001373,2024-06-21 19:28:00,C00020,P0079,ST099,Online,2.0,17060.0,0.0,M-Pesa,Completed,6.0
1498,O005880,2025-09-27 16:21:00,C00037,P0034,ST008,In-Store,1.0,32600.0,0.0,M-Pesa,Completed,0.0
1499,O002255,2024-09-25 20:07:00,C01095,P0183,ST023,In-Store,1.0,39320.0,0.0,Mpesa ,Returned,0.0
1500,O000063,2024-01-08 14:17:00,C00565,P0131,ST015,In-Store,1.0,1830.0,0.0,m-pesa,Completed,0.0
1501,O005735,2025/09/10,C00156,P0013,ST019,In-Store,1.0,30190.0,0.0,M-Pesa,Returned,0.0
1502,O005725,2025-09-09 13:05:00,C00267 ,P0061,ST004,In-Store,1.0,19410.0,0.0,mpesa,Completed,0.0
1503,O000596,2024-03-18 15:54:00,C00006,P0012,ST099,Online,2.0,130340.0,0.0,M-Pesa,Completed,5.0
1504,O006032,2025-10-10 19:13:00,C00223,P0020,ST099,Online,1.0,10070.0,0.0,MPESA ,Completed,6.0
1505,O002824,2024-11-18 17:50:00,C00806,P0197,ST007,In-Store,2.0,22390.0,0.0,M pesa,Completed,0.0
1506,O006220,2025-10-28 11:19:00,C00874,P0084,ST004,In-Store,1.0,17830.0,0.1,M-Pesa,complete,0.0
1507,O002375,2024-10-09 16:20:00,C00156 ,P0024,ST006,In-Store,2.0,85100.0,0.0,M-Pesa,Completed,0.0
1508,O002759,2024-11-12 17:33:00,C00665,P0165,ST099,Online,3.0,45630.0,0.0,Card,Completed,2.0
1509,O001502,2024-07-06 15:17:00,C00322,P0080,ST016,In-Store,1.0,4980.0,0.0,Mpesa,Completed,0.0
1510,O006219,2025-10-28 11:11:00,C00154,P0089,ST099,Online,1.0,7140.0,0.0,M-Pesa,cancelled,2.0
1511,O001566,2024-07-12 16:34:00,C00224,P0008,ST023,In-Store,1.0,94740.0,0.0,M-Pesa,Completed,0.0
1512,O000392,2024-02-21 16:48:00,C00774,P0062,ST099,Online,1.0,20210.0,0.0,Cash,Completed,2.0
1513,O003785,2025-02-12 08:38:00,C00288,P0042,ST017,In-Store,1.0,123680.0,0.2,m-pesa,Completed,0.0
1514,O004115,2025-03-24 17:11:00,C00796,P0179,ST003,In-Store,1.0,40350.0,0.0,M-Pesa,Completed,0.0
1515,O003875,2025-02-24 12:04:00,C00429,P0160,ST016,In-Store,1.0,52970.0,0.0,Credit/Debit Card,Returned,0.0
1516,O000822,2024-04-14 16:49:00,C00701,P0160,ST012,In-Store,2.0,52970.0,0.0,M-Pesa,Completed,0.0
1517,O000559,2024-03-15 15:23:00,C00397,P0183,ST099,Online,2.0,39320.0,0.1,M-Pesa,Completed,3.0
1518,O006519,23/11/2025,C00653,P0059,ST099,Online,1.0,16280.0,0.0,M-Pesa,Completed,5.0
1519,O004720,26-May-2025,C00565,P0129,ST004,In-Store,4.0,10150.0,0.0,Mpesa,Returned,0.0
1520,O004949,2025-06-21 16:27:00,C01100,P0140,ST099,Online,1.0,13940.0,0.0,cash ,Completed,2.0
1521,O004587,2025-05-12 19:57:00,C01205,P0087,ST009,In-Store,1.0,11890.0,0.0,Airtel Money,completed,0.0
1522,O002464,2024-10-16 20:05:00,C00579,P0060,ST099,Online,4.0,20160.0,0.0,Airtel Money,Completed,4.0
1523,O004309,2025-04-14 20:47:00,C01132,P0013,ST099,Online,1.0,30190.0,0.0,Mpesa,Completed,5.0
1524,O006481,2025-11-19 17:04:00,C01104,P0056,ST099,Online,1.0,14270.0,0.0,Mpesa,Completed,1.0
1525,O004851,2025-06-09 18:19:00,C00700,P0172,ST015,In-Store,1.0,38980.0,0.0,M-Pesa,Completed,0.0
1526,O001521,2024-07-07 18:54:00,C01149,P0086,ST009,In-Store,1.0,19730.0,0.0,Cash,Completed,0.0
1527,O004306,2025-04-14 11:11:00,C00987,P0004,ST004,In-Store,1.0,38100.0,0.0,M-Pesa,Completed,0.0
1528,O003584,2025-01-16 16:58:00,C00784,P0091,ST099,Online,2.0,2270.0,0.0,M-Pesa,Completed,5.0
1529,O000112,2024-01-14 10:54:00,C00458,P0198,ST014,In-Store,1.0,35160.0,0.0,M-Pesa,Completed,0.0
1530,O007041,2025-12-24 17:56:00,,P0129,ST099,Online,1.0,10150.0,0.05,Credit/Debit Card,Completed,5.0
1531,O005161,2025-07-12 20:41:00,C00849,P0116,ST099,Online,1.0,13190.0,0.0,M-Pesa,Cancelled,3.0
1532,O004534,2025-05-06 08:06:00,C00513,P0160,ST016,In-Store,1.0,52970.0,0.0,Cash,Returned,0.0
1533,O004357,2025-04-19 17:51:00,C00402,P0162,ST099,Online,1.0,42760.0,0.0,M-Pesa,Completed,4.0
1534,O005351,2025-08-02 13:47:00,C01079,P0166,ST022,In-Store,2.0,36200.0,0.0,Card,Completed,0.0
1535,O004753,2025-05-29 18:11:00,C00586,P0021,ST099,Online,1.0,135600.0,0.0,Airtel Money,Returned,5.0
1536,O000507,2024-03-08 08:24:00,C00336,P0148,ST007,In-Store,1.0,32090.0,0.0,M-Pesa,complete,0.0
1537,O000490,2024-03-05 14:52:00,C00390,P0008,ST022,In-Store,1.0,94740.0,0.0,M-Pesa,Completed,0.0
1538,O000144,2024-01-19 11:45:00,C00705,P0146,ST006,In-Store,1.0,29570.0,0.0,Mpesa,Completed,0.0
1539,O001667,2024-07-23 15:24:00,C01115,P0165,ST099,Online,1.0,45630.0,0.0,mpesa,Completed,5.0
1540,O004537,2025-05-07 18:30:00,C00915,P0173,ST099,Online,1.0,19620.0,0.0,Cash,Returned,1.0
1541,O001196,2024-05-30 11:18:00,C00443,P0171,ST099,Online,1.0,48310.0,0.15,M-Pesa,CANCELLED,2.0
1542,O004296,2025-04-13 11:14:00,C00107,P0056,ST099,Online,1.0,14270.0,0.0,M-Pesa,Completed,4.0
1543,O000982,2024-05-03 09:58:00,C01140,P0071,ST099,Online,1.0,4850.0,0.0,M-Pesa,Cancelled,6.0
1544,O003865,2025-02-23 16:51:00,C00986,P0033,ST099,Online,1.0,103260.0,0.0,Airtel Money,Completed,5.0
1545,O000177,2024-01-22 08:32:00,C00761,P0146,ST009,In-Store,3.0,29570.0,0.0,M-Pesa,Completed,0.0
1546,O004257,2025-04-08 14:06:00,C01018,P0153,ST099,Online,,58800.0,0.05,Airtel Money,Completed,3.0
1547,O001931,2024-08-21 08:58:00,,P0070,ST099,Online,,18010.0,0.0,m-pesa,Completed,2.0
1548,O003696,2025-01-31 10:59:00,C00319,P0075,ST099,Online,1.0,7540.0,0.0,Bank Transfer,complete,4.0
1549,O001878,2024-08-17 13:53:00,C00809,P0168,ST008,In-Store,1.0,31350.0,0.0,Cash,returned,0.0
1550,O007118,2025-12-30 15:31:00,,P0160,ST019,In-Store,1.0,52970.0,0.0,M-Pesa,Completed,0.0
1551,O004965,2025-06-23 14:21:00,C00134,P0171,ST002,In-Store,1.0,48310.0,0.0,Mpesa,completed,0.0
1552,O003424,2024-12-29 10:05:00,C00885,P0159,ST002,In-Store,1.0,14960.0,0.0,M-Pesa,Completed,0.0
1553,O000097,2024-01-12 14:29:00,C00237,P0096,ST023,In-Store,1.0,6270.0,0.0,M-Pesa,Returned,0.0
1554,O005915,2025-09-29 11:36:00,C01039,P0018,ST004,In-Store,1.0,79380.0,0.0,M-Pesa,complete,0.0
1555,O003777,2025-02-11 11:41:00,C01551,P0172,ST012,In-Store,1.0,38980.0,0.0,Cash,Completed,0.0
1556,O005973,2025-10-05 18:22:00,C01214,P0176,ST011,In-Store,1.0,10760.0,0.0,M-Pesa,Completed,0.0
1557,O000968,2024-05-01 16:58:00,C01052,P0126,ST017,In-Store,2.0,12920.0,0.0,M-Pesa,Completed,0.0
1558,O003519,2025-01-07 12:04:00,C00636,P0176,ST008,In-Store,1.0,10760.0,0.0,M-PESA,Completed,0.0
1559,O004105,2025-03-23 19:42:00,C00108,P0156,ST006,In-Store,1.0,30350.0,0.0,Airtel Money,Completed,0.0
1560,O005779,2025-09-15 14:17:00,C00699,P0012,ST099,Online,3.0,130340.0,0.0,M-Pesa,Returned,6.0
1561,O006773,2025-12-11 16:00:00,C01013,P0151,ST017,In-Store,1.0,47660.0,0.0,Airtel Money,Completed,0.0
1562,O006087,2025-10-14 19:58:00,C00061,P0165,ST099,Online,1.0,45630.0,0.0,mpesa,Completed,4.0
1563,O002048,2024-09-02 13:46:00,C00425,P0104,ST008,In-Store,1.0,3780.0,0.0,M-Pesa,Completed,0.0
1564,O004886,2025-06-13 12:56:00,C00805,P0197,ST022,In-Store,1.0,22390.0,0.0,Cash,Completed,0.0
1565,O002518,2024-10-21 11:20:00,C00614,P0010,ST099,Online,1.0,127120.0,0.15,Mpesa,Completed,2.0
1566,O002931,2024-11-28 20:32:00,C01054,P0108,ST099,Online,1.0,14950.0,0.0,Mpesa,Completed,3.0
1567,O003624,2025-01-22 10:54:00,C00753,P0022,ST099,Online,3.0,63380.0,0.0,M-Pesa,Completed,4.0
1568,O002323,2024-10-03 11:57:00,C00211,P0158,ST099,Online,1.0,36400.0,0.15,m-pesa,Returned,6.0
1569,O005105,2025-07-06 09:21:00,C01191,P0016,ST099,Online,1.0,38090.0,,MPESA ,Completed,2.0
1570,O003568,2025-01-14 20:52:00,C00745,P0144,ST009,In-Store,1.0,30700.0,0.0,M-Pesa,Completed,0.0
1571,O003406,2024-12-27 11:02:00,C01177,P0036,ST003,In-Store,1.0,82830.0,0.0,M-Pesa,Completed,0.0
1572,O005827,2025-09-21 08:00:00,C00936,P0005,ST002,In-Store,1.0,18960.0,0.0,MPESA ,Completed,0.0
1573,O004121,2025-03-25 15:42:00,C00930,P0063,ST001,In-Store,1.0,1440.0,0.0,cash,Completed,0.0
1574,O002954,2024-11-30 18:52:00,C00262,P0153,ST023,In-Store,1.0,58800.0,,m-pesa,Completed,0.0
1575,O005631,2025-08-30 14:53:00,C00544,P0084,ST099,Online,2.0,17830.0,0.0,cash ,Completed,5.0
1576,O006122,2025-10-18 09:05:00,C00402,P0088,ST002,In-Store,1.0,10360.0,0.05,Airtel Money,Returned,0.0
1577,O005536,2025-08-21 11:51:00,C00380,P0012,ST013,In-Store,1.0,130340.0,0.0,Airtel Money,Completed,0.0
1578,O001980,2024-08-27 14:01:00,C00740,P0096,ST099,Online,3.0,6270.0,0.0,Airtel Money,Returned,4.0
1579,O000456,2024-03-02 09:06:00,C01035,P0021,ST099,Online,1.0,135600.0,0.1,Bank Transfer,Completed,6.0
1580,O000730,2024-04-03 15:50:00,C01034,P0033,ST099,Online,2.0,103260.0,0.0,M-Pesa,Completed,5.0
1581,O003052,2024-12-07 16:45:00,C00569,P0080,ST018,In-Store,1.0,4980.0,0.25,Mpesa,Completed,0.0
1582,O000693,2024-03-30 10:53:00,C01108,P0146,ST020,In-Store,1.0,29570.0,0.0,Bank Transfer,Completed,0.0
1583,O001526,2024-07-07 12:33:00,C00355,P0123,ST099,Online,3.0,7870.0,0.0,M-Pesa,Completed,3.0
1584,O005825,2025-09-21 13:37:00,C00968 ,P0091,ST099,Online,1.0,2270.0,0.0,M pesa,Returned,6.0
1585,O001936,2024-08-22 12:45:00,C00463,P0009,ST008,In-Store,1.0,119240.0,0.0,M-Pesa,Completed,0.0
1586,O002994,2024-12-03 15:13:00,C00742,P0168,ST099,Online,2.0,31350.0,0.0,m-pesa,canceled,4.0
1587,O000703,2024-03-31 16:36:00,C01159,P0171,ST018,In-Store,1.0,48310.0,0.0,M-Pesa,Completed,0.0
1588,O006102,2025-10-16 19:52:00,,P0184 ,ST003,In-Store,1.0,20390.0,,Cash,Completed,0.0
1589,O004927,2025-06-18 10:43:00,C00053,P0135,ST099,Online,1.0,3510.0,0.0,M-Pesa,Completed,2.0
1590,O002845,2024/11/20,C00955,P0146,ST006,In-Store,1.0,29570.0,0.0,Card,Completed,0.0
1591,O006426,2025-11-14 16:08:00,C00723,P0095,ST018,In-Store,2.0,4260.0,0.0,M pesa,Completed,0.0
1592,O002648,2024-11-04 14:34:00,C00522,P0060,ST023,In-Store,1.0,20160.0,0.15,Card,Completed,0.0
1593,O002076,2024-09-07 08:10:00,C01302,P0184,ST099,Online,1.0,20390.0,0.15,M-PESA,Returned,6.0
1594,O002404,2024-10-11 17:31:00,C00501,P0017,ST099,Online,1.0,123410.0,0.0,M-Pesa,COMPLETED,1.0
1595,O002764,2024-11-13 14:13:00,C01256,P0198,ST015,In-Store,1.0,35160.0,0.0,Credit/Debit Card,Completed,0.0
1596,O002898,2024-11-25 18:48:00,C00778,P0156,ST024,In-Store,2.0,30350.0,0.0,M-Pesa,Completed,0.0
1597,O005005,2025-06-27 14:18:00,C00858,P0060,ST099,Online,1.0,20160.0,0.15,Bank Transfer,Completed,5.0
1598,O003203,2024-12-17 20:03:00,C00284,P0071,ST099,Online,,4850.0,0.0,M-Pesa,Completed,1.0
1599,O005646,2025-08-31 13:04:00,C00284,P0125,ST002,In-Store,1.0,5710.0,0.0,M-Pesa,Completed,0.0
1600,O005721,2025-09-09 12:33:00,C00267,P0173,ST011,In-Store,1.0,19620.0,0.0,M-Pesa,Completed,0.0
1601,O006410,2025-11-12 09:20:00,C01247,P0160,ST007,In-Store,2.0,52970.0,0.0,Mpesa ,Completed,0.0
1602,O006901,18/12/2025,C00764,P0061,ST011,In-Store,1.0,19410.0,0.0,M pesa,Completed,0.0
1603,O003332,2024/12/22,C00264,P0051,ST099,Online,1.0,20210.0,0.1,Bank Transfer,cancelled,1.0
1604,O000051,2024-01-06 17:06:00,C00939,P0188,ST005,In-Store,1.0,10310.0,0.0,Cash,Completed,0.0
1605,O003126,2024-12-12 11:11:00,C00019,P0136,ST099,Online,4.0,1510.0,0.0,Mpesa ,Completed,3.0
1606,O003756,2025-02-08 19:55:00,C01060,P0151,ST017,In-Store,1.0,47660.0,0.0,M-Pesa,Returned,0.0
1607,O007034,2025-12-24 08:22:00,C00950,P0074,ST099,Online,1.0,1880.0,,M-Pesa,Completed,2.0
1608,O001148,2024-05-23 09:23:00,C01277,P0146,ST014,In-Store,1.0,29570.0,0.0,Cash,Completed,0.0
1609,O005214,2025-07-18 10:48:00,C01323,P0159,ST019,In-Store,1.0,14960.0,0.0,Credit/Debit Card,Completed,0.0
1610,O000691,2024-03-30 14:18:00,C00910,P0065,ST099,Online,1.0,4780.0,0.0,M-Pesa,Completed,2.0
1611,O006257,2025-10-31 12:00:00,C00234,P0197,ST099,Online,1.0,22390.0,0.0,M-Pesa,Completed,1.0
1612,O002028,2024-08-31 19:42:00,C00147,P0180,ST021,In-Store,1.0,18660.0,0.05,Airtel Money,complete,0.0
1613,O006624,2025-12-01 16:28:00,C00496,P0042,ST099,Online,2.0,123680.0,0.0,Mpesa,Completed,1.0
1614,O002154,2024-09-15 08:39:00,C01109,P0194,ST014,In-Store,1.0,24550.0,0.0,M-Pesa,Completed,0.0
1615,O000525,2024-03-09 13:32:00,C00755,P0020,ST099,Online,2.0,10070.0,,M-Pesa,Completed,2.0
1616,O003505,2025-01-06 16:50:00,C00707,P0071,ST099,Online,1.0,4850.0,0.0,Airtel Money,COMPLETED,4.0
1617,O006988,2025-12-22 10:36:00,C00311,P0152,ST099,Online,2.0,11580.0,0.1,Cash,Completed,4.0
1618,O002504,2024-10-20 16:07:00,C00053,P0009,ST021,In-Store,1.0,119240.0,,Cash,Completed,0.0
1619,O000438,2024-02-28 12:31:00,C00019,P0162,ST099,Online,1.0,42760.0,0.0,M-Pesa,Completed,2.0
1620,O003831,2025-02-19 11:23:00,C00873,P0125,ST099,Online,2.0,5710.0,0.0,debit card,Completed,1.0
1621,O002833,2024-11-19 12:55:00,C01174,P0027,ST011,In-Store,1.0,26240.0,0.0,M-Pesa,Completed,0.0
1622,O001739,2024-07-30 10:07:00,C01191,P0183,ST099,Online,1.0,39320.0,0.0,Airtel Money,Completed,6.0
1623,O002813,2024-11-18 16:13:00,C01240,P0016,ST014,In-Store,1.0,38090.0,0.0,Airtel Money,Completed,0.0
1624,O003593,2025-01-18 10:17:00,,P0107,ST016,In-Store,1.0,13230.0,0.0,M-Pesa,completed,0.0
1625,O000909,2024-04-24 12:21:00,C01292,P0196,ST099,Online,1.0,20930.0,0.0,Airtel Money,Completed,1.0
1626,O003179,2024-12-15 09:53:00,C00374,P0070,ST010,In-Store,1.0,18010.0,0.0,M-Pesa,completed,0.0
1627,O003666,2025-01-26 15:47:00,C01156,P0181,ST099,Online,1.0,23170.0,0.15,debit card,Completed,4.0
1628,O000682,2024-03-29 18:57:00,C00083,P0129,ST021,In-Store,1.0,10150.0,0.0,M-Pesa,Completed,0.0
1629,O006234,2025-10-29 09:20:00,C00281,P0068,ST007,In-Store,1.0,1250.0,0.0,M-Pesa,Completed,0.0
1630,O006336,2025-11-06 13:14:00,C01172,P0158,ST099,Online,1.0,36400.0,0.0,M-Pesa,Completed,1.0
1631,O002106,2024-09-10 08:34:00,C00812,P0056,ST019,In-Store,1.0,14270.0,0.0,M-Pesa,Completed,0.0
1632,O002622,2024-11-01 09:20:00,C00341,P0151,ST024,In-Store,1.0,47660.0,0.0,M-PESA,Completed,0.0
1633,O003652,2025-01-25 16:28:00,C01100,P0056,ST023,In-Store,1.0,14270.0,0.0,Bank Transfer,Completed,0.0
1634,O003178,2024-12-15 12:18:00,C00895,P0091,ST099,Online,1.0,2270.0,0.0,Mpesa,Completed,5.0
1635,O000362,2024-02-17 19:07:00,C00229,P0008,ST099,Online,1.0,94740.0,0.05,Cash,Completed,3.0
1636,O006427,2025-11-14 15:06:00,C00390,P0041,ST099,Online,1.0,83810.0,0.0,m-pesa,Completed,6.0
1637,O001033,2024-05-10 19:17:00,C01162,P0060,ST099,Online,1.0,20160.0,0.0,Card,Returned,1.0
1638,O004674,2025-05-22 11:49:00,C01072,P0031,ST008,In-Store,1.0,7910.0,,M-Pesa,Completed,0.0
1639,O004522,2025-05-05 15:59:00,C00290,P0063,ST007,In-Store,1.0,1440.0,0.05,Airtel Money,Completed,0.0
1640,O005918,2025-09-30 10:30:00,C00225 ,P0096,ST099,Online,2.0,6270.0,,M-Pesa,Completed,2.0
1641,O000482,2024-03-04 15:54:00,C00141,P0178,ST001,In-Store,1.0,31250.0,0.0,M-Pesa,Completed,0.0
1642,O005155,2025-07-12 18:42:00,C00503,P0095,ST010,In-Store,2.0,4260.0,0.0,Cash,Completed,0.0
1643,O006439,2025-11-15 18:56:00,C00512,P0080,ST099,Online,1.0,4980.0,0.0,Bank Transfer,Completed,1.0
1644,O005790,2025-09-16 14:24:00,C00901,P0180,ST099,Online,1.0,18660.0,0.0,M-Pesa,Returned,5.0
1645,O006518,2025-11-22 08:24:00,C00306,P0160,ST099,Online,3.0,52970.0,0.0,M-Pesa,Returned,4.0
1646,O002730,10-Nov-2024,C00203,P0013,ST099 ,Online,1.0,30190.0,0.0,M-Pesa,Completed,5.0
1647,O001542,2024-07-09 15:14:00,C00790,P0166,ST017,In-Store,2.0,36200.0,0.0,Mpesa ,Completed,0.0
1648,O006708,2025-12-07 14:16:00,C01272,P0092,ST099,Online,1.0,2840.0,0.15,Credit/Debit Card,Completed,1.0
1649,O001115,2024-05-19 09:21:00,C00852,P0056,ST017,In-Store,1.0,14270.0,0.0,Airtel Money,completed,0.0
1650,O002439,2024-10-14 16:37:00,C01052,P0022,ST013,In-Store,1.0,63380.0,0.05,Credit/Debit Card,Completed,0.0
1651,O004019,2025-03-14 16:56:00,,P0138,ST011,In-Store,1.0,4780.0,0.0,Bank Transfer,Completed,0.0
1652,O001328,2024-06-15 15:35:00,C00665,P0160,ST023,In-Store,1.0,52970.0,0.0,Airtel Money,Completed,0.0
1653,O007093,2025-12-28 09:31:00,C00923,P0163,ST014,In-Store,1.0,41210.0,0.0,Bank Transfer,Completed,0.0
1654,O003650,2025-01-24 20:37:00,C01281,P0027,ST099,Online,2.0,26240.0,0.0,M pesa,Completed,2.0
1655,O000771,2024-04-09 18:38:00,C00280,P0012,ST003,In-Store,2.0,130340.0,0.0,M-Pesa,Returned,0.0
1656,O000285,2024-02-06 16:15:00,C01150,P0160,ST099,Online,2.0,52970.0,0.0,M-PESA,Completed,2.0
1657,O006764,2025-12-10 12:57:00,C00491,P0056,ST001,In-Store,2.0,14270.0,0.05,Cash,Returned,0.0
1658,O001086,2024-05-15 11:23:00,C00150,P0097,ST099,Online,1.0,1930.0,0.0,M-Pesa,Completed,2.0
1659,O002582,2024-10-28 20:00:00,C00284,P0148,ST013,In-Store,3.0,32090.0,0.0,M-Pesa,Completed,0.0
1660,O005757,2025-09-13 13:32:00,C00291,P0160,ST018,In-Store,1.0,52970.0,0.0,Bank Transfer,Completed,0.0
1661,O004195,2025-04-01 20:50:00,C00136,P0023,ST012,In-Store,2.0,122960.0,0.0,Cash,Completed,0.0
1662,O000078,2024-01-10 20:56:00,C00434,P0025,ST010,In-Store,1.0,53630.0,0.0,M-Pesa,Completed,0.0
1663,O004401,2025-04-22 20:28:00,,P0025,ST099,Online,2.0,53630.0,0.0,Credit/Debit Card,Returned,5.0
1664,O000551,2024-03-13 14:37:00,C00926,P0063,ST006,In-Store,1.0,1440.0,0.0,M-Pesa,complete,0.0
1665,O002201,2024-09-21 19:26:00,C00863,P0005,ST099,Online,1.0,18960.0,0.0,M-Pesa,Completed,1.0
1666,O000494,2024-03-06 14:31:00,C01263,P0122,ST099,Online,1.0,1050.0,0.0,Airtel Money,COMPLETED,5.0
1667,O000592,2024-03-18 19:01:00,C00114,P0056,ST011,In-Store,2.0,14270.0,,m-pesa,Completed,0.0
1668,O004478,2025-04-30 14:58:00,C00882,P0174,ST099,Online,1.0,29840.0,,Airtel Money,Completed,6.0
1669,O005015,2025-06-29 20:50:00,C00923,P0028,ST010,In-Store,1.0,6690.0,0.0,mpesa,Completed,0.0
1670,O000364,2024-02-17 20:49:00,C00145,P0156,ST009,In-Store,1.0,30350.0,0.0,M-Pesa,Completed,0.0
1671,O006286,2025-11-02 13:24:00,C00653,P0012,ST018,In-Store,1.0,130340.0,0.0,Airtel-Money,Returned,0.0
1672,O001852,2024-08-13 18:24:00,C01300,P0069,ST006,In-Store,1.0,20690.0,0.0,Cash,Completed,0.0
1673,O000005,2024-01-02 13:14:00,,P0064,ST009,In-Store,1.0,6160.0,0.0,Credit/Debit Card,COMPLETED,0.0
1674,O000428,2024-02-26 14:18:00,C00990,P0080,ST024,In-Store,1.0,4980.0,0.0,Airtel Money,Completed,0.0
1675,O002632,2024-11-02 12:42:00,C00983,P0112,ST007,In-Store,1.0,9880.0,0.0,Airtel Money,COMPLETED,0.0
1676,O003035,2024-12-06 13:13:00,C00885,P0084,ST099,Online,2.0,17830.0,0.0,M-Pesa,Completed,5.0
1677,O004449,2025-04-27 16:23:00,C00581,P0061,ST024,In-Store,1.0,19410.0,0.0,M pesa,Completed,0.0
1678,O005036,2025-07-01 15:19:00,C00544,P0160,ST021,In-Store,1.0,52970.0,0.0,AIRTEL MONEY,Completed,0.0
1679,O000527,2024-03-09 09:25:00,C01017,P0109,ST099,Online,1.0,6990.0,0.0,Bank Transfer,Completed,2.0
1680,O006885,2025-12-17 20:04:00,C00495,P0113,ST099,Online,1.0,16190.0,0.0,m-pesa,Completed,5.0
1681,O006453,2025-11-16 20:15:00,C00952,P0183,ST017,In-Store,1.0,39320.0,0.0,M-Pesa,Completed,0.0
1682,O001599,2024-07-16 19:51:00,C01057,P0160,ST099,Online,1.0,52970.0,0.0,M-Pesa,Completed,4.0
1683,O002083,2024-09-08 11:20:00,C00586,P0160,ST016,In-Store,1.0,52970.0,0.0,MPESA ,Completed,0.0
1684,O006729,2025-12-08 11:07:00,C00978,P0139,ST015,In-Store,1.0,6700.0,0.0,M-Pesa,Completed,0.0
1685,O004989,2025-06-25 09:02:00,C00506,P0017,ST001,In-Store,1.0,123410.0,0.0,Mpesa,Completed,0.0
1686,O003560,2025-01-13 12:19:00,C01112,P0183,ST099 ,Online,1.0,39320.0,0.15,Bank Transfer,Completed,4.0
1687,O001537,2024-07-08 11:46:00,C01011,P0112,ST099,Online,1.0,9880.0,0.0,M-Pesa,Completed,6.0
1688,O002793,2024-11-16 15:10:00,C01015,P0053,ST001,In-Store,2.0,13410.0,0.0,debit card,Completed,0.0
1689,O006473,2025-11-18 11:00:00,C00530,P0071,ST099,Online,2.0,4850.0,0.05,MPESA ,Completed,5.0
1690,O001676,2024-07-25 14:27:00,C01265,P0196,ST011,In-Store,1.0,20930.0,0.0,mpesa,COMPLETED,0.0
1691,O002016,2024-08-30 17:57:00,C00668,P0160,ST099,Online,1.0,52970.0,0.0,M-Pesa,Completed,4.0
1692,O003842,2025-02-20 19:27:00,C00478,P0024,ST024,In-Store,1.0,85100.0,0.0,Credit/Debit Card,Completed,0.0
1693,O006942,2025-12-20 20:28:00,C00780,P0162,ST099,Online,1.0,42760.0,,Mpesa ,Completed,3.0
1694,O002821,2024-11-18 11:36:00,C00146,P0179,ST099,Online,1.0,40350.0,0.0,Cash,Completed,6.0
1695,O003318,2024-12-22 19:10:00,C00370,P0153,ST017,In-Store,1.0,58800.0,0.0,M-Pesa,Completed,0.0
1696,O000188,2024-01-23 11:12:00,C00900,P0156,ST099,Online,1.0,30350.0,0.0,M-PESA,Completed,6.0
1697,O001838,2024-08-12 14:38:00,C00731,P0023,ST003,In-Store,1.0,122960.0,0.2,M-Pesa,complete,0.0
1698,O002183,2024-09-18 12:44:00,C01227,P0010,ST099,Online,3.0,127120.0,0.15,Mpesa ,Completed,3.0
1699,O006063,2025-10-12 08:54:00,C00119,P0158,ST099,Online,1.0,36400.0,0.0,mpesa,Completed,2.0
1700,O001873,2024-08-16 11:44:00,C00866,P0028,ST024,In-Store,1.0,6690.0,0.0,M-Pesa,Completed,0.0
1701,O005082,2025-07-05 12:28:00,C01212,P0104,ST099,Online,1.0,3780.0,0.15,M-Pesa,Returned,1.0
1702,O004342,2025-04-17 15:56:00,C00905,P0139,ST099,Online,1.0,6700.0,0.05,cash,completed,4.0
1703,O002956,2024-11-30 10:09:00,C01042,P0084,ST099,Online,1.0,17830.0,0.0,M-Pesa,Cancelled,5.0
1704,O002514,2024-10-21 12:11:00,C01331,P0150,ST011,In-Store,1.0,32640.0,0.0,M-Pesa,Completed,0.0
1705,O000154,2024-01-20 11:55:00,C01021,P0161,ST004,In-Store,1.0,49910.0,0.0,Cash,Completed,0.0
1706,O002011,2024-08-30 08:54:00,,P0175,ST099,Online,1.0,15740.0,0.0,M-Pesa,Completed,1.0
1707,O000918,2024-04-25 15:00:00,C01103,P0096,ST014,In-Store,1.0,6270.0,0.0,Cash,Completed,0.0
1708,O000942,2024-04-27 09:18:00,C00196,P0005,ST099,Online,1.0,18960.0,0.0,M pesa,Completed,4.0
1709,O001357,2024-06-18 13:13:00,,P0062,ST099,Online,1.0,20210.0,0.0,M-Pesa,Completed,2.0
1710,O005350,2025-08-02 16:35:00,C00534,P0020,ST099,Online,1.0,10070.0,0.0,Bank Transfer,Completed,1.0
1711,O005574,2025-08-24 09:09:00,C00275,P0159,ST012,In-Store,1.0,14960.0,0.0,airtel money,Completed,0.0
1712,O002875,2024-11-23 13:18:00,C00994,P0011,ST099,Online,2.0,25490.0,0.0,M-Pesa,Returned,1.0
1713,O002379,2024/10/09,C00449,P0005,ST099,Online,1.0,18960.0,0.0,MPESA ,Completed,4.0
1714,O000274,2024-02-03 12:09:00,C01121,P0165,ST019,In-Store,1.0,45630.0,0.15,M-Pesa,Completed,0.0
1715,O005284,2025-07-27 13:53:00,C00062,P0135,ST099,Online,3.0,,0.0,Cash,Completed,6.0
1716,O001084,2024-05-15 18:57:00,C01070,P0135,ST007,In-Store,1.0,3510.0,0.0,Card,Completed,0.0
1717,O001769,2024-08-03 12:57:00,C01233,P0139,ST099,Online,2.0,6700.0,0.0,cash ,Completed,3.0
1718,O002468,2024-10-18 13:38:00,C00389,P0023,ST099,Online,1.0,122960.0,0.0,Credit/Debit Card,Completed,5.0
1719,O006192,2025-10-25 12:49:00,C01011,P0139,ST099,Online,1.0,6700.0,0.0,Airtel-Money,Completed,6.0
1720,O000062,2024-01-08 20:59:00,C00984,P0086,ST020,In-Store,2.0,19730.0,0.0,M-PESA,Completed,0.0
1721,O002863,2024-11-22 19:59:00,C01257,P0058,ST014,In-Store,2.0,17000.0,0.0,Airtel Money,Completed,0.0
1722,O005517,2025-08-19 16:01:00,C00185,P0020,ST099,Online,1.0,10070.0,0.1,Mpesa,completed,1.0
1723,O003810,2025-02-16 17:35:00,C00847,P0144,ST099,Online,1.0,30700.0,0.05,M-Pesa,Completed,2.0
1724,O000566,2024-03-16 13:09:00,C00852,P0009,ST001,In-Store,1.0,119240.0,0.0,M-Pesa,completed,0.0
1725,O002744,2024-11-11 18:23:00,C00884,P0138,ST099,Online,1.0,4780.0,0.0,M-PESA,completed,6.0
1726,O001922,2024-08-20 12:21:00,C00616,P0175,ST006,In-Store,1.0,15740.0,0.0,M-Pesa,Completed,0.0
1727,O003449,2024-12-30 12:06:00,C00421,P0162,ST099,Online,1.0,42760.0,0.0,Credit/Debit Card,Completed,3.0
1728,O001872,2024-08-16 15:42:00,C00155,P0181,ST099,Online,1.0,23170.0,0.2,M-Pesa,Completed,6.0
1729,O001699,2024-07-27 16:23:00,C00397,P0060,ST003,In-Store,1.0,20160.0,0.15,Airtel Money,Returned,0.0
1730,O003075,2024-12-08 14:55:00,C00533,P0013,ST016,In-Store,1.0,30190.0,0.0,M-Pesa,completed,0.0
1731,O005376,2025-08-05 10:34:00,C00258,P0036,ST099,Online,2.0,82830.0,0.0,M-Pesa,Returned,1.0
1732,O003152,2024-12-14 19:56:00,C00206,P0176,ST099,Online,1.0,10760.0,0.1,Cash,Completed,6.0
1733,O002415,2024-10-12 18:32:00,,P0010,ST099,Online,1.0,127120.0,0.0,Credit/Debit Card,COMPLETED,2.0
1734,O001580,2024-07-14 12:22:00,C00440,P0122,ST099,Online,1.0,1050.0,0.05,M-PESA,Completed,5.0
1735,O000033,2024-01-04 11:17:00,C01147,P0150,ST002,In-Store,1.0,32640.0,,MPESA ,Completed,0.0
1736,O003816,2025-02-17 18:01:00,C00648,P0151,ST099,Online,1.0,47660.0,0.1,M-Pesa,Completed,5.0
1737,O002816,2024-11-18 11:20:00,,P0113,ST019,In-Store,2.0,16190.0,0.0,Cash,Returned,0.0
1738,O000147,2024-01-19 09:16:00,C00231,P0160,ST099,Online,2.0,52970.0,0.0,M-Pesa,completed,1.0
1739,O005123,2025-07-09 18:35:00,C00260,P0058,ST001,In-Store,1.0,17000.0,0.0,M-Pesa,complete,0.0
1740,O001573,2024-07-13 09:36:00,C01192,P0016,ST099,Online,2.0,38090.0,0.0,Airtel Money,Completed,3.0
1741,O006719,2025-12-08 20:06:00,C00361,P0161,ST009,In-Store,1.0,49910.0,0.0,debit card,Completed,0.0
1742,O006561,2025-11-26 17:03:00,C00916,P0090,ST099,Online,1.0,8490.0,0.0,Airtel Money,Completed,1.0
1743,O005020,2025-06-29 12:49:00,C00493,P0129,ST099,Online,3.0,10150.0,0.05,M-Pesa,completed,5.0
1744,O001861,2024-08-14 19:59:00,C00619,P0051,ST012,In-Store,1.0,20210.0,0.0,M-Pesa,Completed,0.0
1745,O000335,2024-02-14 17:58:00,C00563,P0070,ST099,Online,1.0,18010.0,0.0,Airtel Money,Completed,5.0
1746,O004169,2025-03-29 18:26:00,C00506,P0040,ST013,In-Store,1.0,126140.0,0.0,M-Pesa,Completed,0.0
1747,O005067,2025-07-04 11:15:00,C00040,P0004,ST099,Online,1.0,38100.0,0.0,Bank Transfer,Completed,1.0
1748,O003224,2024-12-18 20:25:00,C00734,P0023,ST022,In-Store,2.0,122960.0,0.1,Credit/Debit Card,Completed,0.0
1749,O004596,2025-05-13 15:06:00,C00571,P0159,ST099,Online,1.0,14960.0,0.0,M-Pesa,Returned,1.0
1750,O005126,2025-07-09 09:42:00,C01199,P0175,ST099,Online,1.0,15740.0,0.0,M pesa,Completed,6.0
1751,O000171,2024-01-21 09:13:00,C00922,P0178,ST099,Online,1.0,31250.0,0.0,Cash,Completed,3.0
1752,O006564,2025-11-26 08:21:00,C01031,P0084,ST021,In-Store,2.0,17830.0,0.0,M-Pesa,Completed,0.0
1753,O001919,20-Aug-2024,C00442,P0090,ST099,Online,1.0,8490.0,0.1,m-pesa,Completed,5.0
1754,O006199,2025-10-26 13:20:00,C00506,P0104,ST015,In-Store,2.0,3780.0,0.0,mpesa,Completed,0.0
1755,O005281,2025-07-27 15:57:00,C00764,P0012,ST021,In-Store,2.0,,0.0,M-Pesa,Completed,0.0
1756,O000160,2024-01-20 14:02:00,C00612,P0159,ST004,In-Store,2.0,14960.0,,M-Pesa,complete,0.0
1757,O005621,2025-08-29 08:24:00,C00482,P0056,ST099,Online,1.0,14270.0,0.0,M-Pesa,Returned,3.0
1758,O006271,2025-11-01 08:16:00,C01099,P0152,ST020,In-Store,1.0,11580.0,0.0,M-Pesa,Completed,0.0
1759,O006072,2025-10-13 08:46:00,C00646,P0160,ST011,In-Store,3.0,52970.0,0.0,M pesa,COMPLETED,0.0
1760,O006183,2025-10-25 09:28:00,C00341,P0133,ST099,Online,2.0,8300.0,0.0,M-Pesa,Cancelled,2.0
1761,O001070,2024-05-13 08:30:00,C01078,P0183,ST099,Online,1.0,39320.0,0.0,M-Pesa,Completed,5.0
1762,O005615,29-Aug-2025,C00586,P0069,ST099,Online,2.0,20690.0,0.15,M-Pesa,Completed,3.0
1763,O001933,2024-08-22 12:18:00,C01054,P0088,ST099,Online,-1.0,10360.0,,M-Pesa,Completed,4.0
1764,O003900,2025-02-28 15:48:00,C00601,P0153,ST010,In-Store,1.0,58800.0,0.0,M-Pesa,Completed,0.0
1765,O006544,2025-11-25 12:05:00,C01080,P0070,ST099,Online,1.0,18010.0,0.0,M-Pesa,Completed,5.0
1766,O000114,2024-01-14 14:38:00,C00384,P0060,ST001,In-Store,1.0,20160.0,0.0,Cash,Completed,0.0
1767,O004510,2025-05-04 15:55:00,C00957,P0102,ST005,In-Store,1.0,5210.0,0.0,Bank Transfer,Completed,0.0
1768,O005101,2025-07-06 20:06:00,C00953,P0009,ST099,Online,1.0,119240.0,0.1,cash ,Completed,6.0
1769,O006949,2025-12-20 18:14:00,C01012,P0079,ST012,In-Store,1.0,17060.0,0.05,MPESA ,Completed,0.0
1770,O006039,2025-10-11 20:20:00,C00528,P0027 ,ST099,Online,2.0,26240.0,,M-Pesa,Completed,3.0
1771,O002531,23-Oct-2024,C00137,P0125,ST099,Online,2.0,5710.0,0.0,Mpesa,Completed,6.0
1772,O006802,2025-12-13 11:02:00,C00148,P0012,ST099,Online,1.0,130340.0,0.0,Cash,Completed,2.0
1773,O006458,2025-11-17 14:23:00,C00364,P0021,ST099,Online,1.0,135600.0,0.0,M-Pesa,Completed,5.0
1774,O001772,2024-08-03 19:11:00,C00673,P0021,ST099,Online,1.0,135600.0,0.0,Airtel-Money,Returned,3.0
1775,O006586,2025-11-28 19:58:00,C00463,P0023,ST016,In-Store,1.0,122960.0,0.0,CARD,returned,0.0
1776,O001287,2024-06-10 15:46:00,C00099,P0061,ST099,Online,1.0,19410.0,0.0,M-Pesa,Completed,3.0
1777,O003898,2025-02-28 09:33:00,C00443,P0150,ST015,In-Store,1.0,32640.0,0.0,MPESA ,Returned,0.0
1778,O007045,2025-12-24 15:15:00,C00827,P0056,ST099,Online,1.0,14270.0,0.1,M-Pesa,Completed,6.0
1779,O003967,2025-03-07 10:55:00,C00161,P0053,ST024,In-Store,2.0,13410.0,0.0,M-Pesa,Completed,0.0
1780,O006678,2025-12-05 12:24:00,C00644,P0074,ST018,In-Store,1.0,1880.0,0.0,Cash,Completed,0.0
1781,O005924,2025-09-30 19:57:00,C01052,P0162,ST012,In-Store,1.0,42760.0,0.0,M-Pesa,Returned,0.0
1782,O000808,2024-04-13 14:48:00,C00485,P0181,ST099,Online,1.0,23170.0,0.0,M-Pesa,Completed,4.0
1783,O004505,2025-05-03 10:01:00,C00390,P0024,ST017,In-Store,1.0,85100.0,0.0,Credit/Debit Card,Completed,0.0
1784,O006898,2025-12-18 19:10:00,C00851,P0053,ST023,In-Store,1.0,13410.0,0.0,Airtel Money,Completed,0.0
1785,O000887,2024-04-21 16:03:00,C01093,P0175,ST016,In-Store,1.0,15740.0,0.0,Bank Transfer,Completed,0.0
1786,O002756,2024-11-12 15:38:00,C00535,P0007,ST018,In-Store,,46260.0,0.0,Airtel Money,Completed,0.0
1787,O001979,2024-08-27 14:02:00,C00360,P0041,ST099,Online,2.0,83810.0,0.0,Cash,Completed,2.0
1788,O004479,2025-04-30 17:27:00,C00875,P0051,ST099,Online,1.0,20210.0,0.1,mpesa,RETURNED,4.0
1789,O001816,2024-08-08 15:38:00,C00724,P0052,ST099,Online,1.0,3180.0,0.0,Cash,Completed,2.0
1790,O005252,2025-07-23 16:19:00,C00690,P0025,ST010,In-Store,1.0,53630.0,0.0,Mpesa ,Cancelled,0.0
1791,O000568,2024-03-16 09:00:00,C00761,P0058,ST099,Online,1.0,17000.0,0.15,M-Pesa,Returned,3.0
1792,O006289,2025-11-02 16:03:00,C00253,P0050,ST099,Online,1.0,1870.0,0.0,M pesa,Completed,3.0
1793,O000846,2024-04-17 19:25:00,C01017,P0162,ST099,Online,1.0,42760.0,0.0,Airtel Money,Completed,1.0
1794,O006136,2025-10-20 19:58:00,C00235,P0060,ST099,Online,1.0,20160.0,0.0,Cash,Completed,5.0
1795,O003909,2025-03-01 15:58:00,C01205,P0084,ST006,In-Store,1.0,17830.0,,M-Pesa,Completed,0.0
1796,O001668,2024-07-23 09:54:00,C00867,P0128,ST005,In-Store,2.0,13910.0,0.0,M-Pesa,Completed,0.0
1797,O002522,2024-10-22 14:26:00,C01004,P0165,ST011,In-Store,2.0,45630.0,0.0,Cash,Completed,0.0
1798,O006457,2025-11-17 08:28:00,C01257,P0084,ST003,In-Store,1.0,17830.0,0.1,M-Pesa,Completed,0.0
1799,O005738,2025-09-10 13:42:00,C01024,P0056,ST099,Online,1.0,14270.0,0.1,M-Pesa,Completed,2.0
1800,O007023,2025-12-23 08:26:00,C00580,P0160,ST099,Online,1.0,52970.0,0.05,Bank Transfer,Completed,5.0
1801,O002283,2024-09-29 12:13:00,C00560,P0105,ST099,Online,1.0,15970.0,0.0,Airtel Money,Completed,3.0
1802,O002090,2024-09-09 09:43:00,C00978,P0062,ST019,In-Store,1.0,20210.0,0.0,Credit/Debit Card,Completed,0.0
1803,O005839,2025/09/22,C01253,P0119,ST099,Online,1.0,10780.0,0.0,Cash,Completed,1.0
1804,O003310,2024-12-21 19:55:00,C00541,P0030,ST004,In-Store,1.0,62130.0,0.0,CARD,Completed,0.0
1805,O002530,2024-10-23 19:30:00,C00085,P0175,ST099,Online,1.0,15740.0,0.0,Credit/Debit Card,Returned,3.0
1806,O001017,2024-05-07 10:17:00,C01047,P0183,ST017,In-Store,1.0,39320.0,0.0,Credit/Debit Card,Completed,0.0
1807,O003145,2024-12-14 20:01:00,C01200,P0105,ST015,In-Store,1.0,15970.0,0.0,Credit/Debit Card,Completed,0.0
1808,O006712,2025-12-07 18:38:00,C00960,P0019,ST012,In-Store,1.0,9380.0,0.15,M-Pesa,Completed,0.0
1809,O002550,2024-10-25 11:01:00,C00871,P0024,ST099,Online,1.0,85100.0,0.0,Bank Transfer,Completed,5.0
1810,O000886,2024-04-21 09:35:00,C00530,P0017,ST099,Online,1.0,123410.0,0.0,Credit/Debit Card,Returned,1.0
1811,O006630,2025-12-01 11:38:00,C01313,P0146,ST007,In-Store,1.0,29570.0,,Credit/Debit Card,Completed,0.0
1812,O000769,2024-04-09 17:55:00,C00586,P0022,ST099,Online,1.0,63380.0,0.0,M-Pesa,Cancelled,6.0
1813,O007075,2025-12-27 17:07:00,C00567,P0160,ST024,In-Store,1.0,52970.0,0.0,M-Pesa,Cancelled,0.0
1814,O000473,2024-03-03 09:37:00,C00150,P0080,ST010,In-Store,1.0,4980.0,0.0,Cash,Completed,0.0
1815,O001066,2024-05-13 09:14:00,C00920,P0104,ST015,In-Store,1.0,3780.0,0.0,M-Pesa,Completed,0.0
1816,O003014,2024-12-04 10:59:00,C01255,P0040,ST024,In-Store,1.0,126140.0,0.0,Cash,Completed,0.0
1817,O002815,2024-11-18 13:54:00,C00492,P0169,ST016,In-Store,1.0,57960.0,0.0,Card,Cancelled,0.0
1818,O006835,2025-12-15 10:15:00,C00778,P0156,ST009,In-Store,1.0,30350.0,0.0,M-Pesa,Returned,0.0
1819,O003895,2025-02-27 16:06:00,C00747,P0129,ST011,In-Store,1.0,10150.0,0.0,Cash,Completed,0.0
1820,O003456,2024-12-30 12:04:00,C00999,P0160,ST011,In-Store,1.0,52970.0,0.0,M-Pesa,COMPLETED,0.0
1821,O006429,2025-11-15 16:21:00,C01264,P0176,ST003,In-Store,1.0,10760.0,0.0,M-Pesa,completed,0.0
1822,O006632,2025-12-01 12:43:00,C00829,P0162,ST099,Online,1.0,42760.0,0.0,M-Pesa,Completed,1.0
1823,O005560,2025-08-23 12:00:00,C00447,P0023,ST099,Online,3.0,122960.0,,M-Pesa,COMPLETED,2.0
1824,O002841,2024-11-20 08:48:00,C00222,P0088,ST099,Online,1.0,10360.0,0.0,Mpesa ,Completed,2.0
1825,O002224,2024-09-22 15:40:00,C00120,P0166,ST099,Online,1.0,,0.15,CASH,Completed,3.0
1826,O005443,2025-08-12 20:47:00,C00056,P0173,ST099,Online,1.0,19620.0,0.0,M pesa,completed,6.0
1827,O004344,2025-04-17 11:21:00,C00446,P0071,ST099,Online,2.0,4850.0,0.0,Bank Transfer,COMPLETED,3.0
1828,O002717,2024-11-09 17:47:00,C00673,P0171,ST008,In-Store,1.0,48310.0,0.05,Mpesa,Completed,0.0
1829,O002700,2024-11-09 13:43:00,,P0135,ST014,In-Store,1.0,3510.0,0.0,Cash,Completed,0.0
1830,O001438,2024-06-28 11:01:00,C00313,P0062,ST099,Online,2.0,20210.0,0.2,M-PESA,Completed,3.0
1831,O006874,2025-12-17 13:25:00,C00685,P0110,ST012,In-Store,2.0,9580.0,0.0,m-pesa,complete,0.0
1832,O005623,2025-08-30 09:14:00,C01068,P0156,ST022,In-Store,-1.0,30350.0,0.0,M-Pesa,Completed,0.0
1833,O003661,2025-01-26 19:44:00,C00641,P0056,ST099,Online,1.0,14270.0,0.0,M-Pesa,Returned,5.0
1834,O005949,03/10/2025,C00675,P0045,ST017,In-Store,2.0,20960.0,0.05,M-Pesa,Completed,0.0
1835,O006370,2025-11-09 16:28:00,C00318,P0104,ST099,Online,1.0,3780.0,0.0,M-Pesa,Completed,1.0
1836,O000940,2024-04-27 19:29:00,C00966,P0012,ST017,In-Store,1.0,130340.0,0.0,M-Pesa,Completed,0.0
1837,O005747,2025-09-11 16:33:00,C00302,P0080,ST099,Online,1.0,4980.0,0.0,m-pesa,Returned,1.0
1838,O005208,2025-07-18 09:05:00,C00467,P0104,ST099,Online,3.0,3780.0,0.05,Airtel Money,Completed,5.0
1839,O002615,2024-11-01 15:17:00,C00410,P0173,ST099,Online,1.0,19620.0,0.0,Cash,Completed,3.0
1840,O007119,2025-12-30 18:47:00,C00411,P0151,ST009,In-Store,1.0,47660.0,0.0,M-Pesa,Cancelled,0.0
1841,O006811,2025-12-14 10:56:00,C00659,P0096,ST016,In-Store,1.0,6270.0,0.15,M-Pesa,Completed,0.0
1842,O006301,2025-11-03 16:29:00,C01215,P0060,ST099,Online,1.0,20160.0,0.0,M-Pesa,Completed,1.0
1843,O003603,2025-01-19 18:31:00,C00281,P0111,ST005,In-Store,1.0,3840.0,,CARD,Completed,0.0
1844,O004688,2025-05-24 17:40:00,C01103,P0150,ST099,Online,1.0,32640.0,0.15,AIRTEL MONEY,Completed,6.0
1845,O007123,2025-12-30 12:28:00,C00610,P0128,ST099,Online,2.0,13910.0,0.0,Airtel Money,Completed,3.0
1846,O002515,2024-10-21 10:13:00,,P0098,ST099,Online,1.0,10630.0,0.0,Cash,Completed,1.0
1847,O002071,2024-09-06 16:21:00,C00156,P0160,ST099,Online,1.0,52970.0,0.0,MPESA ,Completed,3.0
1848,O003720,2025-02-03 11:54:00,C00986,P0060,ST007,In-Store,1.0,20160.0,0.0,M-Pesa,complete,0.0
1849,O005605,2025-08-28 16:21:00,,P0183,ST099,Online,2.0,39320.0,0.0,M-Pesa,complete,6.0
1850,O003134,2024-12-13 09:49:00,C01296,P0160,ST019,In-Store,1.0,52970.0,0.0,Mpesa,Completed,0.0
1851,O000504,2024-03-07 13:37:00,C01343,P0017,ST019,In-Store,1.0,123410.0,0.0,debit card,Completed,0.0
1852,O001311,2024-06-13 17:40:00,C01018,P0183,ST099,Online,1.0,39320.0,0.0,Cash,Completed,5.0
1853,O000759,2024-04-08 16:04:00,C00778,P0185,ST099,Online,1.0,24250.0,0.0,Airtel money,Completed,3.0
1854,O001062,2024-05-12 19:59:00,C01552,P0194,ST099,Online,1.0,24550.0,0.0,M-Pesa,Completed,2.0
1855,O006940,2025-12-20 13:57:00,C00851,P0183,ST016,In-Store,2.0,39320.0,0.05,M-Pesa,completed,0.0
1856,O003992,2025-03-10 20:35:00,C00920,P0013,ST022,In-Store,1.0,30190.0,0.05,M-Pesa,Completed,0.0
1857,O004450,2025-04-27 13:29:00,C00480,P0196,ST003,In-Store,1.0,20930.0,0.0,Credit/Debit Card,Completed,0.0
1858,O006330,2025-11-06 09:25:00,C01324,P0165,ST015,In-Store,2.0,45630.0,0.0,mpesa,Completed,0.0
1859,O004089,2025-03-22 09:56:00,C00930,P0160,ST099,Online,1.0,52970.0,0.0,Airtel Money,Completed,5.0
1860,O006504,2025-11-22 12:26:00,C00341,P0160,ST015,In-Store,1.0,52970.0,0.0,M-Pesa,RETURNED,0.0
1861,O000014,2024-01-03 17:44:00,C00877,P0183,ST099,Online,3.0,39320.0,0.0,M-Pesa,Completed,1.0
1862,O003775,2025-02-11 11:19:00,C01175,P0033,ST015,In-Store,1.0,103260.0,0.0,M-Pesa,Completed,0.0
1863,O000425,2024-02-25 10:40:00,C00317,P0187,ST099,Online,1.0,10220.0,0.2,Cash,Completed,5.0
1864,O006120,2025-10-18 16:34:00,C00109,P0160,ST099,Online,1.0,52970.0,0.0,M-Pesa,Completed,1.0
1865,O005421,2025-08-09 12:16:00,C01143,P0162,ST015,In-Store,2.0,42760.0,0.0,M-Pesa,Completed,0.0
1866,O000612,2024-03-21 14:16:00,C01205,P0018,ST099,Online,1.0,79380.0,0.0,mpesa,completed,2.0
1867,O003927,2025-03-03 16:21:00,C00986,P0146,ST099,Online,1.0,29570.0,0.0,M-PESA,Completed,4.0
1868,O000101,2024-01-13 16:45:00,C01165,P0163,ST099,Online,1.0,41210.0,0.05,M-Pesa,Returned,3.0
1869,O003774,2025-02-11 15:58:00,C01160,P0184,ST023,In-Store,1.0,20390.0,0.0,M-Pesa,Completed,0.0
1870,O005802,2025-09-18 14:21:00,C00407,P0079,ST009,In-Store,2.0,17060.0,0.15,M-Pesa,returned,0.0
1871,O003479,2025-01-02 19:33:00,C00326,P0179,ST002,In-Store,1.0,40350.0,0.0,M-Pesa,Completed,0.0
1872,O007130,2025-12-31 08:36:00,C00736,P0060,ST014,In-Store,1.0,20160.0,0.0,cash,Completed,0.0
1873,O004164,2025-03-29 09:58:00,C00884,P0098,ST099,Online,1.0,10630.0,0.0,M-Pesa,Completed,6.0
1874,O005896,2025/09/27,C00988,P0146,ST099,Online,1.0,29570.0,0.0,M-Pesa,Returned,2.0
1875,O002080,2024-09-07 08:49:00,C00738,P0179 ,ST013,In-Store,1.0,40350.0,0.0,M-Pesa,Cancelled,0.0
1876,O004921,2025-06-17 13:19:00,C00181,P0175,ST099,Online,1.0,15740.0,0.0,M-Pesa,Completed,2.0
1877,O003288,2024-12-21 17:46:00,C00549,P0062,ST017,In-Store,1.0,20210.0,0.05,M-Pesa,canceled,0.0
1878,O001719,2024-07-28 11:22:00,C00946,P0160,ST099,Online,1.0,52970.0,0.0,Cash,Completed,2.0
1879,O002913,2024-11-26 09:05:00,C01127,P0088,ST099,Online,1.0,10360.0,,Credit/Debit Card,COMPLETED,3.0
1880,O007066,2025/12/26,C00935,P0152,ST099,Online,1.0,11580.0,0.0,M-Pesa,Completed,3.0
1881,O006724,2025-12-08 13:16:00,C00928,P0008,ST009,In-Store,1.0,94740.0,0.1,Mpesa,Completed,0.0
1882,O005025,2025-06-30 11:34:00,C01198,P0104,ST004,In-Store,1.0,3780.0,0.0,M-Pesa,Returned,0.0
1883,O005848,2025-09-23 11:54:00,C00140,P0038,ST021,In-Store,1.0,65560.0,0.0,Mpesa,Completed,0.0
1884,O001759,2024-08-01 15:15:00,C00798,P0080,ST017,In-Store,1.0,4980.0,0.0,M-Pesa,Completed,0.0
1885,O006401,2025-11-12 13:12:00,C00609,P0042,ST099,Online,2.0,123680.0,0.0,MPESA ,Completed,2.0
1886,O006216,2025-10-27 17:34:00,C01024,P0065,ST099,Online,1.0,4780.0,0.0,M-Pesa,Completed,1.0
1887,O000714,2024-04-01 08:27:00,C01286,P0016,ST024,In-Store,1.0,38090.0,0.0,Airtel Money,complete,0.0
1888,O006777,2025-12-11 15:32:00,C00062,P0150,ST099,Online,1.0,32640.0,0.0,Credit/Debit Card,Completed,2.0
1889,O005846,23/09/2025,C00425,P0091,ST015,In-Store,2.0,2270.0,0.0,M-Pesa,Completed,0.0
1890,O001753,2024-08-01 19:55:00,C00920,P0080,ST014,In-Store,1.0,4980.0,0.0,Mpesa,Completed,0.0
1891,O003046,2024-12-07 17:07:00,C01056,P0086,ST020,In-Store,3.0,19730.0,0.0,AIRTEL MONEY,complete,0.0
1892,O004579,2025-05-11 19:11:00,C00048,P0012,ST008,In-Store,1.0,130340.0,0.0,M-PESA,Completed,0.0
1893,O001369,2024-06-20 16:03:00,C00862,P0008,ST004,In-Store,1.0,94740.0,0.0,Credit/Debit Card,Completed,0.0
1894,O002982,2024-12-02 16:14:00,C00151,P0024,ST013,In-Store,2.0,85100.0,0.0,Airtel-Money,Completed,0.0
1895,O004139,2025-03-27 11:04:00,C00809,P0012,ST099,Online,1.0,130340.0,0.15,M-Pesa,Completed,2.0
1896,O006894,2025-12-18 09:43:00,C00353,P0133,ST099,Online,1.0,8300.0,0.05,credit card,Completed,6.0
1897,O004879,2025-06-12 20:49:00,,P0110,ST099,Online,2.0,9580.0,0.15,M-Pesa,Cancelled,1.0
1898,O004832,2025-06-07 16:30:00,C00485,P0059,ST099,Online,4.0,16280.0,0.0,M-Pesa,Completed,1.0
1899,O006941,2025-12-20 12:04:00,C00180,P0045,ST011,In-Store,1.0,20960.0,0.0,M-Pesa,Completed,0.0
1900,O006609,2025-11-30 10:14:00,C00604,P0165,ST013,In-Store,1.0,45630.0,0.0,M-Pesa,Completed,0.0
1901,O003389,2024-12-26 18:28:00,C01174,P0160,ST015,In-Store,1.0,52970.0,0.0,M-Pesa,Completed,0.0
1902,O000791,2024-04-12 12:47:00,C00102,P0183,ST099,Online,2.0,39320.0,0.0,M-Pesa,Completed,3.0
1903,O006626,2025-12-01 15:33:00,C00907,P0091,ST099,Online,2.0,2270.0,0.1,M-Pesa,Completed,6.0
1904,O002151,2024-09-15 10:58:00,C01226,P0039,ST005,In-Store,1.0,75080.0,0.0,Credit/Debit Card,Completed,0.0
1905,O004852,2025-06-09 14:15:00,C01136,P0062,ST022,In-Store,1.0,20210.0,0.0,Airtel money,Completed,0.0
1906,O001778,2024-08-04 12:24:00,C00227,P0138,ST099,Online,1.0,4780.0,0.0,M-Pesa,Completed,3.0
1907,O005730,2025-09-10 16:28:00,C01210,P0150,ST023,In-Store,1.0,32640.0,0.0,Airtel Money,Completed,0.0
1908,O005521,2025-08-19 11:43:00,C00145,P0154,ST099,Online,2.0,14610.0,0.0,M-Pesa,Completed,2.0
1909,O004603,2025-05-14 10:04:00,C01156,P0096,ST019,In-Store,1.0,6270.0,0.0,Bank Transfer,Cancelled,0.0
1910,O003337,2024-12-23 17:40:00,C00993,P0045,ST014,In-Store,1.0,20960.0,,M-Pesa,complete,0.0
1911,O006506,2025-11-22 12:35:00,C00615,P0161,ST006,In-Store,1.0,49910.0,0.0,M-Pesa,Completed,0.0
1912,O006428,2025-11-14 08:48:00,C01017,P0160,ST099,Online,1.0,52970.0,0.0,Bank Transfer,Returned,4.0
1913,O002520,2024-10-22 14:51:00,C00442,P0074,ST022,In-Store,1.0,1880.0,0.0,Cash,Completed,0.0
1914,O005904,2025-09-28 14:23:00,C00017,P0148,ST099,Online,2.0,32090.0,0.0,CASH,Completed,3.0
1915,O006086,2025-10-14 11:41:00,C01080,P0066,ST004,In-Store,1.0,1630.0,0.0,Airtel Money,Cancelled,0.0
1916,O001393,2024-06-22 09:45:00,C00182,P0184,ST011,In-Store,1.0,20390.0,0.1,Credit/Debit Card,Completed,0.0
1917,O005078,2025-07-05 16:05:00,C01316,P0060,ST017,In-Store,1.0,20160.0,0.0,mpesa,Completed,0.0
1918,O003298,2024-12-21 09:37:00,C01188,P0074,ST099,Online,1.0,1880.0,0.0,MPESA ,Completed,6.0
1919,O004712,2025-05-25 11:36:00,C00244,P0056,ST007,In-Store,1.0,14270.0,0.0,Bank Transfer,Completed,0.0
1920,O004191,2025-03-31 19:34:00,C00448,P0124,ST012,In-Store,1.0,7940.0,0.1,Cash,Completed,0.0
1921,O000599,2024-03-19 08:59:00,C00285,P0128,ST099,Online,1.0,13910.0,0.0,MPESA ,Completed,6.0
1922,O005188,2025-07-16 09:08:00,C01184,P0178,ST002,In-Store,2.0,31250.0,0.0,M-Pesa,Completed,0.0
1923,O003234,2024-12-18 11:48:00,C00939,P0053,ST099,Online,3.0,13410.0,0.05,M-Pesa,Completed,1.0
1924,O000023,2024-01-04 11:04:00,C00049,P0198,ST099,Online,1.0,35160.0,0.0,Credit/Debit Card,Completed,2.0
1925,O004556,2025-05-08 17:23:00,C00604,P0187,ST099,Online,1.0,10220.0,0.0,Mpesa,Completed,3.0
1926,O006998,2025-12-22 14:29:00,C00498,P0122,ST012,In-Store,1.0,1050.0,0.0,Cash,completed,0.0
1927,O000376,2024-02-19 16:29:00,C00347,P0198,ST005,In-Store,1.0,35160.0,0.0,Credit/Debit Card,Returned,0.0
1928,O006187,2025-10-25 13:09:00,C00017,P0034,ST099,Online,1.0,32600.0,0.0,M-Pesa,Completed,1.0
1929,O005849,2025-09-23 14:24:00,C00931,P0084,ST099,Online,1.0,17830.0,0.0,debit card,Completed,6.0
1930,O003809,2025-02-16 17:48:00,C01273,P0062,ST007,In-Store,1.0,20210.0,0.0,Airtel Money,Completed,0.0
1931,O001317,2024-06-14 18:21:00,C01263,P0024,ST016,In-Store,1.0,85100.0,0.0,M-Pesa,Completed,0.0
1932,O004152,2025-03-28 13:46:00,C00830,P0042,ST004,In-Store,1.0,123680.0,0.0,m-pesa,Completed,0.0
1933,O000170,2024-01-21 19:23:00,C00888,P0084,ST005,In-Store,1.0,17830.0,0.0,M-Pesa,Completed,0.0
1934,O006546,2025-11-25 19:41:00,C00700,P0181,ST099,Online,1.0,23170.0,0.0,M-Pesa,Completed,1.0
1935,O001004,2024-05-06 17:18:00,C00606,P0004,ST012,In-Store,3.0,38100.0,0.0,AIRTEL MONEY,Completed,0.0
1936,O003029,2024-12-06 10:40:00,C01026,P0086,ST017,In-Store,1.0,19730.0,0.0,Cash,Completed,0.0
1937,O003101,2024-12-10 15:21:00,C01280,P0013,ST016,In-Store,2.0,30190.0,0.0,M-Pesa,Completed,0.0
1938,O002421,2024-10-12 18:44:00,C00290,P0056,ST017,In-Store,2.0,14270.0,0.1,Mpesa ,Completed,0.0
1939,O003607,2025-01-19 11:28:00,C00014,P0053,ST005,In-Store,1.0,13410.0,0.0,M-Pesa,Completed,0.0
1940,O003071,2024-12-08 19:13:00,C00390,P0060,ST008,In-Store,1.0,20160.0,0.1,CARD,Completed,0.0
1941,O001905,2024-08-18 11:47:00,,P0058,ST099,Online,1.0,17000.0,0.0,M-Pesa,Completed,1.0
1942,O007095,2025-12-28 14:29:00,C01120,P0007,ST009,In-Store,2.0,46260.0,0.25,cash,Completed,0.0
1943,O006531,2025-11-24 15:29:00,C01079,P0111,ST007,In-Store,1.0,3840.0,0.05,M-Pesa,Completed,0.0
1944,O002553,2024-10-26 13:20:00,C00601 ,P0088,ST099,Online,1.0,10360.0,0.0,Bank Transfer,Completed,6.0
1945,O004624,2025-05-17 09:51:00,C01250,P0013,ST018,In-Store,1.0,301900.0,0.0,M-Pesa,Completed,0.0
1946,O000890,2024-04-22 13:40:00,C01168,P0153,ST099,Online,2.0,58800.0,0.0,Airtel Money,Completed,5.0
1947,O005838,2025-09-22 18:37:00,C00357,P0077,ST099,Online,2.0,7450.0,0.0,Cash,Completed,3.0
1948,O006008,2025-10-08 10:45:00,C00478,P0022,ST009,In-Store,2.0,63380.0,0.0,M-Pesa,Completed,0.0
1949,O000323,2024-02-12 12:07:00,C00114,P0159,ST001,In-Store,1.0,,0.05,m-pesa,Completed,0.0
1950,O000458,2024-03-02 19:38:00,C00042,P0189,ST017,In-Store,1.0,32140.0,0.0,M-Pesa,Completed,0.0
1951,O000245,2024-01-30 12:41:00,C01273,P0135,ST020,In-Store,1.0,3510.0,0.0,mpesa,Returned,0.0
1952,O004876,2025-06-12 11:34:00,C00970,P0173,ST099,Online,1.0,19620.0,0.0,MPESA ,Completed,2.0
1953,O004118,2025-03-25 17:34:00,C00775,P0005,ST007,In-Store,1.0,18960.0,0.05,mpesa,Completed,0.0
1954,O005769,2025-09-14 11:54:00,C01043,P0160,ST022,In-Store,1.0,52970.0,0.0,Mpesa ,Completed,0.0
1955,O000981,2024-05-03 08:42:00,C00757,P0079,ST099,Online,1.0,17060.0,0.05,cash,Cancelled,6.0
1956,O002778,2024-11-15 16:55:00,C00344,P0156,ST099,Online,1.0,30350.0,0.0,Airtel-Money,Completed,2.0
1957,O001214,01-Jun-2024,C00951,P0151,ST009,In-Store,1.0,47660.0,0.0,MPESA ,Completed,0.0
1958,O006340,2025-11-07 16:05:00,C00171,P0013,ST003,In-Store,1.0,30190.0,0.0,Credit/Debit Card,Completed,0.0
1959,O003642,2025-01-24 16:16:00,C00557,P0018,ST099,Online,2.0,79380.0,0.0,Airtel Money,Completed,1.0
1960,O002105,2024-09-10 20:14:00,C00699,P0095,ST099,Online,3.0,4260.0,0.0,M-Pesa,Completed,1.0
1961,O001870,2024-08-16 09:15:00,C01083,P0189,ST099,Online,1.0,32140.0,0.0,M-Pesa,Returned,5.0
1962,O002729,2024-11-10 08:22:00,C00527,P0188,ST099,Online,1.0,10310.0,0.0,Airtel Money,Completed,6.0
1963,O001405,2024-06-23 19:53:00,C00764,P0033,ST011,In-Store,1.0,103260.0,,Cash,COMPLETED,0.0
1964,O003699,2025-01-31 18:31:00,C00090,P0165,ST099,Online,4.0,45630.0,0.0,M-Pesa,Completed,6.0
1965,O004839,2025-06-08 11:29:00,C00098,P0125,ST099,Online,1.0,5710.0,0.0,M-Pesa,Completed,1.0
1966,O004091,2025-03-22 13:01:00,C00757,P0010,ST020,In-Store,2.0,127120.0,0.0,Cash,Completed,0.0
1967,O003172,2024-12-15 08:42:00,C00179 ,P0163,ST099,Online,1.0,41210.0,0.0,M-PESA,returned,5.0
1968,O004413,2025-04-23 10:50:00,C00689,P0094,ST011,In-Store,3.0,7010.0,0.0,mpesa,Completed,0.0
1969,O006231,2025-10-29 20:41:00,C00792,P0012,ST017,In-Store,1.0,130340.0,0.0,M-Pesa,Completed,0.0
1970,O004104,2025-03-23 18:57:00,C00131,P0171,ST099,Online,1.0,48310.0,0.0,m-pesa,Completed,1.0
1971,O001370,2024-06-20 17:32:00,C00910,P0152,ST099,Online,1.0,11580.0,0.0,credit card,Completed,5.0
1972,O006499,2025-11-21 18:10:00,C00329 ,P0189,ST015,In-Store,1.0,32140.0,0.0,M-Pesa,Completed,0.0
1973,O004891,2025-06-14 18:11:00,C00689,P0005,ST099,Online,1.0,18960.0,0.0,Airtel Money,Completed,4.0
1974,O002032,2024-08-31 14:56:00,C01181,P0086,ST099,Online,2.0,19730.0,0.0,M-PESA,Completed,5.0
1975,O006012,2025/10/09,C00211,P0061,ST099,Online,1.0,19410.0,0.15,M-Pesa,Completed,1.0
1976,O003844,2025-02-21 19:26:00,C00418,P0128,ST099,Online,2.0,13910.0,0.0,CASH,Completed,5.0
1977,O005096,2025-07-06 12:42:00,C01311,P0144,ST020,In-Store,1.0,30700.0,0.0,Airtel Money,Completed,0.0
1978,O003845,2025-02-21 14:50:00,C00543,P0023,ST099,Online,1.0,122960.0,0.0,Credit/Debit Card,Completed,6.0
1979,O000132,2024-01-17 09:32:00,C00303,P0034,ST099,Online,1.0,32600.0,0.0,Credit/Debit Card,Completed,4.0
1980,O002394,2024-10-10 19:26:00,C00142,P0013,ST003,In-Store,1.0,30190.0,0.0,M-Pesa,Completed,0.0
1981,O000934,2024-04-27 14:04:00,C00702,P0165,ST099,Online,1.0,45630.0,0.0,Bank Transfer,Completed,4.0
1982,O001942,2024-08-23 20:59:00,C00156,P0039,ST002,In-Store,3.0,75080.0,0.0,Credit/Debit Card,completed,0.0
1983,O006783,2025-12-11 18:42:00,C00328,P0139,ST007,In-Store,1.0,6700.0,0.0,Mpesa ,Completed,0.0
1984,O001247,2024-06-06 19:42:00,C00463,P0160,ST003,In-Store,2.0,52970.0,0.2,Mpesa,COMPLETED,0.0
1985,O000077,2024-01-10 11:48:00,C00566,P0033,ST099,Online,2.0,103260.0,0.0,Airtel-Money,completed,4.0
1986,O003211,2024-12-17 10:39:00,C00227,P0135,ST099,Online,4.0,3510.0,0.0,Mpesa,Completed,4.0
1987,O006997,2025-12-22 18:46:00,C00230,P0075 ,ST099,Online,4.0,7540.0,0.0,Cash,Cancelled,6.0
1988,O001055,2024-05-12 17:32:00,C00031,P0070 ,ST002,In-Store,1.0,18010.0,0.0,M-Pesa,Completed,0.0
1989,O006796,2025-12-13 13:35:00,C00956,P0025,ST006,In-Store,2.0,53630.0,0.05,CARD,Returned,0.0
1990,O005237,2025-07-21 10:39:00,C00392,P0163 ,ST016,In-Store,1.0,41210.0,0.15,M-Pesa,Completed,0.0
1991,O001089,2024-05-16 12:15:00,C00115,P0110,ST099,Online,1.0,9580.0,0.25,M-Pesa,Completed,2.0
1992,O004970,2025-06-24 15:17:00,C01280,P0086,ST018,In-Store,1.0,19730.0,0.0,M-Pesa,Completed,0.0
1993,O002068,2024-09-06 12:57:00,C00997,P0123,ST016,In-Store,1.0,7870.0,0.0,Mpesa ,Completed,0.0
1994,O001789,2024-08-05 08:03:00,C00935,P0096,ST099,Online,1.0,6270.0,0.0,Airtel-Money,Completed,2.0
1995,O001410,2024-06-25 13:12:00,C01237,P0160,ST099,Online,1.0,52970.0,0.0,Airtel Money,complete,4.0
1996,O002496,2024-10-20 16:26:00,C00230,P0174,ST022,In-Store,2.0,29840.0,0.0,Credit/Debit Card,Completed,0.0
1997,O001832,2024-08-11 14:35:00,C00900,P0122,ST017,In-Store,1.0,1050.0,0.1,M-Pesa,Completed,0.0
1998,O002458,2024-10-15 10:04:00,C00471,P0151,ST023,In-Store,1.0,47660.0,0.0,Airtel Money,Completed,0.0
1999,O004372,2025-04-20 14:47:00,C00049,P0135,ST099,Online,1.0,3510.0,0.0,M-Pesa,Completed,3.0
2000,O005342,2025-08-02 08:38:00,C00821,P0135,ST099,Online,1.0,3510.0,0.0,mpesa,Completed,2.0
2001,O000022,2024-01-04 11:27:00,C00554,P0070,ST013,In-Store,1.0,18010.0,0.0,M pesa,completed,0.0
2002,O004265,2025-04-09 16:39:00,C00697,P0123,ST016,In-Store,2.0,,0.0,Credit/Debit Card,Completed,0.0
2003,O002983,02-Dec-2024,C00087,P0012,ST099,Online,1.0,130340.0,0.0,Mpesa ,Completed,1.0
2004,O004117,25-Mar-2025,C01168,P0148,ST015,In-Store,1.0,32090.0,0.0,Credit/Debit Card,Completed,0.0
2005,O002822,2024-11-18 13:57:00,C00065,P0087,ST007,In-Store,2.0,11890.0,0.1,Card,Completed,0.0
2006,O002273,2024-09-28 16:11:00,C01261,P0056,ST099,Online,3.0,14270.0,0.0,Cash,Completed,3.0
2007,O005358,2025-08-03 11:49:00,C01229,P0086,ST099,Online,1.0,19730.0,0.0,Airtel Money,Completed,5.0
2008,O000907,2024-04-24 20:49:00,C00619,P0019,ST099,Online,1.0,9380.0,0.0,M-Pesa,Completed,6.0
2009,O002512,2024-10-21 09:56:00,C01115,P0163,ST099,Online,1.0,41210.0,,M-Pesa,Completed,6.0
2010,O004709,2025-05-25 16:49:00,C00536,P0188,ST001,In-Store,1.0,10310.0,0.0,M-Pesa,Completed,0.0
2011,O003432,2024-12-29 15:10:00,C00784,P0088,ST099,Online,1.0,10360.0,0.2,Airtel Money,COMPLETED,3.0
2012,O005130,2025-07-09 15:41:00,C00659,P0162,ST099,Online,3.0,42760.0,0.0,Bank Transfer,Completed,5.0
2013,O005628,2025-08-30 11:39:00,C00889,P0161,ST099,Online,1.0,49910.0,0.0,Bank Transfer,complete,1.0
2014,O001648,2024-07-21 10:24:00,,P0141,ST007,In-Store,1.0,12880.0,0.1,Credit/Debit Card,COMPLETED,0.0
2015,O002191,2024-09-19 13:05:00,C00188,P0144,ST099,Online,1.0,30700.0,0.1,Mpesa,Completed,1.0
2016,O001208,2024-06-01 14:14:00,C00962,P0135,ST003,In-Store,2.0,3510.0,0.0,Airtel money,Completed,0.0
2017,O005821,2025-09-20 09:03:00,C01240,P0160,ST099,Online,2.0,52970.0,0.0,Airtel Money,Completed,1.0
2018,O005302,2025-07-29 19:15:00,C00862,P0062,ST007,In-Store,3.0,20210.0,0.0,Mpesa ,Completed,0.0
2019,O002438,2024-10-14 09:13:00,C00961,P0139,ST003,In-Store,1.0,6700.0,0.0,m-pesa,complete,0.0
2020,O000872,2024-04-19 19:11:00,C01052,P0165,ST013,In-Store,1.0,45630.0,0.0,Airtel Money,Completed,0.0
2021,O004993,2025-06-26 09:34:00,C01060,P0001,ST023,In-Store,1.0,85060.0,0.0,M-Pesa,Completed,0.0
2022,O000118,2024-01-14 08:57:00,C00251,P0098,ST099,Online,1.0,10630.0,0.0,M-PESA,Completed,5.0
2023,O001090,2024-05-16 15:36:00,C00268,P0024,ST099,Online,1.0,85100.0,0.0,M-Pesa,Cancelled,3.0
2024,O005559,2025-08-23 13:30:00,C00310,P0174,ST021,In-Store,1.0,29840.0,0.0,M-Pesa,Returned,0.0
2025,O005867,2025-09-26 12:42:00,C00369,P0183,ST010,In-Store,2.0,39320.0,0.0,M-Pesa,Completed,0.0
2026,O002555,2024-10-26 13:11:00,C00485,P0091,ST001,In-Store,4.0,2270.0,,Bank Transfer,completed,0.0
2027,O005396,2025-08-07 14:33:00,,P0110,ST099,Online,2.0,9580.0,0.0,airtel money,Completed,6.0
2028,O004785,2025-06-01 16:14:00,C01090,P0126,ST009,In-Store,2.0,12920.0,0.0,MPESA ,Completed,0.0
2029,O005085,2025-07-05 17:20:00,C00264,P0159,ST009,In-Store,2.0,14960.0,0.0,cash ,Completed,0.0
2030,O006508,2025-11-22 08:22:00,C01190,P0022,ST099,Online,1.0,63380.0,0.0,M-PESA,returned,1.0
2031,O002487,2024-10-19 10:15:00,C00530,P0091,ST022,In-Store,1.0,2270.0,0.0,Cash,Completed,0.0
2032,O002992,2024-12-03 13:45:00,C01117,P0181,ST099,Online,1.0,23170.0,0.0,M-Pesa,Completed,4.0
2033,O002885,2024-11-24 08:34:00,C00140,P0005,ST013,In-Store,1.0,18960.0,0.0,Mpesa,Completed,0.0
2034,O005693,2025-09-06 10:30:00,C00507,P0196,ST010,In-Store,3.0,20930.0,0.0,M-Pesa,Completed,0.0
2035,O003727,2025-02-05 14:03:00,C00879,P0109,ST099,Online,2.0,6990.0,0.0,M-Pesa,Completed,1.0
2036,O005501,2025-08-17 15:17:00,C00994,P0022,ST023,In-Store,2.0,63380.0,0.0,credit card,Completed,0.0
2037,O001380,2024-06-21 14:24:00,C00235,P0013,ST099,Online,1.0,30190.0,0.0,MPESA ,Completed,4.0
2038,O003826,2025-02-18 16:53:00,C00059,P0069,ST012,In-Store,1.0,20690.0,0.0,M-Pesa,Completed,0.0
2039,O002840,2024-11-20 09:07:00,C00875,P0151,ST009,In-Store,1.0,47660.0,0.0,M-Pesa,Completed,0.0
2040,O003553,2025-01-12 09:37:00,C00252,P0158,ST023,In-Store,4.0,36400.0,0.0,Credit/Debit Card,Completed,0.0
2041,O000985,03-May-2024,,P0187,ST099,Online,2.0,,0.0,Cash,Completed,1.0
2042,O006950,2025-12-20 16:28:00,C00278,P0025,ST099,Online,1.0,53630.0,,M-Pesa,Completed,3.0
2043,O006914,2025-12-19 08:56:00,C00773,P0053,ST017,In-Store,,13410.0,0.0,Credit/Debit Card,completed,0.0
2044,O007000,2025-12-22 20:20:00,C00031,P0057,ST022,In-Store,1.0,2110.0,0.0,M-Pesa,Completed,0.0
2045,O001065,2024-05-13 16:58:00,C00602,P0094,ST020,In-Store,1.0,7010.0,0.0,Mpesa ,Completed,0.0
2046,O002903,2024-11-26 09:21:00,C00297,P0174,ST021,In-Store,1.0,29840.0,0.0,M-Pesa,completed,0.0
2047,O001746,2024-08-01 20:44:00,,P0160,ST003,In-Store,2.0,52970.0,0.1,Airtel Money,Completed,0.0
2048,O005542,2025-08-21 14:01:00,C00231,P0160,ST099,Online,1.0,52970.0,0.0,M-Pesa,Returned,2.0
2049,O004402,2025-04-22 18:22:00,C00618,P0080,ST099,Online,3.0,4980.0,0.0,M-Pesa,Completed,6.0
2050,O001906,2024-08-18 18:08:00,,P0013,ST001,In-Store,1.0,30190.0,,M-Pesa,completed,0.0
2051,O006256,2025-10-31 17:42:00,C01030,P0146,ST014,In-Store,1.0,29570.0,0.0,Cash,Completed,0.0
2052,O000675,2024-03-28 16:42:00,C00466,P0013,ST009 ,In-Store,1.0,30190.0,0.1,Mpesa,Returned,0.0
2053,O001336,2024-06-16 10:20:00,C00090,P0139,ST011,In-Store,1.0,6700.0,0.0,M-Pesa,complete,0.0
2054,O004437,2025-04-26 16:07:00,C00061,P0160,ST099,Online,1.0,52970.0,,m-pesa,Completed,6.0
2055,O006657,2025-12-03 19:22:00,C01053,P0129,ST099,Online,1.0,10150.0,0.05,M-Pesa,COMPLETED,2.0
2056,O003625,2025-01-22 17:00:00,C00571,P0091,ST099,Online,1.0,2270.0,0.0,debit card,Returned,6.0
2057,O004124,2025-03-25 18:28:00,C01132,P0009,ST003,In-Store,1.0,119240.0,0.0,MPESA ,Completed,0.0
2058,O005936,2025-10-01 15:45:00,C00049,P0155,ST099,Online,1.0,13260.0,0.0,Bank Transfer,RETURNED,4.0
2059,O000153,2024-01-20 10:41:00,C01235,P0174,ST015,In-Store,1.0,29840.0,0.0,Cash,Completed,0.0
2060,O003697,2025-01-31 08:16:00,C00789,P0128,ST002,In-Store,1.0,13910.0,0.1,M-Pesa,Completed,0.0
2061,O007030,2025-12-24 15:06:00,C01155,P0084,ST010,In-Store,2.0,17830.0,0.0,M-Pesa,Completed,0.0
2062,O002680,2024-11-06 20:59:00,C00717,P0013,ST099,Online,1.0,30190.0,0.0,Cash,Completed,4.0
2063,O005837,2025-09-22 16:09:00,C01115,P0012,ST099,Online,3.0,130340.0,0.1,M-Pesa,Completed,2.0
2064,O002340,2024-10-05 15:49:00,C00615,P0053,ST014,In-Store,,13410.0,0.0,M-Pesa,Returned,0.0
2065,O004216,2025-04-03 08:27:00,C01350,P0013,ST008,In-Store,1.0,30190.0,0.05,m-pesa,completed,0.0
2066,O003546,11-Jan-2025,C01013,P0152,ST011,In-Store,1.0,11580.0,0.0,Mpesa,Completed,0.0
2067,O005532,2025-08-20 12:15:00,C00463,P0159,ST099,Online,1.0,14960.0,0.0,M-Pesa,Completed,2.0
2068,O005545,2025-08-22 13:45:00,C00725,P0080,ST012,In-Store,1.0,4980.0,0.0,Airtel Money,Completed,0.0
2069,O003391,2024-12-26 16:19:00,C00845,P0060,ST099,Online,1.0,20160.0,0.1,Credit/Debit Card,Completed,6.0
2070,O005294,2025-07-28 20:14:00,C00677,P0131,ST009,In-Store,1.0,1830.0,0.0,Airtel Money,completed,0.0
2071,O006870,2025-12-17 10:31:00,C00925,P0083,ST016,In-Store,1.0,14200.0,0.0,Airtel Money,Completed,0.0
2072,O001260,2024-06-08 12:32:00,C00948,P0183,ST004,In-Store,1.0,39320.0,0.0,M pesa,Returned,0.0
2073,O003351,2024-12-24 14:19:00,C00517,P0172,ST005,In-Store,2.0,38980.0,0.1,m-pesa,Completed,0.0
2074,O004650,2025-05-20 11:45:00,C00068,P0190,ST015,In-Store,3.0,24360.0,0.0,airtel money,Completed,0.0
2075,O002638,2024-11-03 16:34:00,C00649,P0091,ST024,In-Store,1.0,2270.0,0.0,M-PESA,Completed,0.0
2076,O005616,2025-08-29 18:48:00,C01233,P0091,ST099,Online,1.0,2270.0,0.0,M-Pesa,Returned,1.0
2077,O007120,2025-12-30 14:15:00,C01039,P0013,ST005,In-Store,2.0,30190.0,0.0,MPESA ,Completed,0.0
2078,O003668,27-Jan-2025,C00026,P0093,ST099,Online,1.0,15030.0,0.0,M-Pesa,Completed,1.0
2079,O004432,2025-04-26 11:13:00,C00811,P0056,ST001,In-Store,1.0,14270.0,0.0,M-Pesa,Returned,0.0
2080,O001117,2024-05-19 13:22:00,C00791,P0156,ST099,Online,1.0,30350.0,0.0,CASH,Completed,4.0
2081,O005086,2025-07-05 18:33:00,C01151,P0023,ST008,In-Store,1.0,122960.0,,Mpesa,Completed,0.0
2082,O004833,2025-06-07 12:58:00,C00532,P0062,ST099,Online,1.0,20210.0,0.0,Cash,Returned,6.0
2083,O002350,2024-10-06 10:01:00,C01327,P0012,ST099,Online,,130340.0,0.0,Airtel Money,Completed,2.0
2084,O000430,2024-02-26 19:08:00,C00779,P0172,ST001,In-Store,1.0,38980.0,0.0,Cash,Completed,0.0
2085,O006520,2025-11-23 15:14:00,C00417,P0151,ST021,In-Store,2.0,47660.0,0.0,Airtel Money,Completed,0.0
2086,O000994,2024-05-05 20:17:00,C00353,P0024,ST015,In-Store,1.0,85100.0,0.0,Credit/Debit Card,Completed,0.0
2087,O003959,2025-03-06 19:13:00,C00086,P0173,ST013 ,In-Store,2.0,19620.0,0.0,M-PESA,completed,0.0
2088,O001715,2024-07-28 20:17:00,C00976,P0116,ST008,In-Store,1.0,13190.0,0.0,m-pesa,Completed,0.0
2089,O002223,2024-09-22 20:06:00,C00176,P0181,ST006,In-Store,1.0,23170.0,0.0,Credit/Debit Card,Returned,0.0
2090,O006500,2025-11-21 11:56:00,C00790,P0139,ST008,In-Store,1.0,6700.0,0.0,mpesa,Completed,0.0
2091,O003856,2025-02-22 16:08:00,C00267,P0104,ST018,In-Store,1.0,3780.0,0.0,Mpesa ,returned,0.0
2092,O000617,2024-03-21 16:26:00,C00539,P0192,ST099,Online,1.0,34850.0,0.0,CASH,Completed,1.0
2093,O005023,2025-06-29 14:40:00,C01041,P0023,ST099,Online,1.0,122960.0,0.0,M-Pesa,Completed,5.0
2094,O006157,2025-10-22 09:45:00,C00650,P0135,ST003,In-Store,1.0,3510.0,0.0,M-Pesa,Completed,0.0
2095,O006973,2025-12-21 20:54:00,C00692,P0135,ST015,In-Store,2.0,3510.0,0.1,M-Pesa,Completed,0.0
2096,O000261,2024-02-02 17:12:00,C00842,P0041,ST019,In-Store,1.0,83810.0,0.05,M-Pesa,Completed,0.0
2097,O004147,2025-03-28 11:24:00,C01192,P0125,ST099,Online,2.0,5710.0,0.15,M-Pesa,Completed,6.0
2098,O006078,2025-10-13 13:39:00,C00665,P0176,ST099,Online,,10760.0,0.0,m-pesa,Completed,6.0
2099,O005972,2025-10-05 16:54:00,C01280,P0034,ST099,Online,1.0,32600.0,,Cash,Completed,6.0
2100,O005509,2025-08-18 12:10:00,C01176,P0104,ST099,Online,2.0,3780.0,,M-Pesa,Completed,6.0
2101,O003850,2025-02-21 19:54:00,C00332,P0021,ST021,In-Store,1.0,135600.0,0.0,M-PESA,completed,0.0
2102,O005786,2025-09-16 11:32:00,C00620,P0053,ST099,Online,1.0,13410.0,0.2,M pesa,Completed,4.0
2103,O000655,2024-03-24 08:32:00,C00985,P0060,ST022,In-Store,1.0,20160.0,0.05,Airtel Money,Completed,0.0
2104,O005112,2025-07-07 14:34:00,C00473,P0080,ST099,Online,1.0,4980.0,0.0,M-Pesa,Completed,6.0
2105,O005707,2025-09-07 16:35:00,C00970,P0198,ST017,In-Store,2.0,35160.0,0.0,M-Pesa,Cancelled,0.0
2106,O002700,2024-11-09 13:43:00,,P0135,ST014,In-Store,1.0,3510.0,0.0,Cash,Completed,0.0
2107,O004227,2025-04-05 08:19:00,C00937,P0022,ST099,Online,1.0,63380.0,0.0,Airtel Money,Completed,4.0
2108,O004951,2025-06-21 09:33:00,C01275,P0135,ST099,Online,1.0,3510.0,0.15,Cash,Completed,4.0
2109,O003155,2024-12-14 19:45:00,C00264,P0176,ST012,In-Store,1.0,10760.0,0.0,Credit/Debit Card,Completed,0.0
2110,O006193,2025-10-25 20:07:00,C01239,P0056,ST151,Online,1.0,14270.0,0.0,M-Pesa,Returned,2.0
2111,O001493,2024-07-04 20:53:00,C00180,P0058,ST099,Online,1.0,17000.0,0.05,M-Pesa,Returned,1.0
2112,O005445,2025-08-12 08:15:00,C00396,P0188,ST099,Online,1.0,10310.0,,M-Pesa,Completed,4.0
2113,O000978,2024-05-02 16:06:00,C00749,P0189,ST003,In-Store,1.0,32140.0,0.0,CASH,Returned,0.0
2114,O001635,2024-07-20 16:15:00,C00922,P0056,ST099,Online,1.0,14270.0,0.0,M-Pesa,Completed,5.0
2115,O003982,2025-03-09 20:40:00,C01324,P0151,ST099,Online,3.0,47660.0,0.0,M-Pesa,Completed,5.0
2116,O000931,2024-04-27 13:55:00,C01011,P0187,ST099 ,Online,,10220.0,0.0,M-Pesa,Completed,6.0
2117,O002839,2024-11-20 09:06:00,C00984,P0084,ST099,Online,1.0,17830.0,,M-Pesa,Returned,4.0
2118,O004297,2025-04-13 16:04:00,C00510,P0175,ST018,In-Store,1.0,15740.0,,M-Pesa,COMPLETED,0.0
2119,O003719,2025-02-03 17:53:00,C00411,P0151,ST099,Online,1.0,47660.0,0.05,M-Pesa,COMPLETED,2.0
2120,O006674,2025-12-05 08:06:00,C00401,P0194,ST007,In-Store,1.0,24550.0,0.15,Bank Transfer,Completed,0.0
2121,O005583,2025-08-25 10:30:00,C01283,P0024,ST011,In-Store,2.0,85100.0,0.0,Card,Returned,0.0
2122,O002198,2024-09-20 13:11:00,C01150,P0061,ST010,In-Store,1.0,19410.0,0.0,Mpesa ,Completed,0.0
2123,O006202,2025-10-26 19:36:00,C01307,P0135,ST099,Online,1.0,3510.0,0.0,Credit/Debit Card,Completed,6.0
2124,O000402,2024-02-23 18:58:00,C00287,P0091,ST003,In-Store,2.0,2270.0,0.0,Bank Transfer,Completed,0.0
2125,O003887,2025-02-26 18:46:00,C00680,P0138,ST007,In-Store,1.0,4780.0,0.0,cash ,Completed,0.0
2126,O001588,2024-07-15 08:22:00,C00580,P0057,ST015,In-Store,1.0,2110.0,0.0,Cash,completed,0.0
2127,O004179,2025-03-30 11:04:00,C00101,P0189,ST019,In-Store,1.0,32140.0,0.0,M-Pesa,Returned,0.0
2128,O005019,2025-06-29 12:56:00,C00227,P0091,ST015,In-Store,2.0,2270.0,0.0,Card,Completed,0.0
2129,O002655,2024-11-04 19:34:00,C00788,P0159,ST005,In-Store,1.0,14960.0,0.0,M-Pesa,Cancelled,0.0
2130,O005141,2025-07-10 15:09:00,C00763,P0062,ST003,In-Store,1.0,20210.0,0.0,M-PESA,Completed,0.0
2131,O002779,2024-11-15 16:45:00,C00934,P0022,ST018,In-Store,1.0,63380.0,0.0,Cash,Completed,0.0
2132,O005884,2025-09-27 17:07:00,C00157,P0074,ST021,In-Store,1.0,1880.0,0.0,M-PESA,Cancelled,0.0
2133,O000420,2024-02-24 20:32:00,C01087,P0091,ST013,In-Store,2.0,2270.0,0.0,Airtel Money,Completed,0.0
2134,O000322,2024-02-12 11:46:00,C01277,P0045,ST008,In-Store,1.0,20960.0,0.0,M-PESA,Completed,0.0
2135,O003704,2025-02-01 14:01:00,C01000,P0138,ST011,In-Store,1.0,4780.0,0.0,M pesa,Completed,0.0
2136,O000202,2024-01-25 20:31:00,C00772,P0074,ST013,In-Store,1.0,1880.0,0.0,M-Pesa,Returned,0.0
2137,O000526,2024-03-09 15:07:00,C00544,P0060,ST099,Online,1.0,20160.0,0.0,m-pesa,Completed,4.0
2138,O003430,2024-12-29 10:06:00,C00880,P0189,ST007,In-Store,2.0,32140.0,0.15,Credit/Debit Card,Completed,0.0
2139,O005663,2025-09-03 20:30:00,C00506,P0131,ST099,Online,1.0,1830.0,0.0,M-Pesa,Completed,5.0
2140,O005331,2025-07-31 20:25:00,C00008,P0116,ST099,Online,1.0,13190.0,0.0,MPESA ,COMPLETED,1.0
2141,O006701,2025-12-06 09:39:00,C01080,P0074,ST007,In-Store,1.0,1880.0,0.05,M-Pesa,completed,0.0
2142,O007082,2025-12-27 13:50:00,C00417,P0152,ST099,Online,1.0,11580.0,0.0,Cash,Completed,5.0
2143,O006455,2025-11-16 16:11:00,C00118,P0039,ST010,In-Store,2.0,75080.0,0.0,Airtel-Money,Completed,0.0
2144,O004867,2025-06-11 18:09:00,C00599,P0061,ST015,In-Store,2.0,19410.0,0.0,Cash,Completed,0.0
2145,O005135,2025-07-10 10:27:00,C01205,P0198,ST005,In-Store,1.0,35160.0,0.0,Airtel Money,Completed,0.0
2146,O000349,2024-02-15 10:48:00,C00538,P0084,ST099,Online,2.0,17830.0,0.0,Cash,completed,4.0
2147,O003097,2024-12-09 11:56:00,C00984,P0013,ST099,Online,1.0,30190.0,0.0,Bank Transfer,Completed,4.0
2148,O003019,2024-12-05 14:18:00,C00694,P0163,ST099,Online,1.0,41210.0,0.1,M-Pesa,completed,2.0
2149,O001516,2024-07-07 12:10:00,C00597,P0152,ST009,In-Store,1.0,11580.0,0.25,Cash,COMPLETED,0.0
2150,O002413,2024-10-12 09:23:00,C00140,P0005,ST019,In-Store,3.0,18960.0,0.0,M pesa,complete,0.0
2151,O004719,2025-05-26 08:12:00,C00910,P0048,ST019,In-Store,1.0,21400.0,0.0,Bank Transfer,Completed,0.0
2152,O006993,2025-12-22 12:46:00,C00993,P0183,ST099,Online,1.0,39320.0,0.0,mpesa,Completed,2.0
2153,O005138,2025-07-10 10:08:00,C01179,P0004,ST099,Online,1.0,38100.0,0.0,Cash,Cancelled,4.0
2154,O004410,2025-04-23 09:08:00,C00799,P0058,ST099,Online,1.0,17000.0,0.15,Cash,complete,5.0
2155,O001010,2024-05-06 19:50:00,C00014,P0188,ST099,Online,1.0,10310.0,0.0,M-Pesa,Completed,6.0
2156,O003151,2024-12-14 11:22:00,C01233,P0096,ST019,In-Store,1.0,6270.0,0.0,M-Pesa,Completed,0.0
2157,O002491,2024-10-20 13:25:00,C01196,P0062,ST020,In-Store,1.0,20210.0,0.0,M-Pesa,Completed,0.0
2158,O004127,2025-03-25 14:12:00,C01052,P0159,ST006,In-Store,2.0,14960.0,0.05,M-Pesa,Returned,0.0
2159,O003321,2024-12-22 16:49:00,C00357,P0160,ST005,In-Store,1.0,52970.0,0.15,M-Pesa,Completed,0.0
2160,O003986,2025-03-09 14:40:00,C00967,P0030,ST099,Online,1.0,62130.0,0.0,MPESA ,complete,5.0
2161,O003977,2025-03-08 13:02:00,C00588,P0112,ST022,In-Store,1.0,9880.0,0.0,Credit/Debit Card,Completed,0.0
2162,O005047,2025-07-02 14:37:00,C00879,P0036,ST099,Online,1.0,82830.0,0.0,cash ,Completed,2.0
2163,O002659,2024-11-04 12:23:00,C00339,P0135,ST002,In-Store,2.0,,0.0,debit card,Completed,0.0
2164,O006907,2025-12-18 13:41:00,C01001,P0187,ST009,In-Store,1.0,10220.0,0.0,Mpesa ,completed,0.0
2165,O003238,2024-12-18 10:39:00,C00287,P0153,ST001,In-Store,1.0,58800.0,0.0,cash,Completed,0.0
2166,O002671,2024-11-06 15:37:00,C00311,P0048,ST099,Online,1.0,21400.0,0.0,Airtel-Money,complete,3.0
2167,O002042,2024-09-01 15:32:00,C00070,P0088,ST007,In-Store,1.0,10360.0,0.0,M-PESA,Completed,0.0
2168,O005407,2025-08-08 18:45:00,C00573,P0013,ST099 ,Online,2.0,30190.0,0.0,M-Pesa,Completed,3.0
2169,O001997,2024-08-29 18:41:00,C00083,P0150,ST010,In-Store,1.0,32640.0,,M-Pesa,Completed,0.0
2170,O004609,2025-05-15 09:12:00,C00890,P0097,ST099,Online,1.0,1930.0,0.0,M-Pesa,Completed,5.0
2171,O006987,2025-12-22 20:49:00,C00045,P0188,ST018,In-Store,2.0,10310.0,0.1,MPESA ,Cancelled,0.0
2172,O002260,2024-09-26 17:23:00,C01199,P0018,ST005,In-Store,1.0,79380.0,0.0,CASH,Completed,0.0
2173,O002070,2024-09-06 15:57:00,C00253,P0160,ST024,In-Store,1.0,52970.0,0.0,M-Pesa,Completed,0.0
2174,O004461,2025-04-28 14:37:00,C01340,P0194,ST002,In-Store,1.0,24550.0,0.0,M-Pesa,Completed,0.0
2175,O001797,2024-08-05 09:45:00,C00390,P0011,ST099,Online,1.0,25490.0,0.0,credit card,COMPLETED,6.0
2176,O006343,2025-11-07 10:07:00,C00976,P0120,ST099,Online,1.0,10270.0,0.0,M-PESA,Completed,4.0
2177,O002689,07/11/2024,C00518,P0191,ST020,In-Store,1.0,20900.0,0.0,M-Pesa,Completed,0.0
2178,O002285,2024-09-29 08:37:00,C01097,P0086,ST009,In-Store,1.0,19730.0,0.0,Cash,Completed,0.0
2179,O002865,2024-11-22 12:22:00,C00303,P0129,ST099,Online,1.0,10150.0,0.0,M-Pesa,Returned,5.0
2180,O005613,2025-08-29 10:52:00,C01091,P0027,ST004,In-Store,1.0,26240.0,0.0,Airtel Money,Completed,0.0
2181,O006666,2025-12-04 12:54:00,C01343,P0056,ST099,Online,1.0,14270.0,0.05,M-Pesa,Returned,2.0
2182,O001056,2024-05-12 13:21:00,C00432,P0146,ST012,In-Store,1.0,,0.0,M-Pesa,Completed,0.0
2183,O006345,2025-11-07 20:03:00,C00195,P0176,ST099,Online,2.0,10760.0,0.0,M-Pesa,Completed,2.0
2184,O005672,2025-09-04 18:07:00,C00450,P0160,ST003,In-Store,2.0,52970.0,0.0,M pesa,Completed,0.0
2185,O004278,2025-04-10 12:25:00,C00608,P0039,ST023,In-Store,4.0,75080.0,0.0,Credit/Debit Card,Completed,0.0
2186,O004652,2025-05-20 17:18:00,C01168,P0086,ST099,Online,1.0,19730.0,0.05,MPESA ,Returned,4.0
2187,O000306,2024-02-09 20:05:00,C00050,P0018,ST004,In-Store,1.0,79380.0,0.15,M-Pesa,Completed,0.0
2188,O006517,2025-11-22 17:34:00,,P0160,ST023,In-Store,1.0,52970.0,0.0,Credit/Debit Card,Completed,0.0
2189,O000765,08-Apr-2024,C00246,P0162,ST020,In-Store,1.0,42760.0,0.15,cash,Completed,0.0
2190,O006962,2025-12-21 12:30:00,C00719,P0122,ST017,In-Store,,1050.0,0.0,m-pesa,Returned,0.0
2191,O002257,2024-09-25 12:57:00,C00144,P0025,ST017,In-Store,1.0,53630.0,0.0,Cash,Completed,0.0
2192,O005634,2025-08-30 08:29:00,C01344,P0165,ST007,In-Store,1.0,45630.0,0.0,Airtel Money,Completed,0.0
2193,O006523,2025-11-23 11:40:00,C00655,P0042,ST099,Online,1.0,123680.0,0.0,Credit/Debit Card,Completed,1.0
2194,O006836,2025-12-15 17:28:00,C00286,P0129,ST099,Online,3.0,10150.0,0.0,M-Pesa,Completed,1.0
2195,O003246,2024-12-19 16:54:00,C00012,P0110,ST099,Online,1.0,9580.0,0.0,Cash,COMPLETED,3.0
2196,O001969,2024-08-25 10:40:00,C01270,P0060,ST099,Online,1.0,20160.0,0.1,Mpesa ,Completed,2.0
2197,O000583,2024-03-17 10:23:00,C00123,P0074,ST099,Online,1.0,1880.0,0.15,M pesa,Returned,4.0
2198,O000576,2024-03-17 17:43:00,C00482,P0151,ST018,In-Store,1.0,47660.0,0.0,M-Pesa,complete,0.0
2199,O006655,2025-12-03 19:41:00,C01328,P0152,ST022,In-Store,1.0,11580.0,0.0,Airtel Money,Completed,0.0
2200,O003416,2024-12-28 14:20:00,C00067,P0126,ST002,In-Store,1.0,12920.0,,Card,Returned,0.0
2201,O006093,2025-10-15 13:15:00,C00347,P0159,ST099,Online,1.0,14960.0,0.0,M-Pesa,complete,2.0
2202,O000921,2024-04-25 10:20:00,C00075,P0059,ST004,In-Store,2.0,16280.0,0.0,Mpesa,Completed,0.0
2203,O000970,2024-05-01 09:59:00,C00639,P0166,ST099,Online,,36200.0,0.0,M-Pesa,completed,5.0
2204,O001276,2024-06-09 18:46:00,C01265,P0160,ST099,Online,1.0,52970.0,0.0,Airtel Money,complete,5.0
2205,O006854,2025-12-16 12:26:00,C01076,P0152,ST008,In-Store,1.0,11580.0,,MPESA ,Completed,0.0
2206,O006510,2025-11-22 12:41:00,C01263,P0070,ST099,Online,1.0,18010.0,,M-Pesa,Completed,5.0
2207,O005516,2025-08-19 18:18:00,C00523,P0196,ST099,Online,1.0,20930.0,0.0,m-pesa,Completed,3.0
2208,O001988,2024-08-28 10:07:00,C01035,P0091,ST021,In-Store,1.0,2270.0,0.0,M-Pesa,Completed,0.0
2209,O000790,2024-04-12 10:55:00,C00694,P0158,ST099,Online,1.0,36400.0,0.0,M-PESA,Completed,3.0
2210,O007011,2025-12-23 10:46:00,C01208,P0031,ST018,In-Store,1.0,7910.0,0.0,M-Pesa,RETURNED,0.0
2211,O003521,2025-01-08 09:37:00,C01314,P0150,ST001,In-Store,1.0,32640.0,0.0,M pesa,Completed,0.0
2212,O005308,2025-07-29 09:40:00,C00218,P0104,ST023,In-Store,2.0,3780.0,0.0,M pesa,Completed,0.0
2213,O006763,2025-12-10 19:28:00,C00771,P0160,ST099,Online,1.0,52970.0,0.1,M pesa,Completed,5.0
2214,O006241,2025-10-30 14:51:00,C00507,P0110,ST013,In-Store,1.0,9580.0,0.0,Credit/Debit Card,Completed,0.0
2215,O004511,2025-05-04 17:03:00,C00769,P0010,ST099,Online,1.0,127120.0,0.0,Cash,Completed,1.0
2216,O004465,2025-04-28 12:44:00,C00222 ,P0126,ST010,In-Store,2.0,12920.0,0.1,Bank Transfer,Completed,0.0
2217,O001752,2024-08-01 12:52:00,C00339,P0074,ST099,Online,2.0,1880.0,0.0,Mpesa ,Completed,2.0
2218,O004732,2025-05-27 17:44:00,C00056,P0176,ST099 ,Online,2.0,10760.0,0.0,Airtel Money,Completed,1.0
2219,O002708,2024/11/09,C00515,P0059,ST013,In-Store,1.0,16280.0,0.0,M-Pesa,Completed,0.0
2220,O003342,2024-12-23 17:40:00,C00680,P0146,ST021,In-Store,1.0,29570.0,0.1,M-Pesa,complete,0.0
2221,O002569,2024-10-27 09:53:00,C00047,P0012,ST009,In-Store,2.0,130340.0,0.0,cash ,Completed,0.0
2222,O002656,2024-11-04 12:13:00,C01012,P0162,ST099,Online,1.0,42760.0,0.0,CARD,Completed,1.0
2223,O002663,2024/11/05,C00875,P0171,ST006,In-Store,1.0,48310.0,0.15,Credit/Debit Card,Completed,0.0
2224,O000871,2024-04-19 19:07:00,C00129,P0056,ST022,In-Store,1.0,14270.0,0.0,Airtel Money,Completed,0.0
2225,O001550,2024-07-10 18:36:00,C00954,P0162,ST018,In-Store,1.0,42760.0,0.05,M-Pesa,Completed,0.0
2226,O004771,2025-05-31 20:24:00,,P0038,ST002,In-Store,1.0,65560.0,,M-Pesa,complete,0.0
2227,O001966,2024-08-25 15:46:00,C00205,P0060,ST099,Online,1.0,20160.0,0.0,mpesa,Completed,1.0
2228,O002850,2024-11-20 08:27:00,C00274,P0005,ST009,In-Store,1.0,18960.0,0.0,Airtel Money,Completed,0.0
2229,O006619,2025-11-30 17:31:00,C00087,P0070,ST099,Online,2.0,18010.0,0.0,Cash,Completed,3.0
2230,O006363,2025-11-09 10:38:00,C01209,P0003,ST099,Online,1.0,26210.0,0.0,Mpesa ,Returned,2.0
2231,O002166,2024-09-15 13:04:00,C01344,P0174,ST099,Online,1.0,29840.0,0.0,Mpesa,Completed,1.0
2232,O001871,2024-08-16 16:55:00,C00836,P0183,ST009,In-Store,1.0,39320.0,0.0,Cash,Completed,0.0
2233,O001884,2024-08-17 19:57:00,C01233,P0135,ST010,In-Store,1.0,3510.0,0.0,M-Pesa,Returned,0.0
2234,O001533,2024-07-08 17:44:00,C00414,P0013,ST005,In-Store,1.0,30190.0,0.0,Bank Transfer,Completed,0.0
2235,O002974,2024-12-02 20:52:00,C00521,P0125,ST024,In-Store,1.0,5710.0,0.0,M pesa,Completed,0.0
2236,O005872,2025-09-26 12:08:00,C00412,P0176,ST001,In-Store,1.0,10760.0,0.0,MPESA ,completed,0.0
2237,O006926,2025-12-19 18:35:00,C00521,P0138,ST005,In-Store,1.0,4780.0,0.0,M-Pesa,Returned,0.0
2238,O001431,2024-06-27 16:25:00,C00255,P0060,ST007,In-Store,1.0,20160.0,0.0,M-Pesa,Cancelled,0.0
2239,O000672,2024-03-28 13:13:00,C01190,P0184,ST007,In-Store,1.0,20390.0,0.0,Bank Transfer,Completed,0.0
2240,O005080,2025-07-05 14:24:00,C00762,P0188,ST014,In-Store,1.0,10310.0,0.0,M-Pesa,Completed,0.0
2241,O002092,2024-09-09 14:48:00,C00022,P0061,ST099,Online,1.0,19410.0,0.0,Credit/Debit Card,Completed,2.0
2242,O003329,2024-12-22 12:47:00,C00812,P0086,ST099 ,Online,1.0,19730.0,0.0,Cash,COMPLETED,6.0
2243,O005771,2025-09-14 13:21:00,C00099,P0183,ST016,In-Store,3.0,39320.0,0.0,Airtel Money,Completed,0.0
2244,O003596,2025-01-18 13:45:00,C00979 ,P0159,ST010,In-Store,1.0,14960.0,0.0,M-Pesa,Completed,0.0
2245,O001087,2024-05-15 18:25:00,,P0126,ST024,In-Store,1.0,12920.0,,Mpesa ,Returned,0.0
2246,O005809,2025-09-18 13:40:00,C00957,P0088,ST008,In-Store,-2.0,10360.0,0.0,Airtel-Money,Completed,0.0
2247,O002447,2024-10-14 14:33:00,,P0158,ST099,Online,1.0,36400.0,0.0,Airtel Money,Completed,6.0
2248,O003507,2025-01-06 15:55:00,C00778,P0051,ST099 ,Online,1.0,20210.0,0.0,CASH,Completed,2.0
2249,O001896,2024-08-18 13:58:00,C00635,P0062,ST024,In-Store,1.0,20210.0,,M-Pesa,Completed,0.0
2250,O001562,2024-07-12 18:37:00,C01340,P0165,ST013,In-Store,1.0,45630.0,0.0,M-Pesa,Completed,0.0
2251,O003647,2025-01-24 13:58:00,C00076,P0069,ST099,Online,2.0,20690.0,0.0,Credit/Debit Card,Completed,4.0
2252,O000325,2024-02-13 19:21:00,C00145,P0074,ST099,Online,1.0,1880.0,,Airtel Money,Completed,4.0
2253,O005883,2025-09-27 17:50:00,C01269,P0176,ST099,Online,1.0,10760.0,0.1,M-Pesa,Completed,1.0
2254,O003193,2024-12-16 18:13:00,C00703,P0086,ST099,Online,1.0,19730.0,0.15,Mpesa ,Completed,4.0
2255,O006733,2025-12-08 16:09:00,C01125,P0089,ST024,In-Store,1.0,7140.0,0.0,M-Pesa,Completed,0.0
2256,O006697,2025-12-06 16:45:00,C01233,P0020,ST099,Online,1.0,10070.0,0.0,Bank Transfer,Cancelled,3.0
2257,O004314,2025-04-14 14:06:00,C00638,P0187,ST022,In-Store,,10220.0,,M-Pesa,Completed,0.0
2258,O001758,2024-08-01 16:38:00,C00538,P0060,ST022,In-Store,1.0,20160.0,0.05,cash ,Returned,0.0
2259,O000964,2024-04-30 09:42:00,C01107,P0060,ST002,In-Store,1.0,20160.0,0.0,M-Pesa,Returned,0.0
2260,O004995,2025-06-26 08:48:00,C01177,P0012,ST006,In-Store,1.0,130340.0,0.0,cash,Completed,0.0
2261,O006895,2025-12-18 15:31:00,C01262,P0012,ST099,Online,1.0,130340.0,0.0,M-Pesa,Completed,4.0
2262,O000521,2024-03-09 14:27:00,C00589,P0174,ST099,Online,2.0,29840.0,0.0,M-Pesa,complete,6.0
2263,O003913,2025-03-01 19:15:00,C01078,P0108,ST099,Online,1.0,14950.0,0.1,M-Pesa,Completed,5.0
2264,O002237,2024-09-23 20:44:00,C01212,P0146,ST002,In-Store,2.0,29570.0,0.0,Credit/Debit Card,Completed,0.0
2265,O002239,2024-09-23 09:18:00,C00415,P0151,ST099,Online,1.0,47660.0,0.0,M-Pesa,Completed,6.0
2266,O001135,2024-05-21 09:17:00,C01052,P0162,ST099,Online,1.0,42760.0,0.15,M-Pesa,completed,6.0
2267,O001650,2024-07-21 10:52:00,C01264,P0139,ST021,In-Store,1.0,6700.0,0.0,M-Pesa,Completed,0.0
2268,O003077,2024-12-08 19:42:00,,P0156,ST017,In-Store,1.0,30350.0,0.1,M-Pesa,Completed,0.0
2269,O002633,2024-11-02 19:33:00,C00459,P0135,ST002,In-Store,2.0,3510.0,0.0,Airtel money,Completed,0.0
2270,O006184,2025-10-25 19:50:00,C01064,P0051,ST003,In-Store,1.0,20210.0,,credit card,Completed,0.0
2271,O006104,2025-10-17 20:35:00,C01553,P0041,ST022,In-Store,1.0,83810.0,0.0,Credit/Debit Card,Completed,0.0
2272,O001153,2024-05-24 11:14:00,C01112,P0179,ST001,In-Store,1.0,40350.0,0.0,CASH,Completed,0.0
2273,O005640,2025-08-31 09:48:00,C01061,P0069,ST007,In-Store,1.0,20690.0,0.15,M-Pesa,complete,0.0
2274,O002928,2024-11-28 16:52:00,C00070,P0012,ST012,In-Store,4.0,130340.0,0.0,M-Pesa,Completed,0.0
2275,O001223,2024-06-02 16:35:00,C00678,P0160,ST099,Online,1.0,52970.0,0.0,Airtel money,Cancelled,6.0
2276,O000948,2024-04-28 20:48:00,C00937,P0136,ST099,Online,2.0,1510.0,0.0,Credit/Debit Card,Completed,2.0
2277,O006553,2025-11-25 11:29:00,C01047,P0013,ST020,In-Store,1.0,30190.0,0.0,cash ,Completed,0.0
2278,O000036,2024-01-05 09:49:00,C01026,P0071,ST099,Online,1.0,4850.0,0.0,M-Pesa,Completed,4.0
2279,O001197,2024-05-30 09:20:00,C00862,P0172,ST019,In-Store,2.0,38980.0,0.0,M-Pesa,Completed,0.0
2280,O006329,2025-11-06 18:55:00,C00891,P0057,ST022,In-Store,1.0,2110.0,0.05,M-Pesa,Completed,0.0
2281,O005338,2025-08-01 12:37:00,C00073,P0033,ST017,In-Store,1.0,103260.0,0.0,M-Pesa,Completed,0.0
2282,O000988,2024-05-04 08:58:00,C00035,P0094,ST099,Online,1.0,7010.0,0.0,M-Pesa,Completed,4.0
2283,O006386,2025-11-11 09:31:00,C01324,P0061,ST016,In-Store,1.0,19410.0,0.0,Airtel Money,Cancelled,0.0
2284,O001889,2024-08-17 12:54:00,C01182,P0138,ST013,In-Store,1.0,4780.0,0.0,M-Pesa,RETURNED,0.0
2285,O005417,2025-08-09 10:44:00,C00396,P0096,ST006,In-Store,1.0,6270.0,0.0,M-Pesa,Completed,0.0
2286,O001445,2024-06-29 19:26:00,C00556,P0084,ST099,Online,1.0,17830.0,0.0,Bank Transfer,Completed,5.0
2287,O002881,2024-11-24 18:25:00,C01080,P0061,ST099,Online,1.0,19410.0,0.0,Airtel Money,Completed,3.0
2288,O004052,2025-03-17 16:07:00,C00496,P0028,ST021,In-Store,1.0,6690.0,0.0,M-Pesa,Completed,0.0
2289,O006677,2025-12-05 14:02:00,C00188,P0028,ST099,Online,1.0,6690.0,0.0,M-PESA,completed,3.0
2290,O001743,2024-07-31 18:39:00,C00909,P0056,ST099,Online,1.0,14270.0,0.0,CARD,Completed,3.0
2291,O002763,2024-11-13 10:43:00,C00806,P0196,ST099,Online,1.0,20930.0,,M-Pesa,Completed,5.0
2292,O002294,2024-09-29 16:06:00,C00991,P0005,ST017,In-Store,1.0,18960.0,0.0,M-Pesa,Completed,0.0
2293,O003049,2024-12-07 19:55:00,C00002,P0173,ST021,In-Store,1.0,19620.0,0.0,M-Pesa,Completed,0.0
2294,O005127,2025-07-09 19:56:00,C00557,P0042,ST005,In-Store,1.0,123680.0,0.0,M-Pesa,Completed,0.0
2295,O000863,2024-04-19 08:33:00,C01200,P0159,ST001,In-Store,1.0,14960.0,0.1,M-Pesa,Completed,0.0
2296,O004636,2025-05-18 09:17:00,C00256,P0161,ST099,Online,1.0,49910.0,0.0,airtel money,Completed,6.0
2297,O000047,2024-01-06 08:04:00,C00114,P0057,ST019,In-Store,3.0,2110.0,0.0,Airtel Money,Completed,0.0
2298,O005650,2025-09-01 17:15:00,C00396,P0056,ST099,Online,1.0,14270.0,0.0,M-Pesa,Returned,4.0
2299,O006280,2025-11-02 17:45:00,C00414,P0146,ST001,In-Store,1.0,29570.0,0.0,Credit/Debit Card,Completed,0.0
2300,O006461,2025-11-17 20:49:00,C01344,P0091,ST018,In-Store,1.0,2270.0,0.0,Cash,Completed,0.0
2301,O002337,2024-10-05 12:24:00,C00144,P0005,ST007,In-Store,1.0,18960.0,0.0,M pesa,Completed,0.0
2302,O000945,2024-04-28 18:21:00,C00656,P0197,ST024,In-Store,1.0,22390.0,0.0,Cash,Completed,0.0
2303,O000552,2024-03-13 20:39:00,C00595,P0175,ST015,In-Store,2.0,15740.0,0.15,M-Pesa,Completed,0.0
2304,O001799,2024-08-06 20:04:00,C01018,P0125,ST022,In-Store,1.0,5710.0,0.05,Airtel Money,Cancelled,0.0
2305,O000560,2024-03-15 10:42:00,C00864,P0096,ST099,Online,1.0,6270.0,0.0,M-Pesa,COMPLETED,4.0
2306,O003572,2025-01-15 12:20:00,C00048,P0030,ST099,Online,1.0,62130.0,0.0,M-Pesa,Completed,3.0
2307,O005920,2025-09-30 18:26:00,C00360,P0159,ST099,Online,1.0,14960.0,0.0,M-Pesa,RETURNED,1.0
2308,O005716,08/09/2025,C00836,P0160,ST014,In-Store,1.0,52970.0,0.0,M-PESA,Completed,0.0
2309,O001073,2024-05-14 15:00:00,C00701,P0073,ST007,In-Store,1.0,21150.0,0.0,CASH,Completed,0.0
2310,O003794,2025-02-14 14:25:00,,P0025,ST010,In-Store,1.0,53630.0,0.0,debit card,Completed,0.0
2311,O006985,2025-12-22 15:57:00,C01284,P0002,ST099,Online,1.0,91490.0,0.0,M pesa,COMPLETED,3.0
2312,O003440,2024-12-29 14:58:00,C00039,P0171,ST014,In-Store,1.0,48310.0,,M-Pesa,Completed,0.0
2313,O005577,2025-08-24 10:38:00,C00957,P0058,ST099,Online,1.0,17000.0,0.0,M pesa,Completed,6.0
2314,O004565,2025-05-09 16:29:00,C01010,P0013,ST099,Online,1.0,30190.0,0.0,M-Pesa,Completed,1.0
2315,O007065,2025-12-26 10:50:00,C00424,P0174,ST022,In-Store,1.0,29840.0,0.05,M-Pesa,Completed,0.0
2316,O000024,2024-01-04 12:14:00,C00361,P0074,ST013,In-Store,2.0,1880.0,0.0,Airtel Money,Completed,0.0
2317,O003059,2024-12-07 08:08:00,C00529,P0158,ST099,Online,1.0,36400.0,0.15,mpesa,Returned,5.0
2318,O007048,2025-12-24 20:42:00,C00799,P0198,ST099,Online,3.0,35160.0,0.0,M-Pesa,Completed,4.0
2319,O000898,2024-04-22 17:40:00,C00317,P0056,ST099 ,Online,3.0,14270.0,0.0,Credit/Debit Card,Completed,1.0
2320,O006853,2025-12-16 13:07:00,C00102,P0160,ST099,Online,1.0,52970.0,0.0,Mpesa,Completed,1.0
2321,O002735,2024-11-11 15:10:00,C00289,P0125,ST099,Online,1.0,5710.0,0.05,cash,Completed,1.0
2322,O004053,2025-03-17 14:47:00,,P0119,ST014,In-Store,1.0,10780.0,0.0,CASH,Completed,0.0
2323,O002211,21/09/2024,C00129,P0196,ST099,Online,1.0,20930.0,0.0,Cash,Completed,5.0
2324,O006059,2025-10-11 18:34:00,C01086,P0135,ST023,In-Store,3.0,3510.0,0.0,M-Pesa,Completed,0.0
2325,O002276,2024-09-28 16:13:00,C00061,P0156,ST099,Online,1.0,30350.0,0.0,Cash,Completed,5.0
2326,O006080,2025-10-13 15:06:00,C00377,P0058,ST015,In-Store,2.0,17000.0,0.25,Bank Transfer,Completed,0.0
2327,O003825,2025-02-18 08:54:00,C01224,P0160,ST015,In-Store,1.0,52970.0,0.0,Airtel Money,completed,0.0
2328,O006965,2025-12-21 17:33:00,C00551,P0152,ST004,In-Store,1.0,11580.0,0.0,M-Pesa,Completed,0.0
2329,O004234,2025-04-06 17:03:00,C00989,P0160,ST099,Online,3.0,52970.0,0.0,Credit/Debit Card,Returned,1.0
2330,O000700,2024-03-31 10:23:00,C01006,P0084,ST003,In-Store,1.0,17830.0,0.0,cash,Completed,0.0
2331,O006395,2025-11-11 10:08:00,C01350,P0023,ST099,Online,2.0,122960.0,0.0,mpesa,Completed,6.0
2332,O004395,2025-04-21 11:59:00,C00558 ,P0028,ST099,Online,1.0,6690.0,0.0,M-Pesa,Completed,6.0
2333,O004258,2025-04-08 09:54:00,C01082,P0136,ST099,Online,1.0,1510.0,0.0,MPESA ,Completed,6.0
2334,O002013,2024-08-30 09:04:00,C00699,P0160,ST099,Online,1.0,52970.0,0.0,Cash,completed,4.0
2335,O006294,2025-11-02 17:52:00,C00342,P0098,ST099,Online,2.0,10630.0,0.0,Airtel-Money,CANCELLED,5.0
2336,O005392,2025-08-07 19:17:00,C01337,P0068,ST013,In-Store,1.0,1250.0,0.0,Mpesa ,Completed,0.0
2337,O002112,2024-09-11 13:32:00,C00074,P0160,ST099,Online,1.0,52970.0,0.0,M-Pesa,Returned,2.0
2338,O002662,2024-11-04 12:50:00,C00198,P0156,ST099,Online,2.0,30350.0,0.0,M-Pesa,Completed,5.0
2339,O003888,2025-02-27 09:35:00,C00727,P0135,ST009,In-Store,1.0,3510.0,0.1,M-Pesa,completed,0.0
2340,O001471,2024-07-02 16:11:00,C01223,P0166,ST099,Online,1.0,36200.0,0.0,M-Pesa,Completed,1.0
2341,O006359,2025-11-08 18:15:00,C00905,P0173,ST099,Online,1.0,19620.0,0.0,M-Pesa,Completed,5.0
2342,O004015,2025-03-14 19:14:00,C01006,P0042,ST011,In-Store,1.0,123680.0,0.0,Airtel Money,Completed,0.0
2343,O006374,2025-11-09 13:59:00,C00662,P0006,ST013,In-Store,2.0,34810.0,0.0,M-Pesa,Completed,0.0
2344,O006484,2025-11-19 19:33:00,C00868,P0138,ST099,Online,1.0,4780.0,0.0,M-PESA,Completed,4.0
2345,O002958,2024-11-30 16:52:00,C00331,P0005,ST004,In-Store,1.0,18960.0,0.0,AIRTEL MONEY,Completed,0.0
2346,O000858,2024-04-18 20:17:00,C00155,P0025,ST008,In-Store,1.0,53630.0,0.0,M pesa,COMPLETED,0.0
2347,O005021,2025-06-29 10:15:00,C00979,P0178,ST013,In-Store,1.0,31250.0,0.0,Mpesa ,Completed,0.0
2348,O001081,2024-05-14 13:03:00,C01038,P0093,ST099,Online,1.0,15030.0,0.0,Bank Transfer,Completed,2.0
2349,O002111,2024-09-11 11:15:00,C00049,P0160,ST017,In-Store,1.0,52970.0,0.0,M-Pesa,Completed,0.0
2350,O003088,2024-12-09 11:36:00,C01022,P0154,ST018,In-Store,1.0,14610.0,0.0,CASH,Completed,0.0
2351,O003311,2024-12-21 20:51:00,C00604,P0160,ST099,Online,1.0,52970.0,,M-Pesa,Completed,1.0
2352,O003648,2025-01-24 20:20:00,C00764,P0058,ST012,In-Store,1.0,17000.0,0.0,Bank Transfer,Completed,0.0
2353,O002300,2024-09-30 13:30:00,C01251,P0158,ST001,In-Store,1.0,36400.0,0.0,Mpesa,completed,0.0
2354,O003611,2025-01-20 12:52:00,C00911,P0146,ST001,In-Store,2.0,29570.0,0.0,M-Pesa,Completed,0.0
2355,O006002,2025-10-08 08:52:00,C00549,P0098,ST099,Online,1.0,10630.0,,MPESA ,Completed,2.0
2356,O006782,2025-12-11 14:16:00,C01550,P0119,ST099,Online,2.0,10780.0,0.0,M-Pesa,Completed,4.0
2357,O003368,2024-12-25 18:36:00,C00533,P0056,ST005,In-Store,2.0,14270.0,0.1,M-Pesa,Completed,0.0
2358,O003313,2024-12-21 10:57:00,C00267,P0071,ST099,Online,1.0,4850.0,,mpesa,Completed,4.0
2359,O003024,2024/12/05,C00474,P0188,ST021,In-Store,3.0,10310.0,0.15,m-pesa,Completed,0.0
2360,O007133,2025-12-31 19:44:00,C00240,P0104,ST099,Online,1.0,3780.0,0.05,M-Pesa,Completed,4.0
2361,O003680,2025-01-29 13:14:00,C00606,P0153,ST022,In-Store,1.0,58800.0,0.05,mpesa,returned,0.0
2362,O002696,2024-11-08 19:47:00,C00985,P0051,ST012,In-Store,1.0,20210.0,0.0,M-Pesa,Completed,0.0
2363,O002428,2024-10-13 13:59:00,C00240,P0069,ST017,In-Store,1.0,20690.0,0.0,M-PESA,Completed,0.0
2364,O006176,2025-10-24 11:56:00,C00768,P0047,ST007,In-Store,1.0,16000.0,0.2,Airtel money,complete,0.0
2365,O001348,2024-06-17 13:03:00,C00184,P0171,ST008,In-Store,1.0,48310.0,0.0,Cash,completed,0.0
2366,O005463,2025-08-14 08:14:00,C00510,P0061,ST003,In-Store,2.0,19410.0,,M-Pesa,Completed,0.0
2367,O004877,2025-06-12 09:30:00,C00508,P0010,ST099,Online,1.0,127120.0,0.0,M-Pesa,Completed,4.0
2368,O006115,2025-10-18 12:13:00,C00138,P0086,ST015,In-Store,1.0,19730.0,0.0,M-Pesa,Completed,0.0
2369,O001029,2024-05-09 10:37:00,C00183,P0005,ST016,In-Store,1.0,18960.0,0.1,Bank Transfer,Completed,0.0
2370,O003319,2024-12-22 11:21:00,C00050,P0032,ST099,Online,1.0,112270.0,0.15,Credit/Debit Card,Cancelled,1.0
2371,O004862,2025-06-11 15:28:00,C00646,P0096,ST022,In-Store,1.0,6270.0,0.0,M-Pesa,Completed,0.0
2372,O001659,2024-07-22 14:31:00,C01077,P0151,ST007,In-Store,1.0,47660.0,0.0,M-PESA,Completed,0.0
2373,O001036,2024-05-10 10:30:00,C00938,P0125,ST021,In-Store,1.0,5710.0,0.0,Mpesa ,Completed,0.0
2374,O004103,2025-03-23 11:24:00,C01127,P0081,ST013,In-Store,1.0,14340.0,,mpesa,Completed,0.0
2375,O001706,2024-07-27 15:24:00,C00457,P0150,ST099,Online,1.0,32640.0,0.0,M-Pesa,Completed,6.0
2376,O000035,2024-01-05 19:23:00,C00866,P0175,ST099 ,Online,3.0,15740.0,0.0,M-Pesa,returned,4.0
2377,O005664,2025-09-03 11:31:00,C00362,P0131,ST001,In-Store,4.0,1830.0,0.0,M-Pesa,Completed,0.0
2378,O005094,2025-07-06 12:26:00,C00855,P0024,ST003,In-Store,1.0,85100.0,0.0,Cash,Completed,0.0
2379,O005063,2025-07-04 20:22:00,C00211,P0152,ST005,In-Store,1.0,11580.0,0.0,MPESA ,Completed,0.0
2380,O005238,2025-07-21 17:37:00,,P0155,ST011,In-Store,1.0,13260.0,0.0,M-Pesa,Completed,0.0
2381,O001038,2024-05-10 15:01:00,,P0024,ST016,In-Store,1.0,85100.0,0.1,Credit/Debit Card,Completed,0.0
2382,O003635,2025-01-23 14:12:00,C01283,P0118,ST099,Online,1.0,9190.0,0.0,Airtel Money,Returned,6.0
2383,O002287,2024-09-29 11:13:00,C00101,P0005,ST009,In-Store,2.0,18960.0,0.0,AIRTEL MONEY,Cancelled,0.0
2384,O005210,2025-07-18 09:06:00,C00671 ,P0179,ST016,In-Store,1.0,40350.0,0.05,CASH,Completed,0.0
2385,O006248,2025-10-30 17:04:00,C00009,P0034,ST021,In-Store,1.0,32600.0,0.0,M-Pesa,Completed,0.0
2386,O005931,2025-10-01 11:36:00,C00221 ,P0104,ST015,In-Store,1.0,3780.0,0.0,Airtel-Money,Completed,0.0
2387,O003948,2025-03-05 19:40:00,C01016,P0030,ST015,In-Store,2.0,62130.0,0.0,M-Pesa,Returned,0.0
2388,O000075,2024-01-10 18:35:00,C01155,P0160,ST006,In-Store,2.0,52970.0,0.0,Bank Transfer,Completed,0.0
2389,O006928,2025-12-19 16:40:00,C00935,P0191,ST013,In-Store,1.0,20900.0,0.0,M-Pesa,Completed,0.0
2390,O003374,2024-12-25 20:11:00,C00239,P0056,ST017,In-Store,2.0,14270.0,0.0,M-Pesa,Completed,0.0
2391,O000835,2024-04-16 08:47:00,C00975,P0021 ,ST012,In-Store,2.0,1356000.0,0.0,M-Pesa,Completed,0.0
2392,O003055,2024-12-07 17:44:00,C00895,P0030,ST007,In-Store,1.0,62130.0,0.0,Cash,Completed,0.0
2393,O003161,2024-12-15 17:13:00,C00496,P0040,ST018,In-Store,1.0,126140.0,0.0,M pesa,Completed,0.0
2394,O000393,2024-02-21 09:44:00,C00900,P0116,ST003,In-Store,1.0,13190.0,0.1,M-Pesa,Completed,0.0
2395,O000444,2024-02-28 19:35:00,C01084,P0096,ST099,Online,1.0,6270.0,0.0,Airtel Money,Completed,2.0
2396,O002918,2024-11-27 13:53:00,C01281,P0088,ST007,In-Store,1.0,10360.0,0.0,M-Pesa,Completed,0.0
2397,O006152,2025-10-22 16:19:00,C01270,P0060 ,ST099,Online,1.0,20160.0,0.0,Airtel Money,Completed,3.0
2398,O003633,2025-01-23 18:31:00,C00659,P0045,ST099,Online,1.0,20960.0,0.0,M-Pesa,Completed,6.0
2399,O003307,2024-12-21 17:19:00,C00971,P0128,ST099,Online,2.0,13910.0,0.0,Credit/Debit Card,Completed,3.0
2400,O005643,2025-08-31 19:00:00,C00829,P0096,ST024,In-Store,1.0,6270.0,0.0,AIRTEL MONEY,Completed,0.0
2401,O006101,2025-10-16 11:45:00,C00484,P0086,ST099,Online,1.0,19730.0,0.0,Credit/Debit Card,COMPLETED,1.0
2402,O004295,2025-04-13 20:50:00,C01171,P0079,ST010,In-Store,1.0,17060.0,0.0,m-pesa,Completed,0.0
2403,O006843,2025-12-16 09:39:00,C00160,P0160,ST099,Online,1.0,52970.0,0.0,M-Pesa,Returned,1.0
2404,O006602,2025-11-29 20:18:00,C00860,P0062,ST001,In-Store,1.0,20210.0,0.0,debit card,Completed,0.0
2405,O004329,2025-04-16 08:19:00,C00713,P0135,ST099,Online,1.0,3510.0,0.0,M-PESA,Completed,6.0
2406,O006919,2025-12-19 09:30:00,C00678,P0159,ST021,In-Store,1.0,14960.0,0.0,mpesa,Completed,0.0
2407,O004590,2025-05-12 09:01:00,,P0108,ST099,Online,2.0,14950.0,0.0,M-Pesa,Completed,2.0
2408,O000038,05-Jan-2024,C00290,P0126,ST012,In-Store,2.0,12920.0,0.0,Credit/Debit Card,Returned,0.0
2409,O004373,2025-04-20 20:16:00,C00999,P0061,ST099,Online,1.0,19410.0,0.0,Mpesa ,Completed,6.0
2410,O003012,2024-12-04 20:52:00,C00239,P0061,ST099,Online,1.0,19410.0,0.1,Mpesa,Completed,5.0
2411,O004206,2025-04-03 10:37:00,C00437,P0061,ST099,Online,1.0,19410.0,0.0,M-PESA,Completed,5.0
2412,O006673,2025-12-05 11:17:00,C00364,P0183,ST099,Online,1.0,39320.0,0.05,M-PESA,Completed,4.0
2413,O006466,2025-11-18 20:16:00,C00900,P0025,ST014,In-Store,1.0,53630.0,0.0,mpesa,completed,0.0
2414,O001544,2024-07-09 17:53:00,C00910,P0086,ST099,Online,,19730.0,0.0,M-Pesa,Completed,4.0
2415,O004390,2025-04-21 19:58:00,,P0135,ST003,In-Store,1.0,3510.0,0.0,Airtel Money,Completed,0.0
2416,O004689,2025-05-24 20:05:00,C00026,P0060,ST024,In-Store,1.0,20160.0,0.0,Airtel Money,Completed,0.0
2417,O000276,2024-02-03 13:38:00,C00454,P0067,ST024,In-Store,1.0,4320.0,0.0,Credit/Debit Card,Completed,0.0
2418,O005239,2025-07-22 11:13:00,C00441,P0061,ST008,In-Store,1.0,19410.0,0.0,MPESA ,Completed,0.0
2419,O002440,2024/10/14,C01337,P0194,ST099,Online,3.0,24550.0,0.0,M-Pesa,Completed,1.0
2420,O006164,2025/10/23,C01211,P0064,ST010,In-Store,1.0,6160.0,,Credit/Debit Card,Completed,0.0
2421,O006951,2025-12-20 15:34:00,C01209,P0057,ST001,In-Store,3.0,2110.0,0.0,mpesa,Completed,0.0
2422,O003380,2024-12-25 20:38:00,C01105,P0070,ST018,In-Store,3.0,18010.0,,M-Pesa,Completed,0.0
2423,O005030,2025-06-30 19:40:00,C01092,P0032,ST013,In-Store,1.0,112270.0,0.0,Airtel Money,Completed,0.0
2424,O003934,2025-03-04 13:56:00,C00374,P0001,ST099,Online,3.0,85060.0,0.0,Airtel money,Completed,5.0
2425,O005847,2025-09-23 08:23:00,C00925,P0111,ST018,In-Store,1.0,3840.0,0.0,M-Pesa,Completed,0.0
2426,O001673,2024-07-24 08:55:00,,P0183 ,ST008,In-Store,1.0,39320.0,0.15,M pesa,Completed,0.0
2427,O003527,2025-01-08 08:13:00,C00604,P0056,ST004,In-Store,1.0,14270.0,0.0,M pesa,Completed,0.0
2428,O002675,2024-11-06 12:13:00,C00701,P0165,ST099,Online,1.0,45630.0,0.0,Cash,COMPLETED,3.0
2429,O000474,2024-03-03 20:56:00,C00950,P0188,ST010,In-Store,1.0,10310.0,0.0,M-Pesa,Completed,0.0
2430,O002679,2024-11-06 20:08:00,,P0148,ST099,Online,1.0,32090.0,0.0,M-Pesa,Completed,2.0
2431,O004794,2025/06/03,C01099,P0060,ST099,Online,1.0,20160.0,0.0,M-Pesa,Completed,6.0
2432,O001198,2024-05-30 13:15:00,C00224,P0042,ST011,In-Store,1.0,123680.0,0.0,credit card,COMPLETED,0.0
2433,O007108,2025-12-29 17:18:00,C00466,P0010,ST005,In-Store,1.0,127120.0,0.1,cash,Completed,0.0
2434,O005001,2025-06-26 11:46:00,C00685,P0025,ST099,Online,1.0,53630.0,0.0,Credit/Debit Card,COMPLETED,3.0
2435,O005525,2025-08-20 16:16:00,C00939,P0189,ST004,In-Store,2.0,32140.0,0.0,M-Pesa,Completed,0.0
2436,O001390,2024-06-22 15:21:00,C00888,P0158,ST099,Online,2.0,36400.0,0.0,M-PESA,Completed,6.0
2437,O001911,2024-08-19 10:40:00,C01231,P0023,ST017,In-Store,1.0,122960.0,0.0,credit card,Completed,0.0
2438,O001860,2024-08-14 19:07:00,C00268,P0124,ST011,In-Store,2.0,7940.0,0.0,CASH,Completed,0.0
2439,O000342,2024-02-15 09:52:00,C01322,P0080,ST007,In-Store,1.0,4980.0,0.0,M-PESA,Completed,0.0
2440,O004678,2025-05-23 20:32:00,C00836,P0175,ST014,In-Store,1.0,15740.0,0.0,Airtel money,Completed,0.0
2441,O006024,2025-10-09 11:09:00,C00767,P0135,ST099,Online,1.0,3510.0,0.0,M-Pesa,Completed,1.0
2442,O001312,2024-06-13 10:53:00,C00018,P0060,ST020,In-Store,2.0,20160.0,0.0,M-Pesa,Completed,0.0
2443,O002842,2024-11-20 15:40:00,C01080,P0104,ST020,In-Store,1.0,3780.0,0.0,M-Pesa,Completed,0.0
2444,O004561,2025-05-09 12:35:00,C00994,P0152,ST006,In-Store,3.0,11580.0,0.0,M-Pesa,Completed,0.0
2445,O001465,2024-07-01 14:10:00,C00521,P0160,ST099,Online,1.0,52970.0,0.0,M-Pesa,Completed,6.0
2446,O002683,2024-11-07 19:30:00,C01049,P0104,ST006,In-Store,1.0,3780.0,0.0,cash ,COMPLETED,0.0
2447,O004986,2025-06-25 18:29:00,C00215,P0079,ST099,Online,3.0,17060.0,0.0,Airtel Money,Completed,2.0
2448,O000309,2024-02-10 13:26:00,C01020,P0088,ST099,Online,2.0,10360.0,0.0,Cash,Completed,4.0
2449,O004870,2025-06-12 13:44:00,C00874,P0163,ST008,In-Store,1.0,41210.0,0.0,M-Pesa,Completed,0.0
2450,O004899,2025-06-15 11:34:00,,P0056,ST099,Online,1.0,14270.0,0.0,Bank Transfer,complete,6.0
2451,O001408,2024/06/24,C00709,P0010,ST023,In-Store,1.0,127120.0,0.0,Airtel Money,Completed,0.0
2452,O003994,2025-03-10 13:39:00,C01094,P0096,ST099,Online,1.0,6270.0,0.0,cash,Completed,3.0
2453,O000082,2024-01-11 13:23:00,C00594,P0158,ST024,In-Store,1.0,36400.0,0.0,Card,complete,0.0
2454,O002592,2024-10-29 18:45:00,,P0056,ST011,In-Store,1.0,14270.0,0.0,M pesa,Completed,0.0
2455,O005153,2025-07-12 19:46:00,C00539,P0013,ST005,In-Store,1.0,30190.0,0.0,cash ,Completed,0.0
2456,O001859,2024-08-14 12:59:00,C01313,P0159,ST099,Online,1.0,14960.0,0.25,Mpesa,Completed,4.0
2457,O005957,2025-10-04 15:32:00,C00987,P0176,ST001,In-Store,2.0,10760.0,,cash ,Completed,0.0
2458,O001875,2024-08-16 17:39:00,C00040,P0188,ST013,In-Store,1.0,10310.0,0.0,M-Pesa,Completed,0.0
2459,O002449,2024-10-14 17:56:00,C00237,P0122,ST099,Online,3.0,1050.0,0.0,Cash,Completed,6.0
2460,O001122,2024-05-19 18:46:00,C01019,P0086,ST007 ,In-Store,1.0,19730.0,0.0,m-pesa,Completed,0.0
2461,O005988,2025-10-06 20:28:00,C00451,P0069,ST019,In-Store,1.0,20690.0,0.05,Mpesa ,Returned,0.0
2462,O002409,2024-10-11 08:59:00,C01307,P0023,ST099,Online,1.0,122960.0,0.0,M-Pesa,Completed,1.0
2463,O004820,2025-06-06 13:15:00,C00382,P0104,ST016,In-Store,1.0,3780.0,0.0,Bank Transfer,COMPLETED,0.0
2464,O005229,20/07/2025,C00247,P0183,ST099,Online,1.0,39320.0,0.0,M-Pesa,Completed,3.0
2465,O003824,2025-02-18 19:05:00,C01083,P0128,ST010,In-Store,1.0,13910.0,0.05,M-Pesa,Cancelled,0.0
2466,O004707,2025-05-25 14:29:00,C00516,P0084,ST016,In-Store,1.0,17830.0,0.0,M-Pesa,Completed,0.0
2467,O001663,2024-07-22 13:24:00,C00688,P0104,ST099,Online,1.0,3780.0,0.0,Cash,Completed,5.0
2468,O001903,2024-08-18 09:55:00,C01214,P0146,ST008,In-Store,2.0,29570.0,0.0,M-Pesa,Completed,0.0
2469,O001285,2024-06-10 09:54:00,C01167,P0032,ST003,In-Store,1.0,112270.0,0.0,m-pesa,Completed,0.0
2470,O002682,2024-11-07 15:45:00,C00291,P0058,ST099,Online,4.0,17000.0,0.05,M-Pesa,Completed,6.0
2471,O003314,2024-12-21 11:45:00,C00425 ,P0196,ST099,Online,1.0,20930.0,0.0,debit card,Returned,1.0
2472,O006226,2025-10-28 11:09:00,C01158,P0009,ST099,Online,2.0,119240.0,0.05,mpesa,Completed,6.0
2473,O006890,2025-12-18 10:47:00,C00203,P0160,ST007,In-Store,1.0,52970.0,0.0,Bank Transfer,Completed,0.0
2474,O002040,2024-09-01 13:25:00,C01233,P0163,ST099,Online,2.0,41210.0,0.0,Bank Transfer,complete,6.0
2475,O006335,2025-11-06 09:22:00,C01076,P0025,ST099,Online,1.0,53630.0,0.0,M-Pesa,Completed,2.0
2476,O003108,2024-12-10 12:46:00,C00076,P0160,ST012,In-Store,2.0,52970.0,0.0,cash ,RETURNED,0.0
2477,O002691,2024-11-08 16:19:00,C00899,P0104,ST012 ,In-Store,4.0,3780.0,0.15,M-Pesa,Returned,0.0
2478,O000905,2024-04-23 10:35:00,C00024,P0198,ST016,In-Store,2.0,35160.0,0.0,Mpesa,COMPLETED,0.0
2479,O006444,2025-11-16 11:59:00,C00076,P0077,ST022,In-Store,2.0,7450.0,0.0,Bank Transfer,Completed,0.0
2480,O004592,2025-05-12 10:52:00,C01135 ,P0156,ST099,Online,1.0,30350.0,0.0,M-PESA,Completed,4.0
2481,O002082,2024-09-08 18:16:00,C00485,P0194,ST099,Online,1.0,24550.0,0.1,Airtel Money,Completed,2.0
2482,O000343,2024-02-15 16:38:00,C00577,P0159,ST001,In-Store,1.0,14960.0,0.0,cash,Completed,0.0
2483,O001292,2024-06-11 13:15:00,C00925,P0107,ST006,In-Store,2.0,13230.0,0.0,M-Pesa,Completed,0.0
2484,O006061,2025-10-12 19:09:00,C00217,P0162,ST001,In-Store,2.0,42760.0,0.0,M-Pesa,Completed,0.0
2485,O003081,2024-12-08 14:54:00,C00540,P0168,ST009,In-Store,2.0,31350.0,0.05,M pesa,Completed,0.0
2486,O004364,2025-04-19 20:23:00,C00737,P0175,ST099,Online,1.0,15740.0,0.0,Credit/Debit Card,complete,4.0
2487,O002322,2024-10-03 18:19:00,C01238,P0086,ST099,Online,3.0,19730.0,0.0,mpesa,Completed,2.0
2488,O003940,2025-03-04 18:42:00,C01233,P0144,ST012,In-Store,1.0,30700.0,0.0,M-Pesa,Completed,0.0
2489,O003766,2025-02-09 13:30:00,C01143,P0095,ST006,In-Store,1.0,4260.0,0.0,M-Pesa,Completed,0.0
2490,O006320,2025-11-05 15:39:00,,P0175,ST014,In-Store,2.0,15740.0,0.0,M-Pesa,Completed,0.0
2491,O007072,2025-12-26 15:59:00,,P0032,ST017,In-Store,1.0,112270.0,0.0,mpesa,Completed,0.0
2492,O000443,2024-02-28 17:47:00,C00910,P0105,ST099,Online,1.0,15970.0,0.0,CARD,Completed,3.0
2493,O006433,2025-11-15 17:27:00,C00746,P0108,ST099,Online,1.0,14950.0,0.0,M-Pesa,Cancelled,1.0
2494,O005455,2025-08-13 13:04:00,C01097,P0165,ST023,In-Store,1.0,45630.0,0.0,m-pesa,Completed,0.0
2495,O000733,04/04/2024,C01219,P0021,ST099,Online,1.0,135600.0,0.0,M-Pesa,Completed,3.0
2496,O004823,2025-06-06 13:15:00,C00645,P0196,ST008,In-Store,2.0,20930.0,0.05,M pesa,Completed,0.0
2497,O002554,2024-10-26 14:07:00,C00405,P0058,ST099,Online,2.0,17000.0,0.0,Cash,Completed,4.0
2498,O006268,2025-11-01 19:27:00,C00804,P0060,ST019,In-Store,1.0,20160.0,0.0,M-Pesa,Completed,0.0
2499,O000196,2024-01-25 09:37:00,C00204,P0059,ST099,Online,,,0.0,Cash,Completed,3.0
2500,O000122,2024-01-15 08:09:00,C00057,P0148,ST018,In-Store,1.0,32090.0,0.0,M pesa,Completed,0.0
2501,O005565,2025-08-23 15:14:00,C00093,P0071,ST099,Online,1.0,4850.0,0.05,Airtel money,completed,5.0
2502,O002465,2024-10-17 19:56:00,,P0148,ST099,Online,1.0,32090.0,0.0,M-Pesa,COMPLETED,3.0
2503,O004770,2025-05-31 17:03:00,C00536,P0138,ST019,In-Store,2.0,4780.0,0.2,M-Pesa,Returned,0.0
2504,O006332,2025-11-06 09:08:00,C01210,P0176,ST099,Online,,10760.0,0.0,M pesa,Completed,4.0
2505,O001129,2024-05-21 14:19:00,C00156,P0086,ST007,In-Store,1.0,19730.0,0.0,Card,Completed,0.0
2506,O002494,2024-10-20 17:39:00,C00070,P0012,ST018,In-Store,1.0,130340.0,0.0,M-Pesa,Returned,0.0
2507,O003540,2025-01-10 17:46:00,C01350 ,P0013,ST011,In-Store,1.0,30190.0,0.0,Airtel Money,Completed,0.0
2508,O000632,2024-03-23 12:46:00,C01175,P0060,ST014,In-Store,1.0,20160.0,0.0,Cash,Completed,0.0
2509,O002731,2024-11-10 10:36:00,C01300,P0091,ST099,Online,1.0,2270.0,0.0,M-Pesa,Completed,6.0
2510,O000644,2024-03-24 12:58:00,C00474,P0109,ST023,In-Store,4.0,6990.0,0.0,Mpesa ,Completed,0.0
2511,O004178,2025-03-30 13:51:00,C01210,P0198,ST099,Online,1.0,35160.0,0.0,Airtel Money,Completed,4.0
2512,O005399,2025-08-07 10:19:00,C00074,P0126,ST018,In-Store,1.0,12920.0,0.25,CASH,Completed,0.0
2513,O002697,2024-11-08 11:27:00,C00390,P0160,ST004,In-Store,3.0,52970.0,0.0,Card,Completed,0.0
2514,O003114,2024-12-11 18:04:00,C00225,P0152,ST019,In-Store,1.0,11580.0,0.0,Credit/Debit Card,Completed,0.0
2515,O005820,2025-09-20 19:01:00,C00858,P0088,ST004,In-Store,1.0,10360.0,0.0,Bank Transfer,Completed,0.0
2516,O000842,2024-04-16 17:34:00,C00577,P0156,ST099,Online,,30350.0,0.0,Cash,Completed,6.0
2517,O001000,2024-05-05 16:44:00,C01063,P0025,ST007,In-Store,2.0,53630.0,0.0,Cash,Returned,0.0
2518,O005450,2025-08-12 19:41:00,C00803,P0150,ST099,Online,1.0,32640.0,0.0,M-Pesa,Returned,1.0
2519,O003573,2025-01-15 20:40:00,C00994,P0098,ST099,Online,2.0,10630.0,0.0,airtel money,Completed,5.0
2520,O001590,2024-07-16 12:24:00,C00845,P0008,ST015,In-Store,1.0,94740.0,0.0,M-Pesa,Completed,0.0
2521,O000149,2024-01-19 17:29:00,C00281,P0183,ST012,In-Store,1.0,39320.0,0.0,M pesa,Cancelled,0.0
2522,O003120,2024-12-11 17:32:00,C00658,P0013,ST012,In-Store,1.0,30190.0,0.05,M-PESA,Completed,0.0
2523,O001052,2024-05-11 08:01:00,C00569 ,P0010,ST099,Online,1.0,127120.0,0.0,Credit/Debit Card,Completed,1.0
2524,O003236,2024-12-18 17:22:00,C00954,P0074,ST099,Online,2.0,1880.0,0.15,M pesa,Completed,4.0
2525,O000763,2024-04-08 09:41:00,C00983,P0012,ST009,In-Store,1.0,130340.0,0.0,Cash,Completed,0.0
2526,O000802,2024-04-13 14:56:00,C01307,P0024,ST003,In-Store,1.0,85100.0,0.0,M-Pesa,Completed,0.0
2527,O001188,2024-05-29 08:48:00,C00184,P0183,ST099,Online,2.0,39320.0,0.15,M-Pesa,Completed,5.0
2528,O000045,2024-01-06 18:37:00,C00711,P0076,ST016,In-Store,2.0,14080.0,0.0,Credit/Debit Card,Completed,0.0
2529,O003924,2025-03-03 18:03:00,C00997,P0163,ST006,In-Store,2.0,,0.0,CASH,Completed,0.0
2530,O002467,2024-10-17 11:03:00,C00953,P0176,ST005,In-Store,1.0,10760.0,0.0,airtel money,Completed,0.0
2531,O002185,2024-09-18 13:46:00,C00953,P0056,ST099,Online,1.0,14270.0,0.0,Airtel Money,Completed,6.0
2532,O004279,2025-04-10 12:13:00,C00184,P0058,ST006,In-Store,1.0,17000.0,0.0,MPESA ,Completed,0.0
2533,O001244,2024-06-06 17:04:00,C01080,P0032,ST099,Online,1.0,112270.0,0.0,M-Pesa,COMPLETED,3.0
2534,O002274,2024-09-28 16:53:00,C00961,P0194,ST099,Online,2.0,24550.0,0.0,m-pesa,Completed,6.0
2535,O006172,2025-10-24 15:52:00,C01233,P0024,ST099,Online,1.0,85100.0,0.0,Airtel Money,Completed,3.0
2536,O004480,2025-04-30 20:21:00,C01058,P0156,ST005,In-Store,2.0,30350.0,0.0,Credit/Debit Card,Returned,0.0
2537,O001011,2024-05-07 10:07:00,C00642,P0154,ST099,Online,2.0,,0.0,cash,Completed,6.0
2538,O002846,2024-11-20 20:48:00,C00686,P0188,ST019,In-Store,1.0,10310.0,0.0,Credit/Debit Card,Completed,0.0
2539,O000431,2024-02-26 12:00:00,C01159,P0176,ST006,In-Store,1.0,10760.0,0.0,Cash,Returned,0.0
2540,O000544,2024-03-12 13:20:00,C01121,P0039,ST010,In-Store,1.0,75080.0,0.0,Credit/Debit Card,Completed,0.0
2541,O005228,2025-07-20 18:49:00,C01335,P0086,ST021,In-Store,2.0,19730.0,0.0,Airtel Money,Completed,0.0
2542,O002811,2024-11-17 15:52:00,C00563,P0165,ST099,Online,1.0,45630.0,0.0,Cash,complete,2.0
2543,O000708,2024-03-31 11:56:00,C00567,P0080,ST099,Online,2.0,4980.0,0.0,M-Pesa,Completed,2.0
2544,O002150,2024-09-15 11:04:00,C00498,P0010,ST023,In-Store,1.0,127120.0,0.0,M pesa,Completed,0.0
2545,O004175,2025-03-30 10:54:00,C00087,P0075,ST020,In-Store,1.0,7540.0,0.0,Cash,Completed,0.0
2546,O000358,2024-02-16 15:08:00,,P0119,ST099,Online,1.0,10780.0,0.0,Cash,Completed,3.0
2547,O001300,2024-06-12 17:56:00,C00005,P0111,ST008,In-Store,2.0,3840.0,0.0,M-Pesa,Completed,0.0
2548,O005479,2025-08-15 19:31:00,C00103,P0030,ST013,In-Store,1.0,62130.0,0.1,Bank Transfer,Completed,0.0
2549,O002593,2024-10-29 11:19:00,C01255,P0004,ST010,In-Store,1.0,38100.0,0.0,airtel money,Completed,0.0
2550,O005110,2025-07-07 15:16:00,,P0025,ST099,Online,1.0,53630.0,0.0,Mpesa ,Completed,3.0
2551,O004166,2025-03-29 18:08:00,C00069,P0086,ST099,Online,1.0,19730.0,0.1,Cash,Completed,2.0
2552,O004445,2025-04-27 15:56:00,C00440,P0150,ST099,Online,1.0,32640.0,0.0,Credit/Debit Card,Completed,4.0
2553,O006922,2025-12-19 15:57:00,C01321,P0096,ST017,In-Store,1.0,6270.0,0.0,M-Pesa,Completed,0.0
2554,O004072,2025-03-20 09:06:00,C00008,P0086,ST018,In-Store,1.0,19730.0,0.0,Airtel money,Returned,0.0
2555,O002368,2024-10-08 09:12:00,C00130,P0138,ST024,In-Store,1.0,4780.0,0.0,M-Pesa,Completed,0.0
2556,O002212,2024-09-21 20:54:00,,P0128,ST022,In-Store,1.0,13910.0,0.0,M-Pesa,Completed,0.0
2557,O006774,2025-12-11 18:48:00,C00375,P0165,ST009,In-Store,2.0,45630.0,0.0,Bank Transfer,COMPLETED,0.0
2558,O004110,2025-03-24 09:38:00,C00079,P0176,ST004,In-Store,1.0,10760.0,0.0,M-Pesa,Completed,0.0
2559,O001841,2024-08-12 11:26:00,C00757,P0061,ST006,In-Store,1.0,19410.0,0.0,Mpesa,Completed,0.0
2560,O004815,2025-06-05 18:15:00,C00200,P0125,ST004,In-Store,2.0,5710.0,0.0,M-Pesa,Completed,0.0
2561,O002475,2024-10-18 12:29:00,C00267,P0065,ST024,In-Store,1.0,4780.0,0.0,Bank Transfer,Completed,0.0
2562,O002208,2024-09-21 13:13:00,C00281,P0104,ST018,In-Store,1.0,3780.0,0.0,M-Pesa,Returned,0.0
2563,O001907,2024-08-19 10:48:00,C00573,P0173,ST009,In-Store,1.0,19620.0,0.0,Credit/Debit Card,Completed,0.0
2564,O003808,2025-02-15 11:37:00,C01169,P0122,ST022,In-Store,1.0,1050.0,0.0,Credit/Debit Card,Completed,0.0
2565,O002546,2024-10-24 10:14:00,C00141,P0040,ST012 ,In-Store,1.0,126140.0,0.0,Cash,Completed,0.0
2566,O002508,2024-10-20 11:16:00,C00124,P0184,ST099,Online,1.0,20390.0,0.0,M-Pesa,Completed,5.0
2567,O006749,2025-12-09 10:58:00,C00175,P0183,ST099,Online,1.0,39320.0,0.0,Airtel Money,Completed,1.0
2568,O000710,2024-04-01 09:54:00,C00203,P0151,ST005,In-Store,1.0,47660.0,0.0,mpesa,Completed,0.0
2569,O006955,2025-12-20 19:40:00,C00789,P0060,ST099,Online,1.0,20160.0,0.1,Cash,Completed,1.0
2570,O003601,2025-01-19 08:59:00,C00203,P0056,ST005,In-Store,1.0,14270.0,0.0,M-Pesa,Completed,0.0
2571,O001596,16/07/2024,C01229,P0160,ST003,In-Store,1.0,52970.0,0.0,Mpesa ,Completed,0.0
2572,O006469,2025-11-18 08:18:00,C00406,P0018,ST004,In-Store,4.0,79380.0,0.0,Bank Transfer,Completed,0.0
2573,O000789,2024-04-12 10:43:00,C00187,P0150,ST016,In-Store,1.0,32640.0,0.0,Card,Completed,0.0
2574,O005518,2025-08-19 16:32:00,C01010,P0021,ST012 ,In-Store,1.0,135600.0,0.0,M-Pesa,Completed,0.0
2575,O006315,2025-11-05 16:24:00,C00606,P0160,ST099 ,Online,2.0,52970.0,0.0,AIRTEL MONEY,Returned,2.0
2576,O006314,2025/11/04,C01245,P0062,ST021,In-Store,2.0,20210.0,0.15,Airtel money,Completed,0.0
2577,O006425,2025-11-14 10:56:00,C00119,P0181,ST099,Online,1.0,23170.0,0.0,M-Pesa,Completed,3.0
2578,O002580,2024-10-28 09:01:00,C00506,P0004,ST012,In-Store,2.0,38100.0,0.0,M-Pesa,Completed,0.0
2579,O001950,2024-08-24 16:35:00,C00492,P0091,ST099,Online,1.0,2270.0,0.0,M-Pesa,Completed,2.0
2580,O006687,2025-12-06 20:17:00,C00158,P0033,ST099,Online,1.0,103260.0,0.0,M-Pesa,Completed,5.0
2581,O000838,2024-04-16 09:48:00,C00255,P0051,ST099,Online,1.0,20210.0,0.0,M-Pesa,Completed,2.0
2582,O005649,2025-08-31 19:35:00,C00028,P0066,ST002,In-Store,1.0,1630.0,0.0,Credit/Debit Card,Completed,0.0
2583,O004358,2025-04-19 13:41:00,C01340,P0146,ST099,Online,1.0,29570.0,0.0,M-Pesa,Completed,4.0
2584,O006647,2025-12-02 08:07:00,C00478,P0174,ST001,In-Store,1.0,29840.0,0.0,Cash,complete,0.0
2585,O002230,2024-09-22 13:18:00,C01188,P0132,ST099,Online,1.0,2160.0,0.15,mpesa,Completed,4.0
2586,O005319,2025-07-30 13:22:00,C00393,P0084,ST022,In-Store,2.0,17830.0,0.0,M-Pesa,Completed,0.0
2587,O005768,2025-09-14 20:38:00,C01065,P0125,ST013,In-Store,3.0,5710.0,0.0,Cash,Completed,0.0
2588,O000136,2024-01-17 11:57:00,C00965,P0005,ST099,Online,1.0,18960.0,0.0,M-Pesa,Completed,3.0
2589,O003297,2024-12-21 15:55:00,,P0160,ST023,In-Store,1.0,52970.0,0.05,Bank Transfer,Completed,0.0
2590,O006454,2025-11-16 19:34:00,C00227,P0135,ST024,In-Store,1.0,3510.0,0.0,Credit/Debit Card,Completed,0.0
2591,O000439,2024-02-28 13:36:00,C00900,P0148,ST004,In-Store,1.0,32090.0,,M-Pesa,canceled,0.0
2592,O005322,2025-07-30 13:19:00,C00529,P0034,ST099,Online,3.0,,0.05,MPESA ,Completed,5.0
2593,O000040,2024-01-05 11:24:00,C00061,P0136,ST011,In-Store,4.0,1510.0,0.0,Airtel Money,Completed,0.0
2594,O004722,2025-05-26 08:39:00,C00355,P0110,ST099,Online,1.0,9580.0,0.0,M-Pesa,Completed,2.0
2595,O004908,2025-06-16 17:51:00,C01327,P0181,ST016,In-Store,2.0,23170.0,0.0,Card,Completed,0.0
2596,O000506,07-Mar-2024,C01156,P0194,ST099,Online,1.0,24550.0,0.0,credit card,Cancelled,2.0
2597,O001577,2024-07-13 08:51:00,C00071,P0104,ST099,Online,1.0,3780.0,0.0,Cash,Completed,3.0
2598,O006752,2025-12-10 13:34:00,C00111,P0074,ST008,In-Store,1.0,1880.0,0.05,Cash,Completed,0.0
2599,O006628,2025-12-01 12:43:00,C00666,P0110,ST099 ,Online,1.0,9580.0,0.0,Credit/Debit Card,Completed,4.0
2600,O005472,2025-08-15 18:55:00,C00049,P0160,ST001,In-Store,1.0,52970.0,0.05,Credit/Debit Card,Completed,0.0
2601,O002649,2024-11-04 20:53:00,C00708,P0084,ST099,Online,2.0,17830.0,0.0,M-Pesa,Completed,2.0
2602,O003377,2024-12-25 10:06:00,C01001,P0062,ST004,In-Store,1.0,20210.0,0.05,M-PESA,Completed,0.0
2603,O000337,2024-02-14 15:17:00,C00590,P0056,ST099,Online,1.0,14270.0,0.0,mpesa,Completed,6.0
2604,O005348,2025-08-02 12:36:00,C00483,P0012,ST099,Online,1.0,130340.0,0.15,MPESA ,Completed,3.0
2605,O005131,2025-07-09 08:29:00,C00549,P0056 ,ST003,In-Store,1.0,14270.0,,cash,Completed,0.0
2606,O005984,2025-10-06 17:23:00,C01149,P0183,ST099,Online,1.0,39320.0,,Airtel Money,Completed,5.0
2607,O002221,2024-09-22 20:14:00,C00988,P0053,ST099,Online,4.0,13410.0,0.0,M-Pesa,Completed,1.0
2608,O002499,2024-10-20 17:33:00,C00243,P0079,ST099,Online,2.0,17060.0,0.0,Bank Transfer,Completed,5.0
2609,O000546,2024-03-12 16:44:00,,P0125,ST001,In-Store,1.0,5710.0,0.0,Bank Transfer,Completed,0.0
2610,O000481,2024-03-04 20:58:00,C00826,P0194,ST007,In-Store,1.0,24550.0,0.0,M-Pesa,Completed,0.0
2611,O002660,2024-11-04 20:10:00,C00676,P0060,ST003,In-Store,1.0,20160.0,0.0,Credit/Debit Card,Cancelled,0.0
2612,O001605,2024-07-17 14:58:00,C00768,P0146,ST005,In-Store,1.0,29570.0,0.0,Cash,Completed,0.0
2613,O003725,2025/02/04,C00290,P0123,ST007,In-Store,1.0,7870.0,0.0,M-Pesa,Completed,0.0
2614,O005057,2025-07-03 12:49:00,C00523,P0058,ST002,In-Store,1.0,17000.0,0.0,M-Pesa,Completed,0.0
2615,O003441,2024-12-29 08:09:00,C00845,P0163,ST010,In-Store,2.0,41210.0,0.0,Airtel money,Completed,0.0
2616,O004484,2025-05-01 10:59:00,C00487,P0122,ST099,Online,-2.0,1050.0,0.0,M-Pesa,Completed,2.0
2617,O003000,2024-12-03 15:03:00,C00352,P0181,ST099,Online,1.0,23170.0,0.15,M-Pesa,Completed,5.0
2618,O002209,2024-09-21 16:03:00,C00986,P0018,ST017,In-Store,2.0,79380.0,0.0,Airtel Money,completed,0.0
2619,O005912,2025-09-29 17:58:00,C00156,P0104,ST019,In-Store,2.0,3780.0,0.05,M-Pesa,Completed,0.0
2620,O006693,2025-12-06 09:49:00,C00520,P0162,ST099,Online,1.0,42760.0,0.0,credit card,Completed,3.0
2621,O001716,2024-07-28 11:16:00,C01270,P0063,ST099,Online,1.0,1440.0,0.0,M-Pesa,Returned,6.0
2622,O000395,2024-02-21 20:54:00,C01092,P0029,ST018,In-Store,1.0,114610.0,0.0,M-Pesa,Completed,0.0
2623,O005380,2025-08-05 09:19:00,C01010,P0160,ST099,Online,1.0,52970.0,0.0,M-Pesa,Completed,6.0
2624,O003882,2025-02-26 18:14:00,C01044,P0059,ST004,In-Store,1.0,16280.0,0.0,M-Pesa,Completed,0.0
2625,O004967,2025-06-23 12:04:00,C00895,P0062,ST099,Online,1.0,20210.0,0.0,M-Pesa,COMPLETED,2.0
2626,O000578,2024-03-17 15:15:00,C01231,P0032,ST099,Online,1.0,112270.0,0.0,M-Pesa,Returned,4.0
2627,O006322,2025-11-05 13:29:00,C00145,P0060,ST012,In-Store,2.0,20160.0,,Mpesa,Completed,0.0
2628,O000117,2024-01-14 12:50:00,C01139,P0032,ST099,Online,1.0,112270.0,0.1,Airtel Money,Returned,2.0
2629,O000315,2024-02-10 20:23:00,C01016,P0062,ST099,Online,1.0,20210.0,0.2,Airtel Money,Completed,5.0
2630,O000702,2024-03-31 19:20:00,C00124,P0146,ST003,In-Store,3.0,29570.0,0.0,Mpesa ,Returned,0.0
2631,O006750,2025-12-10 11:25:00,C00093,P0071,ST099,Online,2.0,4850.0,0.1,M-Pesa,Returned,6.0
2632,O006063,2025-10-12 08:54:00,C00119,P0158,ST099,Online,1.0,36400.0,0.0,mpesa,Completed,2.0
2633,O006341,2025-11-07 14:56:00,C01125,P0080,ST099,Online,1.0,4980.0,0.05,M-Pesa,Completed,6.0
2634,O005395,2025-08-07 14:32:00,C00881,P0176,ST011,In-Store,1.0,10760.0,0.0,Mpesa,completed,0.0
2635,O006159,2025-10-23 10:14:00,C01054,P0139,ST099,Online,1.0,6700.0,0.0,M-Pesa,Returned,6.0
2636,O004064,2025-03-19 18:16:00,C00355,P0189,ST021,In-Store,1.0,32140.0,0.0,Airtel Money,COMPLETED,0.0
2637,O007079,2025-12-27 09:38:00,C00361,P0148,ST020,In-Store,2.0,32090.0,0.2,MPESA ,Completed,0.0
2638,O005551,2025-08-22 19:20:00,C00454,P0104,ST007,In-Store,1.0,3780.0,0.15,M-Pesa,Completed,0.0
2639,O006537,2025-11-24 12:36:00,C00183,P0056,ST018,In-Store,2.0,14270.0,0.0,Credit/Debit Card,Completed,0.0
2640,O002051,2024-09-03 15:13:00,C00459,P0079,ST004,In-Store,2.0,17060.0,0.0,Mpesa ,Completed,0.0
2641,O006109,2025-10-17 09:57:00,C01259,P0009,ST003,In-Store,1.0,119240.0,0.0,M-Pesa,Completed,0.0
2642,O002450,2024-10-15 16:55:00,C00542,P0039,ST099,Online,1.0,75080.0,0.0,AIRTEL MONEY,Completed,6.0
2643,O000400,2024-02-22 17:37:00,C00993,P0084,ST099,Online,1.0,17830.0,0.0,M-Pesa,Completed,6.0
2644,O004628,2025-05-18 20:28:00,C00678,P0028,ST099,Online,1.0,6690.0,0.0,M-Pesa,Completed,5.0
2645,O001937,2024-08-22 13:06:00,C00484,P0108,ST019,In-Store,1.0,14950.0,0.0,M-Pesa,Completed,0.0
2646,O001717,2024/07/28,C01227,P0188,ST015,In-Store,1.0,10310.0,0.0,M-Pesa,Completed,0.0
2647,O003629,2025-01-22 20:52:00,C01227,P0104,ST008,In-Store,1.0,3780.0,0.2,Airtel money,Completed,0.0
2648,O006151,2025-10-22 15:19:00,C00839,P0042,ST099,Online,1.0,123680.0,0.2,Airtel Money,Completed,2.0
2649,O006242,2025-10-30 08:46:00,C00457,P0053,ST021,In-Store,1.0,13410.0,0.0,M-Pesa,Completed,0.0
2650,O000111,2024-01-14 12:18:00,C00407,P0162,ST007,In-Store,2.0,42760.0,0.0,debit card,Completed,0.0
2651,O002253,2024-09-25 13:37:00,,P0118,ST099,Online,1.0,9190.0,0.0,mpesa,Completed,5.0
2652,O007134,2025-12-31 11:42:00,C01184,P0104,ST023,In-Store,1.0,3780.0,,M-Pesa,Completed,0.0
2653,O006838,2025-12-15 18:43:00,C00734,P0120,ST099,Online,2.0,10270.0,0.0,M-Pesa,Completed,3.0
2654,O003765,2025-02-09 11:02:00,C01331,P0080,ST099,Online,1.0,4980.0,0.0,M-Pesa,Completed,6.0
2655,O006784,2025-12-12 10:38:00,C00506,P0159,ST099,Online,1.0,14960.0,0.0,Airtel Money,Completed,4.0
2656,O007019,2025-12-23 08:17:00,C00903,P0111,ST013,In-Store,1.0,3840.0,0.0,M pesa,Completed,0.0
2657,O005384,2025-08-06 13:55:00,C00440,P0011,ST019,In-Store,2.0,25490.0,0.0,cash ,Completed,0.0
2658,O003742,2025-02-07 12:17:00,C00087,P0056,ST099,Online,1.0,14270.0,0.0,M-Pesa,Returned,1.0
2659,O006380,2025-11-10 12:37:00,C00210,P0116,ST099,Online,1.0,13190.0,0.0,Airtel Money,Cancelled,4.0
2660,O003267,2024-12-20 16:24:00,C01026,P0033,ST018,In-Store,2.0,103260.0,0.05,M pesa,Completed,0.0
2661,O004187,2025-03-30 16:27:00,C01097,P0146,ST099,Online,1.0,29570.0,0.0,Bank Transfer,Completed,6.0
2662,O006929,2025-12-19 17:54:00,C00777,P0053,ST005,In-Store,1.0,13410.0,0.1,M-Pesa,Completed,0.0
2663,O003438,2024-12-29 16:15:00,C00948,P0139,ST021,In-Store,1.0,6700.0,0.0,M-Pesa,Completed,0.0
2664,O004182,2025-03-30 20:53:00,C00527,P0123,ST099,Online,1.0,7870.0,0.0,M-Pesa,Completed,3.0
2665,O006805,2025-12-13 20:30:00,C00217,P0173,ST099,Online,1.0,19620.0,0.0,M-Pesa,Completed,5.0
2666,O006404,2025-11-12 12:29:00,C01184,P0135 ,ST099,Online,1.0,3510.0,0.0,M-Pesa,Returned,1.0
2667,O004485,2025-05-01 10:48:00,C01230,P0098,ST099,Online,1.0,10630.0,0.15,Cash,Cancelled,4.0
2668,O001274,2024-06-09 12:30:00,C00632 ,P0005,ST099,Online,1.0,18960.0,0.05,Credit/Debit Card,Returned,3.0
2669,O002820,2024-11-18 17:20:00,C00925 ,P0151,ST013,In-Store,1.0,47660.0,0.0,Cash,Completed,0.0
2670,O001439,2024-06-28 12:17:00,C00887,P0084,ST009,In-Store,3.0,17830.0,0.0,MPESA ,Completed,0.0
2671,O000227,2024-01-27 10:39:00,C00451,P0104,ST003,In-Store,1.0,3780.0,0.0,Airtel Money,Completed,0.0
2672,O000001,2024-01-01 12:06:00,C00457,P0114,ST008,In-Store,2.0,3720.0,0.0,M-Pesa,COMPLETED,0.0
2673,O004637,2025-05-18 08:53:00,C00400,P0109,ST099,Online,2.0,6990.0,0.0,M-Pesa,Completed,5.0
2674,O004056,2025-03-18 08:56:00,C00334,P0160,ST008,In-Store,2.0,52970.0,0.0,Cash,Completed,0.0
2675,O000499,2024-03-06 17:22:00,C00048,P0053,ST099,Online,3.0,13410.0,0.0,CASH,Completed,4.0
2676,O000336,2024-02-14 14:36:00,C00277,P0010,ST002,In-Store,1.0,127120.0,0.0,M-Pesa,completed,0.0
2677,O006756,2025-12-10 11:45:00,C00618,P0123,ST007,In-Store,1.0,7870.0,0.0,M-Pesa,Cancelled,0.0
2678,O000435,2024-02-27 19:40:00,C00414,P0151,ST099,Online,1.0,47660.0,0.0,m-pesa,Completed,1.0
2679,O003397,2024-12-26 11:18:00,C00290,P0086,ST099,Online,2.0,19730.0,0.0,M-Pesa,Completed,6.0
2680,O004946,2025-06-21 18:46:00,C00197,P0159,ST024,In-Store,1.0,14960.0,0.0,Cash,Completed,0.0
2681,O000531,2024-03-10 09:32:00,C00756,P0103,ST099,Online,3.0,15070.0,0.05,M-Pesa,Completed,6.0
2682,O002975,2024-12-02 16:51:00,,P0173,ST024,In-Store,1.0,19620.0,0.05,CASH,Completed,0.0
2683,O004822,06-Jun-2025,C00812,P0059,ST001,In-Store,2.0,16280.0,0.0,MPESA ,Completed,0.0
2684,O001306,2024-06-13 09:51:00,C01227,P0188,ST003,In-Store,1.0,10310.0,0.0,Airtel Money,Completed,0.0
2685,O006604,30/11/2025,C00349,P0041 ,ST099,Online,3.0,83810.0,0.0,M-Pesa,Completed,5.0
2686,O000266,2024-02-03 08:19:00,C01248,P0040,ST019,In-Store,1.0,126140.0,0.0,M-Pesa,Cancelled,0.0
2687,O000774,2024-04-10 20:43:00,C00873,P0173,ST022,In-Store,1.0,19620.0,0.0,Credit/Debit Card,Completed,0.0
2688,O006097,2025-10-16 08:03:00,C00545,P0012,ST003,In-Store,1.0,130340.0,0.0,Cash,completed,0.0
2689,O005297,2025-07-28 17:30:00,C00986,P0036,ST099,Online,1.0,82830.0,,mpesa,Completed,3.0
2690,O001356,2024-06-18 12:10:00,C01185,P0012,ST099,Online,1.0,130340.0,,mpesa,Completed,6.0
2691,O003131,2024-12-13 20:18:00,C00563,P0020,ST010,In-Store,1.0,10070.0,0.0,Mpesa ,Completed,0.0
2692,O000581,2024-03-17 14:31:00,C01318,P0173,ST011,In-Store,1.0,19620.0,0.0,M-PESA,Completed,0.0
2693,O001679,2024-07-25 19:49:00,C00708,P0161,ST099,Online,1.0,49910.0,0.2,M-Pesa,Completed,2.0
2694,O004696,2025-05-24 14:51:00,C00242,P0062,ST019,In-Store,1.0,20210.0,0.0,M-Pesa,Completed,0.0
2695,O000353,2024-02-16 16:32:00,C01306,P0069,ST008,In-Store,2.0,20690.0,0.2,M pesa,Completed,0.0
2696,O006436,2025-11-15 09:54:00,C00371,P0169,ST099,Online,2.0,57960.0,0.0,Mpesa,Completed,3.0
2697,O003229,2024-12-18 20:42:00,C00622,P0016,ST010,In-Store,1.0,38090.0,0.05,M-Pesa,Completed,0.0
2698,O003755,2025-02-08 18:27:00,C00273,P0187,ST099,Online,1.0,10220.0,0.0,airtel money,Completed,2.0
2699,O002533,2024-10-23 12:23:00,C00952,P0160,ST010,In-Store,1.0,52970.0,,Mpesa,Completed,0.0
2700,O000796,2024-04-12 14:46:00,C01029,P0160,ST002,In-Store,1.0,52970.0,0.0,mpesa,Completed,0.0
2701,O006753,2025-12-10 17:07:00,,P0152,ST011,In-Store,1.0,11580.0,0.1,M-Pesa,Completed,0.0
2702,O003938,2025-03-04 12:10:00,C00887,P0197,ST099,Online,1.0,22390.0,0.0,cash ,Completed,3.0
2703,O000535,2024/03/10,C00162,P0010,ST020,In-Store,1.0,127120.0,0.0,CASH,Completed,0.0
2704,O003758,2025-02-08 12:28:00,,P0135,ST014 ,In-Store,1.0,3510.0,0.0,Cash,Returned,0.0
2705,O005620,2025-08-29 15:34:00,C00234,P0161,ST099,Online,1.0,49910.0,0.0,Cash,Completed,4.0
2706,O005060,2025-07-03 11:37:00,C00835,P0174,ST009,In-Store,1.0,29840.0,0.0,Cash,completed,0.0
2707,O006933,2025-12-20 18:13:00,C00616,P0012,ST007,In-Store,2.0,130340.0,0.0,Airtel Money,Completed,0.0
2708,O001618,2024-07-18 14:46:00,C00851,P0162,ST099,Online,1.0,42760.0,0.0,M-PESA,Returned,1.0
2709,O003388,2024-12-26 11:00:00,C00075,P0062,ST099,Online,1.0,20210.0,0.0,M-Pesa,Completed,2.0
2710,O003045,2024-12-07 17:59:00,C00231,P0120,ST099,Online,-1.0,10270.0,0.15,Airtel Money,Completed,5.0
2711,O002074,2024-09-06 14:08:00,C00209,P0024,ST099,Online,1.0,85100.0,0.0,Airtel Money,Completed,6.0
2712,O000658,2024-03-25 14:30:00,C00810,P0160,ST024,In-Store,1.0,52970.0,,M-Pesa,Completed,0.0
2713,O003681,2025-01-29 13:36:00,C00157,P0125,ST009,In-Store,1.0,5710.0,0.0,mpesa,Completed,0.0
2714,O003877,2025-02-25 11:17:00,,P0062,ST024,In-Store,1.0,20210.0,0.0,M-Pesa,Cancelled,0.0
2715,O001702,2024-07-27 14:36:00,C01192,P0172,ST010,In-Store,2.0,38980.0,0.0,Credit/Debit Card,Cancelled,0.0
2716,O006065,2025-10-12 16:11:00,C00965,P0135,ST004,In-Store,1.0,3510.0,0.0,Credit/Debit Card,Completed,0.0
2717,O003062,2024-12-07 08:13:00,C01092,P0060,ST099,Online,1.0,20160.0,0.0,CASH,Completed,1.0
2718,O001064,2024-05-13 10:17:00,C00817,P0146,ST001,In-Store,1.0,29570.0,0.05,Cash,Completed,0.0
2719,O005679,2025-09-04 18:56:00,C01229,P0135,ST005,In-Store,1.0,3510.0,0.0,M-Pesa,Completed,0.0
2720,O002098,2024-09-09 13:37:00,C00759,P0060,ST099,Online,1.0,20160.0,0.0,M-Pesa,Completed,6.0
2721,O001835,2024-08-11 19:35:00,C01196,P0079,ST004,In-Store,1.0,17060.0,0.0,M-Pesa,Completed,0.0
2722,O001559,2024-07-11 10:25:00,C00430,P0135,ST099,Online,1.0,3510.0,0.0,M-Pesa,Completed,1.0
2723,O006641,2025-12-02 11:07:00,C00700,P0146,ST002,In-Store,2.0,29570.0,0.0,m-pesa,complete,0.0
2724,O005905,2025-09-28 08:40:00,C00187,P0135,ST023,In-Store,1.0,3510.0,0.2,M-Pesa,Completed,0.0
2725,O005635,2025-08-30 13:10:00,C00069,P0176,ST099,Online,1.0,10760.0,0.0,M-Pesa,Completed,3.0
2726,O002291,2024-09-29 08:46:00,C00236,P0061,ST099,Online,1.0,19410.0,0.0,M-Pesa,RETURNED,4.0
2727,O006871,2025-12-17 16:59:00,C00629,P0161,ST099,Online,1.0,49910.0,0.05,Cash,Completed,1.0
2728,O003695,2025-01-31 11:50:00,C00379,P0074,ST005,In-Store,1.0,1880.0,0.0,Credit/Debit Card,Completed,0.0
2729,O003659,2025-01-26 20:23:00,C01195,P0071,ST099,Online,2.0,4850.0,0.0,M-Pesa,Completed,2.0
2730,O001293,2024-06-12 18:37:00,C00609,P0194,ST099,Online,1.0,24550.0,0.15,M-PESA,Completed,1.0
2731,O000876,2024-04-20 11:07:00,C00161,P0088,ST099,Online,1.0,10360.0,,mpesa,COMPLETED,5.0
2732,O003776,2025-02-11 18:30:00,,P0056,ST099,Online,1.0,14270.0,0.0,Cash,Completed,5.0
2733,O000962,2024-04-30 19:53:00,C01554,P0060,ST014,In-Store,1.0,20160.0,0.0,M-Pesa,Completed,0.0
2734,O006648,2025-12-02 13:55:00,C00277,P0196,ST023,In-Store,1.0,20930.0,0.05,Airtel money,Completed,0.0
2735,O000128,2024-01-16 19:15:00,C00785,P0018,ST006,In-Store,1.0,79380.0,0.0,mpesa,Completed,0.0
2736,O003984,2025-03-09 12:09:00,C00940,P0024,ST007,In-Store,1.0,85100.0,0.0,Airtel-Money,Completed,0.0
2737,O004585,2025-05-12 12:23:00,C00968,P0013,ST004,In-Store,2.0,30190.0,0.0,M-Pesa,Completed,0.0
2738,O003303,2024-12-21 11:41:00,C01237,P0123,ST099,Online,2.0,7870.0,0.1,Cash,Completed,5.0
2739,O006485,2025-11-19 16:35:00,C01239,P0189,ST024,In-Store,1.0,32140.0,0.0,cash,Completed,0.0
2740,O003435,2024-12-29 16:19:00,C01294,P0039,ST011,In-Store,1.0,75080.0,0.0,M-Pesa,Completed,0.0
2741,O002752,2024-11-12 20:55:00,C01230,P0091,ST022,In-Store,1.0,2270.0,0.05,Cash,Completed,0.0
2742,O004708,2025-05-25 18:33:00,C00422,P0087,ST004,In-Store,1.0,11890.0,0.0,Credit/Debit Card,Returned,0.0
2743,O000508,2024-03-08 20:24:00,C01091,P0174,ST024,In-Store,1.0,29840.0,0.0,Bank Transfer,Completed,0.0
2744,O005353,2025-08-02 16:00:00,C01168,P0128,ST099,Online,1.0,13910.0,0.0,M pesa,Completed,4.0
2745,O004391,2025-04-21 16:38:00,C00095,P0029,ST099,Online,2.0,114610.0,0.0,M-Pesa,Completed,2.0
2746,O001779,2024-08-04 19:44:00,C01169,P0060,ST024,In-Store,1.0,20160.0,0.0,debit card,complete,0.0
2747,O004335,2025-04-17 18:11:00,C00808,P0146,ST099,Online,1.0,29570.0,0.0,M-PESA,COMPLETED,2.0
2748,O002422,2024-10-13 12:58:00,C01192,P0013,ST007,In-Store,0.0,30190.0,0.0,Credit/Debit Card,complete,0.0
2749,O003386,2024-12-26 13:09:00,C00302,P0021,ST099,Online,1.0,135600.0,0.15,airtel money,Completed,4.0
2750,O003079,2024-12-08 16:09:00,C00209,P0189,ST007,In-Store,2.0,32140.0,0.05,Credit/Debit Card,Completed,0.0
2751,O005945,2025-10-02 08:18:00,,P0156,ST099,Online,1.0,30350.0,0.0,M-Pesa,Completed,3.0
2752,O003847,2025-02-21 09:31:00,C01289,P0080,ST099,Online,2.0,4980.0,0.05,M-Pesa,Completed,1.0
2753,O006281,2025/11/02,C00656,P0075,ST099,Online,1.0,7540.0,0.0,Bank Transfer,Completed,2.0
2754,O005561,2025-08-23 09:40:00,C00446,P0188,ST011,In-Store,1.0,10310.0,0.0,M-Pesa,Completed,0.0
2755,O006368,2025-11-09 16:03:00,C00118,P0150,ST099,Online,1.0,32640.0,0.0,Cash,Completed,2.0
2756,O000917,2024-04-25 10:07:00,C00557,P0045,ST008,In-Store,1.0,20960.0,,Credit/Debit Card,Completed,0.0
2757,O002927,2024-11-27 12:07:00,C00862,P0030,ST099,Online,1.0,62130.0,0.0,M-Pesa,Completed,2.0
2758,O003631,2025-01-23 14:52:00,C01135,P0160,ST008,In-Store,1.0,52970.0,0.0,M-Pesa,Returned,0.0
2759,O003031,2024-12-06 12:47:00,C00235,P0125,ST011,In-Store,1.0,5710.0,0.0,M-Pesa,Completed,0.0
2760,O004473,2025-04-30 08:07:00,C00040,P0030 ,ST099,Online,1.0,62130.0,0.0,M-Pesa,Cancelled,1.0
2761,O003089,2024-12-09 13:59:00,C00686,P0062,ST099,Online,2.0,20210.0,0.0,M-Pesa,Completed,3.0
2762,O001160,2024-05-25 12:23:00,C01002,P0125,ST001,In-Store,1.0,5710.0,,MPESA ,Completed,0.0
2763,O003139,2024-12-13 14:38:00,C00898,P0024,ST099,Online,1.0,85100.0,0.0,cash,Completed,5.0
2764,O004601,2025-05-14 09:05:00,C01220,P0198,ST099,Online,1.0,35160.0,0.0,credit card,Completed,6.0
2765,O002241,2024-09-24 08:29:00,C01290,P0096,ST099,Online,2.0,6270.0,0.0,Bank Transfer,Returned,2.0
2766,O000776,2024-04-10 19:23:00,C00772,P0160,ST019,In-Store,1.0,52970.0,0.0,m-pesa,complete,0.0
2767,O000378,2024-02-19 14:21:00,C00864,P0129,ST006,In-Store,1.0,10150.0,0.0,Airtel Money,Completed,0.0
2768,O003289,2024-12-21 09:40:00,C00287,P0008,ST011,In-Store,2.0,94740.0,0.0,cash ,Completed,0.0
2769,O006612,30/11/2025,C01300,P0151,ST099,Online,1.0,47660.0,0.1,M-Pesa,Completed,1.0
2770,O005489,2025-08-16 18:18:00,C00984,P0022,ST099,Online,1.0,63380.0,0.0,CASH,complete,3.0
2771,O005599,2025-08-28 13:10:00,C00491,P0162,ST015,In-Store,2.0,42760.0,0.0,Credit/Debit Card,Completed,0.0
2772,O001422,2024-06-26 10:22:00,C01046,P0088,ST099,Online,1.0,10360.0,0.0,M-Pesa,Cancelled,2.0
2773,O002890,2024-11-25 20:07:00,C01145,P0105,ST014,In-Store,2.0,15970.0,0.0,Bank Transfer,Completed,0.0
2774,O004875,2025-06-12 10:42:00,C00197,P0196,ST017,In-Store,1.0,20930.0,0.0,mpesa,Completed,0.0
2775,O005233,2025-07-20 13:49:00,C01039,P0086,ST003,In-Store,4.0,,0.0,CASH,Completed,0.0
2776,O000749,2024-04-07 14:20:00,C01087,P0160,ST001,In-Store,3.0,52970.0,0.0,M-Pesa,Completed,0.0
2777,O000416,2024-02-24 19:34:00,C00663,P0083,ST018,In-Store,1.0,14200.0,0.0,M-Pesa,Completed,0.0
2778,O002868,2024-11-22 17:01:00,C00116,P0012,ST019,In-Store,1.0,130340.0,0.05,Mpesa ,completed,0.0
2779,O000275,2024-02-03 20:43:00,C00383,P0111,ST099,Online,1.0,3840.0,0.0,Bank Transfer,Completed,3.0
2780,O001784,2024-08-04 15:16:00,C00612,P0013,ST004,In-Store,2.0,30190.0,0.0,Mpesa ,Completed,0.0
2781,O002643,2024-11-03 20:46:00,C00576,P0135,ST003,In-Store,1.0,3510.0,0.0,Cash,Completed,0.0
2782,O003170,2024-12-15 14:26:00,C01188,P0060,ST012,In-Store,1.0,20160.0,0.1,Mpesa,Completed,0.0
2783,O003457,2024-12-30 17:32:00,C00186,P0016,ST004,In-Store,1.0,38090.0,0.0,M-PESA,Completed,0.0
2784,O000460,2024-03-02 15:14:00,C00953,P0138,ST099,Online,1.0,4780.0,0.0,M-Pesa,Returned,1.0
2785,O002381,2024-10-09 10:28:00,C00807,P0183,ST014,In-Store,1.0,39320.0,0.05,Card,completed,0.0
2786,O001425,2024-06-26 18:32:00,C00050,P0080,ST021,In-Store,1.0,4980.0,0.0,M-Pesa,Completed,0.0
2787,O005636,2025-08-30 10:40:00,C01322,P0129,ST099,Online,1.0,10150.0,0.2,M-Pesa,Completed,3.0
2788,O001954,2024-08-24 10:38:00,C00799,P0086,ST012,In-Store,1.0,19730.0,,M-Pesa,Completed,0.0
2789,O002214,2024-09-21 10:01:00,C01247,P0067,ST005,In-Store,1.0,4320.0,0.0,Credit/Debit Card,Completed,0.0
2790,O006760,2025-12-10 09:54:00,C00954,P0148,ST011,In-Store,,32090.0,0.0,Mpesa ,complete,0.0
2791,O006406,2025-11-12 09:14:00,C00920 ,P0144,ST010,In-Store,1.0,30700.0,0.0,Cash,Completed,0.0
2792,O006178,2025-10-24 17:21:00,C01076,P0104,ST016,In-Store,1.0,3780.0,0.0,M-Pesa,Completed,0.0
2793,O003743,2025-02-07 08:28:00,C00469,P0005,ST019,In-Store,1.0,18960.0,0.0,cash ,Cancelled,0.0
2794,O000360,2024-02-17 16:41:00,C00899,P0116,ST019,In-Store,2.0,13190.0,0.0,CASH,Completed,0.0
2795,O002634,2024/11/02,C00893,P0146,ST099,Online,1.0,29570.0,0.0,M-Pesa,Completed,6.0
2796,O004503,2025-05-03 16:20:00,C00075,P0181,ST024,In-Store,1.0,23170.0,,M-Pesa,Cancelled,0.0
2797,O003383,2024-12-26 15:51:00,C00438,P0138,ST016,In-Store,3.0,4780.0,0.0,Cash,Completed,0.0
2798,O005029,2025-06-30 09:28:00,C01095,P0173,ST008,In-Store,2.0,19620.0,0.0,Airtel Money,complete,0.0
2799,O001486,2024-07-04 18:55:00,C00156,P0175,ST099,Online,1.0,15740.0,0.15,Bank Transfer,Completed,1.0
2800,O005397,2025-08-07 20:29:00,C00635,P0189,ST099,Online,1.0,32140.0,0.0,mpesa,completed,1.0
2801,O003069,2024-12-08 16:41:00,C01318,P0084,ST013 ,In-Store,1.0,17830.0,0.0,M-Pesa,Completed,0.0
2802,O000247,2024-01-30 14:37:00,C00778,P0146,ST018,In-Store,1.0,29570.0,0.0,M pesa,Completed,0.0
2803,O003931,2025-03-03 18:41:00,C01143,P0023,ST014,In-Store,1.0,122960.0,0.0,M-Pesa,completed,0.0
2804,O006921,2025-12-19 18:34:00,C00908,P0152,ST099,Online,,11580.0,0.0,m-pesa,completed,5.0
2805,O004930,2025-06-19 15:29:00,C00808,P0012,ST099,Online,1.0,130340.0,0.0,M-Pesa,Cancelled,2.0
2806,O001444,2024-06-29 17:38:00,C00777,P0142,ST099,Online,2.0,5880.0,0.0,M-Pesa,Completed,1.0
2807,O003222,2024-12-18 08:06:00,C01321,P0084,ST004,In-Store,1.0,17830.0,0.0,M-Pesa,Completed,0.0
2808,O001920,2024-08-20 18:31:00,C01150,P0156,ST011,In-Store,1.0,30350.0,0.0,M-Pesa,Completed,0.0
2809,O006661,2025-12-03 19:11:00,C01161,P0151,ST005,In-Store,1.0,47660.0,0.0,M-PESA,Completed,0.0
2810,O005619,2025-08-29 08:43:00,C00347,P0062,ST099,Online,1.0,20210.0,0.0,M-Pesa,Completed,3.0
2811,O004316,2025-04-14 09:09:00,C01338,P0010,ST099,Online,1.0,127120.0,0.0,mpesa,complete,5.0
2812,O000715,2024/04/01,C00849,P0020,ST016,In-Store,1.0,10070.0,0.0,MPESA ,Completed,0.0
2813,O001047,2024-05-11 09:55:00,,P0010,ST012,In-Store,3.0,127120.0,0.0,Cash,Completed,0.0
2814,O005772,2025-09-14 09:40:00,C01060,P0059,ST099,Online,1.0,16280.0,0.0,Credit/Debit Card,Completed,1.0
2815,O004647,2025-05-20 10:23:00,C00260,P0033,ST022,In-Store,2.0,103260.0,0.0,M-Pesa,Completed,0.0
2816,O001039,2024-05-10 11:38:00,C00644,P0146,ST022,In-Store,2.0,29570.0,0.0,cash,complete,0.0
2817,O000418,2024-02-24 09:27:00,C00895 ,P0023,ST010,In-Store,1.0,122960.0,0.0,Cash,Completed,0.0
2818,O001483,2024-07-03 10:33:00,C01314,P0113,ST008,In-Store,1.0,16190.0,0.0,MPESA ,Completed,0.0
2819,O005068,2025-07-04 17:57:00,C01234,P0017,ST099,Online,4.0,123410.0,0.0,Cash,Completed,4.0
2820,O005200,2025-07-17 17:40:00,C00147,P0155,ST099,Online,1.0,13260.0,0.0,M pesa,Completed,6.0
2821,O001222,2024-06-02 11:46:00,C00465,P0086,ST099,Online,1.0,19730.0,0.05,Cash,Completed,3.0
2822,O001401,2024-06-23 10:31:00,C00862,P0024,ST023,In-Store,2.0,85100.0,0.0,cash ,Completed,0.0
2823,O000707,2024-03-31 15:51:00,C00660,P0171,ST099,Online,,48310.0,0.15,Airtel Money,Completed,1.0
2824,O003886,2025-02-26 10:35:00,C00535,P0183,ST099,Online,1.0,39320.0,0.0,M-Pesa,Returned,2.0
2825,O006180,2025-10-25 14:45:00,,P0173,ST013,In-Store,1.0,19620.0,0.0,M-Pesa,Completed,0.0
2826,O002727,2024-11-10 14:06:00,C00915,P0034,ST023,In-Store,1.0,32600.0,0.0,MPESA ,Completed,0.0
2827,O006718,2025-12-08 09:39:00,C00826,P0012,ST010,In-Store,1.0,130340.0,0.0,Cash,Returned,0.0
2828,O001804,2024-08-07 14:27:00,C01004,P0096 ,ST099,Online,1.0,6270.0,0.1,M-Pesa,Completed,1.0
2829,O003254,2024-12-19 14:44:00,C00676,P0074,ST099,Online,1.0,1880.0,0.1,M-Pesa,Completed,2.0
2830,O005804,2025-09-18 09:51:00,C01309,P0135,ST022,In-Store,1.0,3510.0,0.0,Bank Transfer,Completed,0.0
2831,O001158,2024-05-25 18:25:00,C01307,P0010,ST006,In-Store,2.0,127120.0,0.05,M-Pesa,Completed,0.0
2832,O006957,2025-12-21 11:26:00,C00541,P0002,ST099,Online,1.0,91490.0,0.05,cash ,Returned,2.0
2833,O006237,2025-10-29 17:32:00,C01177,P0059,ST013,In-Store,4.0,16280.0,0.0,M-Pesa,Completed,0.0
2834,O002825,2024-11-19 11:16:00,C00960,P0013,ST022,In-Store,2.0,30190.0,0.0,M-PESA,COMPLETED,0.0
2835,O001341,2024-06-16 15:21:00,C00570,P0028,ST099,Online,1.0,6690.0,0.0,Bank Transfer,Completed,1.0
2836,O003239,2024-12-18 11:18:00,C00555,P0095,ST009,In-Store,1.0,4260.0,0.0,M-Pesa,Completed,0.0
2837,O006557,2025-11-26 18:24:00,C00500,P0129,ST099,Online,2.0,10150.0,0.0,M-Pesa,Returned,3.0
2838,O006459,2025-11-17 12:42:00,C00235,P0086,ST099,Online,2.0,19730.0,0.0,MPESA ,Completed,5.0
2839,O005955,2025-10-03 10:20:00,C00671,P0091,ST004,In-Store,1.0,2270.0,0.05,M-Pesa,Completed,0.0
2840,O003213,2024-12-17 16:03:00,C01049 ,P0063,ST099,Online,1.0,1440.0,0.1,M-Pesa,Returned,4.0
2841,O006743,2025-12-09 16:13:00,,P0141,ST022,In-Store,1.0,12880.0,0.0,Bank Transfer,Returned,0.0
2842,O002448,2024-10-14 15:36:00,C00399,P0159,ST099,Online,4.0,14960.0,0.2,Airtel Money,Completed,2.0
2843,O004549,2025-05-08 15:34:00,C01194,P0184,ST099,Online,3.0,20390.0,0.0,M-Pesa,completed,1.0
2844,O005741,2025-09-10 13:31:00,C01343,P0086,ST099,Online,1.0,19730.0,,Bank Transfer,complete,4.0
2845,O006850,2025-12-16 13:44:00,C00765,P0062,ST008,In-Store,1.0,20210.0,0.0,cash,completed,0.0
2846,O001071,2024-05-14 17:08:00,C00530,P0111,ST003,In-Store,1.0,3840.0,0.0,M-Pesa,Returned,0.0
2847,O000762,2024-04-08 17:21:00,C00256,P0148,ST011,In-Store,1.0,32090.0,0.0,cash,Completed,0.0
2848,O006649,2025-12-02 12:49:00,C00414,P0053,ST099,Online,1.0,13410.0,0.0,Airtel Money,Completed,3.0
2849,O002611,2024-11-01 17:21:00,C01324,P0151,ST005,In-Store,1.0,47660.0,0.0,M-Pesa,completed,0.0
2850,O006056,2025-10-11 10:00:00,C00612,P0109,ST099 ,Online,1.0,6990.0,0.0,Cash,Completed,5.0
2851,O006297,2025-11-03 15:54:00,C00836,P0046,ST014,In-Store,1.0,17890.0,0.0,M-Pesa,Completed,0.0
2852,O007090,2025-12-27 13:31:00,C01252,P0017,ST009,In-Store,1.0,123410.0,0.0,M-PESA,COMPLETED,0.0
2853,O000072,2024-01-10 08:21:00,C00868,P0160,ST004,In-Store,1.0,52970.0,0.0,Credit/Debit Card,completed,0.0
2854,O000123,2024-01-15 15:51:00,C01042,P0057,ST009,In-Store,1.0,2110.0,0.0,Mpesa,complete,0.0
2855,O003485,2025-01-03 08:32:00,C01212,P0084,ST099,Online,1.0,17830.0,0.0,M-Pesa,Completed,5.0
2856,O004711,2025-05-25 11:07:00,C00436,P0095,ST099,Online,2.0,4260.0,0.0,M-Pesa,Completed,2.0
2857,O002604,2024-10-31 12:16:00,C00906,P0096,ST099,Online,1.0,6270.0,0.0,MPESA ,Returned,3.0
2858,O006548,2025-11-25 16:52:00,C01006,P0198,ST011,In-Store,1.0,35160.0,0.0,Airtel Money,Completed,0.0
2859,O005494,2025-08-16 12:49:00,,P0004,ST008,In-Store,1.0,38100.0,0.0,M-Pesa,Completed,0.0
2860,O004212,2025-04-03 13:23:00,C00421,P0051,ST014,In-Store,1.0,20210.0,0.0,M pesa,Completed,0.0
2861,O006275,2025-11-01 19:21:00,C00774,P0036,ST006,In-Store,1.0,,0.2,M pesa,Returned,0.0
2862,O006239,2025-10-29 13:10:00,C00704,P0086,ST099,Online,1.0,19730.0,0.0,mpesa,COMPLETED,1.0
2863,O002305,2024-10-01 19:17:00,C00057,P0060,ST024,In-Store,1.0,20160.0,0.0,Mpesa ,Completed,0.0
2864,O007019,2025-12-23 08:17:00,C00903,P0111,ST154,In-Store,1.0,3840.0,0.0,M pesa,Completed,0.0
2865,O004012,2025-03-14 18:31:00,C00910,P0194,ST099,Online,1.0,24550.0,0.0,Airtel Money,Completed,4.0
2866,O003455,2024-12-30 18:47:00,C00645,P0197,ST014,In-Store,4.0,22390.0,0.1,M-Pesa,Completed,0.0
2867,O006852,2025-12-16 20:28:00,C00821,P0128,ST099,Online,3.0,13910.0,0.05,Cash,Completed,4.0
2868,O004890,2025-06-14 13:48:00,C01228,P0096,ST012,In-Store,1.0,6270.0,0.0,MPESA ,Completed,0.0
2869,O005173,2025-07-14 08:32:00,C00337,P0198,ST024,In-Store,1.0,35160.0,0.0,M-Pesa,Completed,0.0
2870,O003669,2025-01-27 08:15:00,C01260,P0010,ST099,Online,1.0,127120.0,0.0,Cash,Completed,3.0
2871,O001478,02-Jul-2024,C00229,P0033,ST023,In-Store,1.0,103260.0,0.05,Airtel Money,Completed,0.0
2872,O002959,2024-11-30 08:11:00,C00902 ,P0122,ST002,In-Store,1.0,1050.0,0.0,M-Pesa,Cancelled,0.0
2873,O001967,2024-08-25 11:14:00,C00066,P0023,ST022,In-Store,1.0,122960.0,0.0,M-Pesa,completed,0.0
2874,O004228,2025-04-05 20:59:00,C00334,P0197,ST099,Online,2.0,22390.0,0.0,M-Pesa,Completed,4.0
2875,O001655,2024-07-22 08:33:00,C01110,P0146,ST015,In-Store,3.0,29570.0,0.0,M-Pesa,Completed,0.0
2876,O002229,2024-09-22 20:21:00,C00049,P0033,ST004,In-Store,1.0,103260.0,0.15,M-Pesa,Completed,0.0
2877,O002536,2024-10-23 11:58:00,C00062,P0053,ST001,In-Store,1.0,13410.0,0.0,M-Pesa,Completed,0.0
2878,O003066,2024-12-08 18:04:00,C00766,P0036,ST099,Online,1.0,82830.0,0.15,Airtel Money,Completed,6.0
2879,O001987,2024-08-28 18:23:00,C01139,P0172,ST017,In-Store,1.0,38980.0,0.1,M-Pesa,Completed,0.0
2880,O002304,2024-10-01 18:53:00,C00387,P0021,ST006,In-Store,1.0,135600.0,0.0,Card,Completed,0.0
2881,O000683,2024-03-29 15:23:00,C00163,P0056,ST024,In-Store,2.0,14270.0,0.0,Airtel Money,COMPLETED,0.0
2882,O004703,2025-05-25 19:48:00,C01079 ,P0017,ST017,In-Store,1.0,123410.0,0.0,m-pesa,Completed,0.0
2883,O004554,2025-05-08 19:37:00,C01120,P0010,ST024,In-Store,2.0,127120.0,0.0,M-Pesa,Completed,0.0
2884,O006069,2025-10-12 20:36:00,C00364,P0096,ST010,In-Store,2.0,6270.0,,M-Pesa,canceled,0.0
2885,O003277,2024-12-20 10:07:00,C00313,P0008,ST004,In-Store,1.0,94740.0,0.1,M-Pesa,Returned,0.0
2886,O004548,2025-05-08 15:30:00,C00712,P0189,ST099,Online,1.0,32140.0,0.05,M-Pesa,Completed,2.0
2887,O003469,2025-01-01 18:25:00,C01142,P0025,ST016,In-Store,1.0,53630.0,0.0,Bank Transfer,Completed,0.0
2888,O005564,2025-08-23 20:25:00,C00154,P0165,ST007,In-Store,1.0,45630.0,0.0,Airtel Money,Completed,0.0
2889,O006848,2025-12-16 08:45:00,C00496,P0059,ST099,Online,2.0,16280.0,0.1,CASH,Cancelled,5.0
2890,O006864,2025-12-16 14:45:00,C00215,P0131,ST099,Online,3.0,1830.0,0.0,Credit/Debit Card,COMPLETED,2.0
2891,O002132,2024-09-13 13:04:00,C00778,P0096,ST018,In-Store,1.0,6270.0,0.0,Cash,Completed,0.0
2892,O004032,2025-03-16 15:24:00,C00040,P0023,ST017,In-Store,2.0,122960.0,0.0,M pesa,Returned,0.0
2893,O006051,2025-10-11 14:44:00,C00260,P0030,ST020,In-Store,1.0,62130.0,0.0,Credit/Debit Card,Completed,0.0
2894,O004700,2025-05-24 10:18:00,C00700,P0084,ST099,Online,1.0,17830.0,0.0,Cash,Completed,1.0
2895,O003188,2024-12-16 09:26:00,C01084,P0091,ST099,Online,1.0,2270.0,0.0,mpesa,Completed,2.0
2896,O001302,2024-06-12 18:11:00,C00070,P0126,ST012,In-Store,1.0,12920.0,0.0,Credit/Debit Card,Completed,0.0
2897,O005729,2025-09-09 20:47:00,C00067,P0063,ST016,In-Store,1.0,1440.0,0.0,Cash,completed,0.0
2898,O006819,2025-12-14 13:08:00,C00412,P0194,ST024,In-Store,1.0,24550.0,0.15,Bank Transfer,Returned,0.0
2899,O004618,2025-05-17 17:10:00,C01203,P0122,ST009,In-Store,1.0,1050.0,0.0,M-Pesa,Completed,0.0
2900,O000882,2024-04-21 20:03:00,C00440,P0092,ST010,In-Store,1.0,2840.0,0.0,Bank Transfer,Completed,0.0
2901,O003275,2024-12-20 08:07:00,C00227,P0144,ST006,In-Store,1.0,30700.0,0.05,M-Pesa,Completed,0.0
2902,O002206,2024-09-21 14:50:00,C00973,P0039,ST016,In-Store,1.0,75080.0,0.0,M pesa,Completed,0.0
2903,O002431,2024-10-13 19:54:00,C00484,P0160,ST017,In-Store,1.0,52970.0,,Airtel Money,Returned,0.0
2904,O006555,2025-11-26 18:38:00,C00410,P0051,ST011,In-Store,1.0,,,MPESA ,Returned,0.0
2905,O002960,2024-11-30 09:45:00,C00049,P0024,ST099,Online,3.0,85100.0,0.0,M-Pesa,Completed,6.0
2906,O005018,2025-06-29 20:04:00,C00356,P0088,ST099,Online,4.0,10360.0,0.0,Cash,Returned,1.0
2907,O002739,2024-11-11 14:57:00,C00088,P0139,ST012,In-Store,1.0,6700.0,0.0,Credit/Debit Card,complete,0.0
2908,O006173,2025-10-24 16:53:00,C01152,P0032,ST099,Online,1.0,112270.0,0.0,M-Pesa,Completed,2.0
2909,O002256,2024-09-25 12:17:00,C00608,P0151,ST007,In-Store,1.0,47660.0,0.0,Bank Transfer,Completed,0.0
2910,O006414,2025-11-13 20:54:00,C01162,P0163,ST010,In-Store,1.0,41210.0,0.0,CARD,Completed,0.0
2911,O004361,2025-04-19 13:16:00,C00064,P0129,ST002,In-Store,1.0,10150.0,0.0,Cash,Completed,0.0
2912,O001282,2024-06-09 13:13:00,C00586,P0016,ST014,In-Store,1.0,38090.0,0.0,M-Pesa,Cancelled,0.0
2913,O005276,2025-07-26 16:53:00,C00727,P0060,ST099,Online,1.0,20160.0,0.0,M-Pesa,Completed,2.0
2914,O006896,2025-12-18 17:05:00,C00311,P0162,ST099,Online,1.0,42760.0,0.0,airtel money,Completed,3.0
2915,O001095,2024-05-17 15:53:00,C01326,P0056,ST099,Online,1.0,14270.0,0.0,Credit/Debit Card,Completed,5.0
2916,O002935,2024-11-28 20:04:00,C01194,P0056,ST017,In-Store,1.0,14270.0,0.0,CARD,Completed,0.0
2917,O000564,2024-03-15 08:33:00,C00948,P0039,ST008,In-Store,1.0,75080.0,,M-PESA,Completed,0.0
2918,O002101,2024-09-09 11:22:00,C00292,P0054,ST099,Online,1.0,7300.0,0.0,M-Pesa,Completed,1.0
2919,O000276,2024-02-03 13:38:00,C00454,P0067,ST024,In-Store,1.0,4320.0,0.0,Credit/Debit Card,Completed,0.0
2920,O005930,2025-10-01 09:43:00,C00414,P0005,ST099,Online,1.0,18960.0,0.05,Airtel Money,Cancelled,2.0
2921,O006064,2025-10-12 17:32:00,C01260,P0159,ST099,Online,1.0,14960.0,0.0,M-Pesa,Completed,6.0
2922,O000484,2024-03-05 10:04:00,C00473,P0012,ST099,Online,1.0,130340.0,0.0,M-Pesa,Completed,3.0
2923,O003550,2025-01-12 09:06:00,C01292,P0083,ST002,In-Store,1.0,14200.0,0.0,M-Pesa,Completed,0.0
2924,O005056,2025-07-03 10:25:00,C01323,P0017,ST019,In-Store,1.0,123410.0,0.0,Airtel Money,Completed,0.0
2925,O003225,2024-12-18 15:48:00,,P0094,ST099,Online,1.0,7010.0,0.15,Credit/Debit Card,Completed,6.0
2926,O003299,2024-12-21 09:56:00,C00601,P0070,ST001,In-Store,2.0,18010.0,0.0,Credit/Debit Card,Completed,0.0
2927,O006766,2025-12-11 12:17:00,C01163,P0165,ST024,In-Store,1.0,45630.0,0.0,Mpesa ,Completed,0.0
2928,O005758,2025-09-13 20:46:00,C00700,P0163,ST017,In-Store,1.0,41210.0,0.15,M-Pesa,Completed,0.0
2929,O001027,2024-05-08 12:30:00,C00583,P0163,ST001,In-Store,2.0,41210.0,0.0,M-Pesa,Returned,0.0
2930,O000368,2024-02-18 11:46:00,C00699,P0024,ST099,Online,,85100.0,,Cash,Returned,5.0
2931,O003189,2024-12-16 17:21:00,,P0034,ST099,Online,2.0,32600.0,0.0,M-Pesa,Completed,4.0
2932,O003600,2025-01-18 13:42:00,C00663,P0069,ST099 ,Online,1.0,20690.0,0.0,Airtel Money,Completed,1.0
2933,O004155,2025-03-29 16:54:00,C00576,P0020,ST099,Online,4.0,10070.0,0.0,M-Pesa,Completed,3.0
2934,O004539,2025-05-07 19:04:00,C01343,P0091,ST024,In-Store,1.0,2270.0,0.0,Credit/Debit Card,Completed,0.0
2935,O002968,2024-12-01 10:06:00,C01319,P0071,ST002,In-Store,1.0,,0.0,M-Pesa,COMPLETED,0.0
2936,O004776,2025-05-31 15:35:00,C00167,P0004,ST007,In-Store,2.0,38100.0,0.0,Cash,Completed,0.0
2937,O001304,2024-06-13 09:10:00,C00360,P0060,ST009,In-Store,1.0,20160.0,0.0,M-Pesa,Completed,0.0
2938,O001658,2024-07-22 19:35:00,C00259,P0161,ST006,In-Store,2.0,49910.0,0.0,Airtel Money,complete,0.0
2939,O000119,2024-01-14 16:23:00,C01229,P0084,ST024,In-Store,1.0,17830.0,0.0,Credit/Debit Card,Completed,0.0
2940,O005507,2025-08-18 08:08:00,C00314,P0139,ST008,In-Store,1.0,6700.0,0.1,CARD,COMPLETED,0.0
2941,O006496,2025-11-20 19:21:00,C01047,P0017,ST099,Online,1.0,123410.0,0.1,Cash,Returned,1.0
2942,O006924,2025-12-19 09:08:00,C00994,P0135,ST099,Online,1.0,3510.0,0.0,M-Pesa,Completed,1.0
2943,O001127,2024-05-20 18:40:00,C00506,P0084,ST016,In-Store,1.0,17830.0,0.05,Bank Transfer,Completed,0.0
2944,O001893,2024-08-18 18:57:00,C00147,P0030,ST024,In-Store,1.0,62130.0,0.0,Airtel money,Returned,0.0
2945,O006605,2025-11-30 11:58:00,C00012,P0041,ST099,Online,1.0,83810.0,,Credit/Debit Card,Completed,1.0
2946,O004236,2025-04-06 16:53:00,C00178,P0158,ST099,Online,1.0,36400.0,0.0,Credit/Debit Card,Completed,4.0
2947,O000141,2024-01-18 09:19:00,C00734,P0053,ST004,In-Store,1.0,13410.0,0.0,Credit/Debit Card,Completed,0.0
2948,O000913,2024-04-25 18:00:00,C00287,P0168,ST099,Online,2.0,31350.0,0.0,cash,Completed,6.0
2949,O003746,2025-02-08 08:10:00,C00675,P0111,ST099,Online,2.0,3840.0,,M-Pesa,COMPLETED,1.0
2950,O002193,2024-09-20 10:51:00,C00203,P0120,ST099,Online,1.0,10270.0,0.0,Airtel-Money,Completed,3.0
2951,O000408,2024-02-23 17:25:00,C00501,P0067,ST099,Online,1.0,4320.0,0.15,M-Pesa,Completed,4.0
2952,O006372,2025-11-09 17:28:00,C01210,P0104,ST011,In-Store,1.0,3780.0,0.0,M-Pesa,Completed,0.0
2953,O004274,2025/04/10,C00322,P0062,ST006 ,In-Store,1.0,20210.0,,M-Pesa,Returned,0.0
2954,O002545,2024-10-24 13:22:00,C01081,P0175,ST009,In-Store,1.0,15740.0,0.0,m-pesa,Completed,0.0
2955,O004613,2025-05-16 20:25:00,C00410,P0181,ST011,In-Store,2.0,23170.0,0.0,Airtel Money,Returned,0.0
2956,O000222,2024-01-27 19:11:00,C01085,P0184,ST099,Online,4.0,20390.0,0.05,mpesa,completed,5.0
2957,O006521,2025-11-23 12:20:00,C00202,P0122,ST099,Online,1.0,1050.0,0.0,Bank Transfer,Completed,2.0
2958,O002298,2024-09-30 10:20:00,C00697,P0151,ST003,In-Store,1.0,47660.0,0.0,Airtel Money,Returned,0.0
2959,O007044,2025-12-24 10:45:00,C00432,P0084,ST099,Online,2.0,17830.0,0.1,Credit/Debit Card,COMPLETED,5.0
2960,O004881,2025-06-12 12:29:00,C00599,P0084,ST099,Online,1.0,17830.0,0.1,m-pesa,Completed,5.0
2961,O003698,2025-01-31 16:00:00,C00154,P0092,ST012,In-Store,2.0,2840.0,0.0,Cash,Completed,0.0
2962,O001028,2024-05-09 11:33:00,C01163,P0110,ST021,In-Store,2.0,9580.0,0.0,Airtel Money,Completed,0.0
2963,O005481,2025-08-15 10:08:00,C00672,P0126,ST001,In-Store,1.0,12920.0,0.0,Airtel Money,Completed,0.0
2964,O006822,2025-12-15 12:27:00,C00055,P0033,ST014,In-Store,3.0,103260.0,0.0,M-Pesa,Completed,0.0
2965,O001157,2024-05-25 17:45:00,C00806,P0160,ST012,In-Store,1.0,52970.0,0.0,Bank Transfer,Completed,0.0
2966,O000029,2024-01-04 17:12:00,C00629,P0039,ST099,Online,1.0,,0.0,cash ,Completed,6.0
2967,O001142,2024-05-23 18:43:00,C00382,P0039,ST099,Online,2.0,75080.0,0.0,Airtel Money,Completed,4.0
2968,O004531,2025-05-06 12:55:00,C00868,P0183,ST099,Online,1.0,39320.0,0.15,Cash,Completed,3.0
2969,O005174,2025-07-14 08:11:00,C00317,P0155,ST004,In-Store,1.0,13260.0,0.0,M-Pesa,Completed,0.0
2970,O000895,2024-04-22 09:49:00,C00757,P0104,ST016,In-Store,1.0,3780.0,0.0,Cash,Completed,0.0
2971,O000642,2024-03-23 12:02:00,C01248,P0030,ST010,In-Store,1.0,62130.0,0.0,cash,Returned,0.0
2972,O001728,2024-07-29 13:01:00,C00924,P0030,ST017,In-Store,1.0,62130.0,0.2,M pesa,Completed,0.0
2973,O005850,2025-09-23 08:07:00,C00737,P0012,ST024,In-Store,1.0,130340.0,0.0,M-Pesa,Completed,0.0
2974,O001097,2024-05-17 08:04:00,,P0160,ST003,In-Store,1.0,52970.0,0.0,CASH,Completed,0.0
2975,O002686,2024/11/07,C00727,P0027,ST099,Online,1.0,26240.0,0.0,Airtel Money,Completed,3.0
2976,O006932,2025-12-20 11:11:00,C01301,P0139,ST099,Online,1.0,6700.0,0.0,m-pesa,Completed,3.0
2977,O000716,2024-04-02 16:45:00,C00682,P0189,ST099,Online,1.0,32140.0,0.0,Airtel Money,complete,4.0
2978,O005630,2025-08-30 17:34:00,C01042,P0151,ST005,In-Store,1.0,47660.0,0.0,Cash,Completed,0.0
2979,O006999,22-Dec-2025,C00458,P0146,ST099,Online,1.0,29570.0,0.1,M-Pesa,Returned,5.0
2980,O004671,2025-05-22 17:09:00,C01158,P0155,ST099,Online,1.0,13260.0,0.0,M-Pesa,Completed,2.0
2981,O003317,22/12/2024,C00317,P0152,ST009,In-Store,1.0,11580.0,0.05,Cash,Completed,0.0
2982,O004956,2025-06-22 13:33:00,C00075,P0135,ST099,Online,1.0,3510.0,0.0,M-Pesa,Completed,5.0
2983,O003947,2025-03-05 15:27:00,C00259,P0018,ST009,In-Store,1.0,79380.0,0.0,Credit/Debit Card,Completed,0.0
2984,O006133,2025-10-19 12:44:00,C00645,P0098,ST013,In-Store,4.0,10630.0,0.0,M-Pesa,Completed,0.0
2985,O001419,2024/06/26,C01016,P0059,ST004,In-Store,1.0,16280.0,0.15,M-Pesa,Completed,0.0
2986,O004122,2025-03-25 18:03:00,C00454,P0139,ST099,Online,1.0,6700.0,0.0,M-Pesa,Completed,5.0
2987,O004526,2025-05-05 11:32:00,C01127,P0088,ST099,Online,1.0,10360.0,0.0,Credit/Debit Card,Completed,6.0
2988,O001850,2024/08/13,C00143,P0060,ST099,Online,1.0,20160.0,0.0,M-Pesa,returned,4.0
2989,O003510,2025-01-06 09:00:00,C01230,P0109,ST009,In-Store,2.0,6990.0,0.0,Bank Transfer,Completed,0.0
2990,O004942,2025-06-20 08:06:00,C01148,P0120,ST001,In-Store,1.0,10270.0,0.1,Mpesa,Completed,0.0
2991,O003433,2024-12-29 09:00:00,C00190,P0165,ST009,In-Store,1.0,45630.0,,M pesa,Completed,0.0
2992,O004506,2025-05-03 10:44:00,C00234 ,P0183,ST099,Online,1.0,39320.0,0.0,M-Pesa,Completed,6.0
2993,O003216,2024-12-17 19:32:00,C00612,P0158,ST017,In-Store,2.0,36400.0,0.1,Credit/Debit Card,Completed,0.0
2994,O006041,2025-10-11 18:44:00,C00195,P0160,ST019,In-Store,3.0,52970.0,0.0,Credit/Debit Card,Completed,0.0
2995,O004676,2025-05-22 18:41:00,C00605,P0086,ST099,Online,1.0,19730.0,,Airtel Money,Returned,6.0
2996,O006006,2025-10-08 20:22:00,C01273,P0111,ST001,In-Store,1.0,3840.0,0.0,Airtel Money,RETURNED,0.0
2997,O001527,2024-07-07 17:52:00,C01067,P0188,ST020,In-Store,1.0,10310.0,0.1,Bank Transfer,Completed,0.0
2998,O003786,2025-02-13 09:43:00,C00327,P0060,ST018,In-Store,2.0,20160.0,0.0,M-PESA,Completed,0.0
2999,O005571,2025-08-24 12:18:00,C00406,P0003,ST011,In-Store,1.0,26210.0,0.0,M-Pesa,COMPLETED,0.0
3000,O002366,2024-10-07 14:24:00,C00919,P0129,ST011,In-Store,1.0,10150.0,0.2,Bank Transfer,Completed,0.0
3001,O004429,2025-04-25 19:14:00,,P0122,ST012,In-Store,1.0,1050.0,0.0,Bank Transfer,Completed,0.0
3002,O004307,2025-04-14 13:09:00,C00837,P0086,ST099,Online,1.0,19730.0,0.0,Mpesa ,Returned,5.0
3003,O004108,2025-03-23 10:14:00,C00406,P0176,ST099,Online,1.0,10760.0,0.0,Credit/Debit Card,Completed,2.0
3004,O005719,2025-09-08 10:54:00,,P0098,ST008,In-Store,1.0,10630.0,0.0,Cash,Returned,0.0
3005,O000523,2024-03-09 17:48:00,C00062,P0012,ST005,In-Store,1.0,130340.0,0.0,Cash,Completed,0.0
3006,O002165,2024-09-15 09:58:00,C00391,P0165,ST004,In-Store,1.0,45630.0,0.0,Bank Transfer,Completed,0.0
3007,O006959,2025-12-21 20:43:00,C00763,P0146,ST099,Online,1.0,29570.0,0.0,mpesa,Returned,6.0
3008,O002765,2024-11-13 20:38:00,C00999,P0058 ,ST015,In-Store,1.0,17000.0,0.0,M-Pesa,Completed,0.0
3009,O000652,2024-03-24 16:55:00,C00225,P0083,ST020,In-Store,1.0,14200.0,0.0,mpesa,Completed,0.0
3010,O000210,2024-01-26 17:22:00,C00650,P0080,ST099,Online,1.0,,0.0,M-Pesa,Returned,3.0
3011,O004810,2025-06-04 17:53:00,C01166,P0135,ST001,In-Store,1.0,3510.0,0.0,M-Pesa,Returned,0.0
3012,O005531,2025-08-20 14:19:00,C00177,P0095,ST023,In-Store,4.0,4260.0,0.0,m-pesa,Completed,0.0
3013,O004763,2025-05-31 08:38:00,C00858,P0058,ST024 ,In-Store,1.0,17000.0,0.0,Mpesa,Completed,0.0
3014,O001820,2024-08-09 12:56:00,C01156,P0160,ST013,In-Store,1.0,52970.0,0.1,cash ,Cancelled,0.0
3015,O001427,2024-06-27 13:44:00,C00641,P0135,ST021,In-Store,1.0,3510.0,0.0,Bank Transfer,Completed,0.0
3016,O002870,2024-11-22 19:03:00,C00988,P0069,ST017,In-Store,1.0,20690.0,0.0,M-Pesa,Completed,0.0
3017,O003628,2025-01-22 14:44:00,C00173,P0160,ST011,In-Store,1.0,52970.0,0.0,Cash,Completed,0.0
3018,O002078,2024-09-07 10:27:00,C00822,P0163,ST015,In-Store,1.0,41210.0,0.0,Bank Transfer,Completed,0.0
3019,O006207,2025-10-26 17:54:00,C00751,P0086,ST099,Online,1.0,19730.0,0.0,m-pesa,Completed,4.0
3020,O002456,2024-10-15 19:59:00,C00772,P0118,ST099,Online,2.0,9190.0,0.0,M-Pesa,Completed,4.0
3021,O000923,2024-04-25 17:24:00,C01328,P0151,ST099,Online,2.0,47660.0,0.0,M-Pesa,Completed,1.0
3022,O004084,2025-03-21 17:42:00,C00247,P0066,ST013,In-Store,1.0,1630.0,0.0,M-Pesa,Completed,0.0
3023,O006103,2025-10-16 15:24:00,C00920,P0183,ST099,Online,2.0,39320.0,0.0,Airtel Money,Returned,1.0
3024,O003829,2025-02-19 08:15:00,C00911,P0165,ST099,Online,1.0,45630.0,0.0,Bank Transfer,Completed,2.0
3025,O006882,2025-12-17 15:21:00,C01150,P0158,ST099,Online,1.0,36400.0,0.0,Credit/Debit Card,Returned,1.0
3026,O004675,2025-05-22 14:25:00,C01004,P0083,ST021,In-Store,2.0,14200.0,0.0,M-Pesa,Returned,0.0
3027,O004821,2025-06-06 14:40:00,C01324,P0140,ST099,Online,1.0,13940.0,0.0,M-Pesa,Returned,6.0
3028,O001766,2024-08-02 12:35:00,C00971,P0060,ST023,In-Store,1.0,20160.0,0.0,Credit/Debit Card,Completed,0.0
3029,O000162,2024-01-20 19:44:00,C00444,P0135,ST012,In-Store,1.0,3510.0,0.0,Card,completed,0.0
3030,O000950,2024-04-28 19:22:00,C00124,P0025,ST099,Online,2.0,53630.0,0.15,m-pesa,Completed,3.0
3031,O006614,2025-11-30 15:42:00,C00154,P0096,ST099,Online,2.0,6270.0,0.0,M-Pesa,COMPLETED,6.0
3032,O004835,2025-06-07 09:20:00,C00219,P0123,ST018,In-Store,2.0,7870.0,0.1,Credit/Debit Card,Completed,0.0
3033,O005374,2025-08-05 10:26:00,C00622,P0084,ST018,In-Store,2.0,17830.0,0.0,m-pesa,Completed,0.0
3034,O005711,2025-09-07 19:19:00,C00964,P0071,ST099,Online,1.0,4850.0,0.0,Credit/Debit Card,Returned,2.0
3035,O005469,2025-08-14 15:09:00,C01346,P0183,ST099,Online,1.0,39320.0,0.0,M-Pesa,Completed,1.0
3036,O003543,2025-01-11 17:52:00,C00769,P0018,ST022 ,In-Store,1.0,79380.0,0.0,M-Pesa,Completed,0.0
3037,O004128,2025-03-26 14:51:00,C00846,P0011,ST099,Online,1.0,25490.0,0.0,M-Pesa,Completed,3.0
3038,O002823,2024-11-18 10:29:00,C01346,P0181,ST009,In-Store,1.0,23170.0,0.0,M-Pesa,Completed,0.0
3039,O002169,2024-09-16 15:33:00,C01226,P0013,ST099,Online,1.0,30190.0,0.0,airtel money,Completed,1.0
3040,O002251,2024-09-25 19:20:00,C00898,P0025,ST001,In-Store,1.0,53630.0,0.0,M-Pesa,Completed,0.0
3041,O003670,2025-01-27 08:41:00,C00277,P0125,ST018,In-Store,1.0,5710.0,0.0,m-pesa,Returned,0.0
3042,O001956,2024-08-24 10:56:00,C00823,P0024,ST013,In-Store,1.0,85100.0,0.0,cash,Completed,0.0
3043,O002489,2024-10-19 20:40:00,C01308,P0032,ST013,In-Store,1.0,112270.0,0.0,M-Pesa,Completed,0.0
3044,O004692,2025-05-24 14:57:00,C00571,P0174,ST007,In-Store,4.0,29840.0,0.05,M-Pesa,Completed,0.0
3045,O005045,2025/07/01,C00507,P0172,ST099,Online,1.0,38980.0,0.0,Credit/Debit Card,Completed,2.0
3046,O000594,2024-03-18 19:10:00,C01252,P0042,ST018,In-Store,1.0,123680.0,0.0,Airtel Money,Cancelled,0.0
3047,O005263,2025-07-24 13:23:00,C00140,P0181,ST099,Online,3.0,23170.0,0.0,M-Pesa,Completed,5.0
3048,O007015,2025-12-23 09:34:00,C00163,P0032,ST099,Online,2.0,112270.0,0.1,M-PESA,Completed,5.0
3049,O005266,2025-07-25 09:15:00,C00539,P0080,ST099,Online,1.0,4980.0,0.0,M-Pesa,Completed,5.0
3050,O002908,2024-11-26 15:32:00,C00961,P0005,ST099,Online,1.0,18960.0,0.0,mpesa,Completed,4.0
3051,O000943,2024-04-27 13:58:00,C01184,P0176,ST016,In-Store,1.0,10760.0,0.0,Mpesa,Completed,0.0
3052,O004415,2025-04-23 20:27:00,C00624,P0158,ST099,Online,1.0,36400.0,0.05,Airtel money,Completed,4.0
3053,O003942,2025-03-05 15:40:00,C01036,P0056,ST017,In-Store,1.0,14270.0,0.0,M-Pesa,Completed,0.0
3054,O001863,2024-08-15 10:13:00,C00103,P0081,ST004,In-Store,2.0,14340.0,0.0,M-Pesa,Completed,0.0
3055,O003640,2025-01-24 12:15:00,C01077,P0160,ST099,Online,1.0,52970.0,0.0,Airtel money,Completed,6.0
3056,O005863,2025-09-25 20:11:00,C00920,P0150,ST099,Online,1.0,32640.0,0.25,M-PESA,Completed,6.0
3057,O002830,2024-11-19 10:30:00,C01265,P0074,ST023,In-Store,3.0,1880.0,0.0,Mpesa ,Completed,0.0
3058,O001894,2024-08-18 10:59:00,C00573,P0159,ST005,In-Store,2.0,14960.0,0.0,Mpesa ,Cancelled,0.0
3059,O001091,2024-05-16 08:02:00,C01097,P0196,ST019,In-Store,1.0,20930.0,0.0,MPESA ,Completed,0.0
3060,O004560,2025-05-09 15:27:00,C00172,P0160,ST013,In-Store,3.0,52970.0,0.1,Bank Transfer,Completed,0.0
3061,O001012,2024-05-07 18:25:00,C01142,P0165,ST016,In-Store,1.0,45630.0,0.0,Bank Transfer,Cancelled,0.0
3062,O004301,2025-04-13 09:05:00,C00571,P0027,ST005,In-Store,1.0,26240.0,0.0,Airtel Money,Completed,0.0
3063,O002373,2024-10-08 20:44:00,C00561,P0183,ST099,Online,1.0,39320.0,0.0,m-pesa,Completed,6.0
3064,O006511,2025-11-22 16:34:00,C00016,P0012,ST099,Online,1.0,130340.0,0.0,credit card,Completed,1.0
3065,O003622,2025-01-22 10:58:00,C01042,P0012,ST003,In-Store,1.0,130340.0,0.0,M-Pesa,Completed,0.0
3066,O001866,2024-08-15 08:52:00,C00205,P0165,ST018,In-Store,2.0,45630.0,0.0,MPESA ,Completed,0.0
3067,O006114,2025-10-17 13:17:00,C00256,P0059,ST008,In-Store,1.0,16280.0,0.2,Bank Transfer,Completed,0.0
3068,O000220,2024-01-27 13:35:00,C01006,P0158,ST013,In-Store,1.0,36400.0,,M-Pesa,Completed,0.0
3069,O001014,2024-05-07 19:51:00,C01100,P0114,ST009,In-Store,2.0,3720.0,0.05,M-Pesa,completed,0.0
3070,O001522,2024-07-07 17:04:00,C00215,P0183,ST006,In-Store,1.0,39320.0,0.0,M-Pesa,Completed,0.0
3071,O003772,2025-02-10 19:48:00,C00591,P0068 ,ST004,In-Store,2.0,1250.0,0.0,Bank Transfer,Completed,0.0
3072,O000520,2024-03-09 20:43:00,C00562,P0175,ST022,In-Store,1.0,15740.0,0.0,Mpesa,Completed,0.0
3073,O001741,2024-07-31 16:43:00,C00752,P0168,ST099,Online,1.0,31350.0,0.0,Cash,Completed,5.0
3074,O000570,2024-03-16 20:05:00,C00670,P0185,ST014,In-Store,1.0,24250.0,,M-Pesa,Completed,0.0
3075,O000120,2024-01-15 13:53:00,C00210,P0153,ST024,In-Store,1.0,58800.0,0.0,mpesa,Completed,0.0
3076,O007086,2025-12-27 13:25:00,C00061,P0005,ST099,Online,1.0,18960.0,0.0,M pesa,Completed,1.0
3077,O001489,2024-07-04 11:32:00,C01302,P0183,ST008,In-Store,2.0,39320.0,,airtel money,Completed,0.0
3078,O004520,2025-05-04 15:37:00,C01317,P0020,ST008,In-Store,1.0,10070.0,0.0,Bank Transfer,Completed,0.0
3079,O001173,26/05/2024,C00026,P0193,ST018,In-Store,1.0,27850.0,0.0,m-pesa,Completed,0.0
3080,O002844,2024-11-20 14:13:00,C00390,P0161,ST099,Online,1.0,49910.0,0.0,Mpesa ,Completed,5.0
3081,O003578,2025-01-16 08:46:00,C00402,P0156,ST099,Online,1.0,30350.0,0.0,M-Pesa,Completed,3.0
3082,O003296,2024-12-21 17:36:00,C01344,P0156,ST013,In-Store,1.0,30350.0,0.05,MPESA ,complete,0.0
3083,O001585,2024-07-15 15:53:00,,P0060,ST099,Online,1.0,20160.0,0.05,M-Pesa,Completed,1.0
3084,O001296,2024-06-12 12:24:00,C00401,P0124,ST023,In-Store,1.0,7940.0,0.0,M-Pesa,complete,0.0
3085,O006639,2025-12-02 12:22:00,C01301,P0160,ST007,In-Store,1.0,52970.0,0.05,Airtel Money,completed,0.0
3086,O006543,2025-11-25 15:02:00,C01318,P0080,ST099,Online,1.0,4980.0,0.0,M-Pesa,Completed,4.0
3087,O002535,2024-10-23 08:51:00,C00929,P0012,ST005,In-Store,1.0,130340.0,0.0,Airtel Money,Completed,0.0
3088,O003830,2025-02-19 10:06:00,C00293,P0152,ST024,In-Store,1.0,11580.0,0.0,Cash,COMPLETED,0.0
3089,O006560,2025-11-26 10:05:00,C00948,P0176,ST015,In-Store,1.0,10760.0,0.0,M-Pesa,Completed,0.0
3090,O001796,2024-08-05 14:03:00,C00869,P0007,ST003,In-Store,1.0,46260.0,0.0,M-Pesa,Completed,0.0
3091,O006878,2025-12-17 14:40:00,C01302,P0060,ST099,Online,1.0,20160.0,0.15,M-Pesa,COMPLETED,6.0
3092,O006137,2025-10-20 20:10:00,C01063,P0096,ST007,In-Store,1.0,6270.0,0.0,Cash,Completed,0.0
3093,O002377,2024-10-09 15:28:00,C00184,P0128,ST012,In-Store,1.0,13910.0,0.0,MPESA ,Completed,0.0
3094,O001023,2024-05-08 14:04:00,C00580,P0061,ST099,Online,2.0,19410.0,0.0,Airtel Money,Returned,6.0
3095,O002058,2024-09-04 09:42:00,C00256,P0041,ST001,In-Store,1.0,83810.0,0.0,M-Pesa,Completed,0.0
3096,O005193,2025-07-17 15:26:00,C00031,P0061,ST099,Online,3.0,19410.0,0.0,M pesa,Completed,5.0
3097,O002745,2024-11-11 14:07:00,C01209,P0156,ST002,In-Store,1.0,30350.0,0.0,M-Pesa,Completed,0.0
3098,O001476,2024-07-02 08:18:00,C00466 ,P0198,ST003,In-Store,1.0,35160.0,0.0,Bank Transfer,Completed,0.0
3099,O000087,2024-01-11 18:47:00,C00435,P0152,ST007,In-Store,1.0,11580.0,0.0,cash,Completed,0.0
3100,O005186,2025-07-16 11:08:00,C00994,P0034,ST010,In-Store,1.0,32600.0,0.0,M-Pesa,complete,0.0
3101,O001508,2024-07-06 11:23:00,C00549,P0150,ST011,In-Store,1.0,32640.0,0.05,M-Pesa,Completed,0.0
3102,O002924,2024-11-27 11:49:00,C01044,P0183,ST099,Online,1.0,39320.0,0.0,m-pesa,Completed,1.0
3103,O003781,2025-02-11 14:34:00,C00970,P0176,ST099,Online,1.0,10760.0,0.0,credit card,Returned,2.0
3104,O000751,2024-04-07 13:05:00,C00953,P0163,ST013,In-Store,1.0,41210.0,0.0,Airtel money,Completed,0.0
3105,O001738,2024-07-30 16:26:00,C00445,P0110,ST003,In-Store,1.0,9580.0,0.0,M-Pesa,Completed,0.0
3106,O000183,2024-01-23 14:32:00,C00701,P0176,ST009,In-Store,1.0,10760.0,0.0,M-Pesa,Completed,0.0
3107,O006028,2025-10-09 09:24:00,,P0173,ST099,Online,1.0,19620.0,0.0,M-Pesa,Returned,6.0
3108,O003852,21-Feb-2025,C00982,P0056,ST023,In-Store,3.0,14270.0,0.0,Credit/Debit Card,Completed,0.0
3109,O002537,2024-10-23 18:24:00,C00395,P0128,ST020,In-Store,2.0,13910.0,0.0,Bank Transfer,Completed,0.0
3110,O003973,2025-03-08 13:19:00,C00979,P0028,ST099,Online,2.0,6690.0,0.0,Credit/Debit Card,Completed,5.0
3111,O002736,2024-11-11 12:36:00,C00549,P0160,ST006,In-Store,1.0,52970.0,0.0,M-Pesa,Completed,0.0
3112,O004789,2025-06-02 17:52:00,C01289,P0033,ST099,Online,1.0,103260.0,0.0,MPESA ,Completed,3.0
3113,O000351,2024-02-15 12:54:00,C00146,P0160,ST008,In-Store,1.0,52970.0,0.0,M-Pesa,Completed,0.0
3114,O006174,2025-10-24 08:00:00,C00790,P0042,ST015,In-Store,1.0,123680.0,,Airtel-Money,Returned,0.0
3115,O004642,2025-05-19 16:13:00,,P0160,ST010,In-Store,2.0,52970.0,0.0,M-Pesa,Completed,0.0
3116,O002848,20/11/2024,C00927,P0163,ST099,Online,1.0,41210.0,0.0,M-Pesa,Completed,1.0
3117,O005935,2025-10-01 17:18:00,C00400,P0027,ST099,Online,1.0,26240.0,0.0,M-Pesa,Completed,3.0
3118,O002650,2024-11-04 08:50:00,C00061,P0125,ST099,Online,1.0,5710.0,0.0,Airtel Money,Completed,5.0
3119,O001507,2024-07-06 08:55:00,C00475,P0098,ST012,In-Store,1.0,,0.0,M-Pesa,Completed,0.0
3120,O002777,2024-11-15 10:22:00,C00375,P0189,ST002,In-Store,2.0,32140.0,0.0,M-Pesa,Completed,0.0
3121,O003206,2024-12-17 13:09:00,C00345,P0060,ST099,Online,1.0,20160.0,0.0,cash,Completed,5.0
3122,O000517,2024-03-08 20:23:00,C01116,P0068,ST024,In-Store,1.0,1250.0,0.0,M-Pesa,COMPLETED,0.0
3123,O001332,2024-06-15 08:25:00,C00254,P0175,ST099,Online,1.0,15740.0,0.0,Cash,Completed,1.0
3124,O000602,2024-03-19 10:52:00,C00210,P0062,ST099,Online,2.0,20210.0,0.05,cash ,Completed,5.0
3125,O006599,2025-11-29 08:17:00,C01062,P0148,ST001,In-Store,3.0,32090.0,0.0,Airtel Money,Completed,0.0
3126,O004363,2025-04-19 14:42:00,C00099,P0079,ST023,In-Store,1.0,17060.0,0.0,debit card,Completed,0.0
3127,O005355,2025-08-02 20:45:00,C01058,P0158,ST099,Online,2.0,36400.0,,Cash,Completed,4.0
3128,O000246,2024-01-30 13:51:00,C00432,P0160,ST099,Online,1.0,52970.0,0.0,Airtel money,Cancelled,6.0
3129,,,,,,,,,,,,
3130,O003751,2025-02-08 11:46:00,C00199,P0125,ST017,In-Store,3.0,5710.0,0.0,M-Pesa,Completed,0.0
3131,O005797,2025-09-17 13:46:00,C00636,P0165,ST099,Online,1.0,45630.0,0.0,M-Pesa,Completed,6.0
3132,O006140,2025-10-21 17:35:00,C01265,P0092,ST008,In-Store,1.0,2840.0,0.0,M pesa,Completed,0.0
3133,O004000,2025-03-11 10:09:00,C00722,P0080,ST099,Online,1.0,4980.0,0.0,M-Pesa,Completed,3.0
3134,O005403,2025-08-08 19:16:00,C00410,P0131,ST099,Online,1.0,1830.0,0.0,Bank Transfer,Completed,3.0
3135,O003917,2025-03-02 08:43:00,C01100,P0188,ST022,In-Store,1.0,10310.0,0.0,M-Pesa,Returned,0.0
3136,O003122,2024-12-11 08:57:00,C01285,P0161,ST004,In-Store,2.0,49910.0,0.0,M-Pesa,COMPLETED,0.0
3137,O004467,2025-04-29 15:33:00,C00786,P0104,ST099,Online,3.0,3780.0,0.0,M-Pesa,Returned,2.0
3138,O001891,2024-08-18 12:24:00,C01004,P0013,ST099,Online,1.0,30190.0,,Cash,Returned,2.0
3139,O002613,2024-11-01 11:35:00,C00762,P0025,ST008,In-Store,1.0,53630.0,0.0,M-Pesa,Completed,0.0
3140,O002570,2024-10-27 13:27:00,C00382,P0016,ST099,Online,1.0,38090.0,0.05,M-Pesa,Returned,4.0
3141,O004571,2025-05-10 16:48:00,C01069,P0086,ST099,Online,1.0,19730.0,0.05,M-PESA,Cancelled,4.0
3142,O003068,2024-12-08 10:18:00,C00118,P0158,ST024,In-Store,1.0,36400.0,0.0,MPESA ,Completed,0.0
3143,O002190,2024-09-19 16:45:00,C00062,P0192,ST003,In-Store,2.0,34850.0,0.0,Bank Transfer,Completed,0.0
3144,O005336,2025-08-01 10:42:00,C00849,P0163,ST021,In-Store,1.0,41210.0,0.05,Cash,Completed,0.0
3145,O004971,2025-06-24 13:15:00,C00393,P0041,ST099,Online,1.0,83810.0,0.0,Bank Transfer,Completed,4.0
3146,O003690,2025-01-30 12:13:00,C01255,P0051,ST008,In-Store,1.0,20210.0,0.0,M-Pesa,Completed,0.0
3147,O003525,2025/01/08,C00424,P0152,ST022,In-Store,1.0,11580.0,0.0,Cash,Completed,0.0
3148,O000002,2024-01-01 20:20:00,C00047,P0156,ST006,In-Store,1.0,30350.0,0.15,mpesa,Completed,0.0
3149,O004035,2025/03/16,C00961,P0096,ST099,Online,1.0,6270.0,0.0,Cash,Completed,5.0
3150,O002204,2024-09-21 17:58:00,,P0160,ST099,Online,1.0,52970.0,0.0,M-Pesa,Completed,2.0
3151,O006527,2025-11-23 20:33:00,C00764,P0156,ST018,In-Store,1.0,30350.0,0.0,M-Pesa,Completed,0.0
3152,O005274,2025-07-26 14:37:00,C00017,P0183,ST020,In-Store,1.0,39320.0,,Cash,Completed,0.0
3153,O000804,2024-04-13 15:40:00,C01229,P0012,ST019,In-Store,1.0,130340.0,0.2,mpesa,Completed,0.0
3154,O006808,2025-12-13 18:57:00,C00306,P0086 ,ST099,Online,1.0,19730.0,0.1,M-Pesa,Completed,1.0
3155,O002796,2024-11-16 14:01:00,C01244,P0086,ST099,Online,1.0,19730.0,0.1,Cash,Completed,6.0
3156,O002114,2024-09-11 17:48:00,C00087,P0023,ST003,In-Store,1.0,122960.0,0.1,M-Pesa,Completed,0.0
3157,O000709,2024-04-01 18:20:00,C00774,P0060,ST003,In-Store,1.0,20160.0,0.0,Mpesa,Completed,0.0
3158,O004814,2025-06-05 15:29:00,C00309,P0198,ST024,In-Store,1.0,35160.0,0.0,Cash,COMPLETED,0.0
3159,O004690,2025-05-24 18:38:00,C00172,P0062,ST099,Online,4.0,20210.0,0.0,M-PESA,Completed,2.0
3160,O001365,2024-06-19 11:08:00,C01330,P0043,ST021,In-Store,1.0,20360.0,0.0,M-Pesa,Completed,0.0
3161,O000810,2024-04-13 10:41:00,C00971,P0181,ST099,Online,1.0,23170.0,0.1,M-Pesa,Completed,5.0
3162,O005506,2025-08-18 17:31:00,C00492,P0047,ST003,In-Store,1.0,16000.0,0.0,CASH,Completed,0.0
3163,O005648,2025-08-31 18:11:00,C00108,P0004,ST006,In-Store,1.0,38100.0,0.0,M-Pesa,Returned,0.0
3164,O001519,2024-07-07 14:40:00,C00414 ,P0033,ST099,Online,1.0,103260.0,0.0,cash,Returned,6.0
3165,O006383,2025-11-10 08:43:00,C00520,P0023,ST024,In-Store,1.0,122960.0,0.0,Airtel Money,Cancelled,0.0
3166,O005398,2025-08-07 20:49:00,C01240,P0079,ST099,Online,1.0,17060.0,0.0,Cash,Completed,6.0
3167,O000881,2024-04-21 17:52:00,,P0162,ST008,In-Store,1.0,42760.0,0.0,mpesa,Completed,0.0
3168,O002075,2024-09-07 17:24:00,C01257,P0024,ST099,Online,1.0,85100.0,0.0,M-Pesa,complete,4.0
3169,O007111,2025-12-29 19:39:00,C00838,P0058,ST021,In-Store,1.0,17000.0,0.0,M-Pesa,RETURNED,0.0
3170,O005270,2025-07-25 12:08:00,C00949,P0146,ST015,In-Store,1.0,29570.0,0.0,M-Pesa,Completed,0.0
3171,O001172,2024-05-26 16:21:00,C01186,P0160,ST018,In-Store,1.0,52970.0,0.0,Mpesa ,Completed,0.0
3172,O002900,2024-11-26 10:13:00,C00800,P0156,ST099,Online,1.0,30350.0,0.05,debit card,Returned,3.0
3173,O001811,2024-08-07 11:03:00,C00210,P0159,ST022,In-Store,1.0,14960.0,0.0,debit card,Completed,0.0
3174,O003833,2025-02-19 19:24:00,C00026,P0062,ST099,Online,1.0,20210.0,0.0,Cash,Completed,3.0
3175,O001842,2024-08-12 12:18:00,C00195,P0060,ST099,Online,1.0,20160.0,0.0,Airtel Money,Completed,3.0
3176,O004616,2025-05-16 14:15:00,C00418,P0056,ST099,Online,1.0,14270.0,0.0,M-Pesa,complete,1.0
3177,O004443,2025-04-27 12:19:00,C00424,P0047,ST010,In-Store,1.0,16000.0,0.0,Cash,Completed,0.0
3178,O003614,2025-01-20 14:15:00,C00646,P0098,ST099,Online,2.0,10630.0,0.0,M-Pesa,completed,6.0
3179,O004246,2025-04-07 16:48:00,C00087,P0084,ST002,In-Store,1.0,17830.0,0.0,M-Pesa,Completed,0.0
3180,O004974,2025-06-24 10:06:00,C00556,P0027,ST099,Online,1.0,26240.0,0.0,M-Pesa,Completed,3.0
3181,O000434,2024-02-27 16:09:00,C00610,P0062,ST015,In-Store,1.0,20210.0,0.0,Mpesa,Completed,0.0
3182,O002159,2024-09-15 17:27:00,C00857,P0196,ST099,Online,1.0,20930.0,0.0,M-Pesa,complete,4.0
3183,O005313,2025-07-30 19:24:00,C01229,P0146,ST099,Online,1.0,29570.0,0.0,M-Pesa,Completed,2.0
3184,O003791,2025-02-14 14:13:00,C00344,P0104,ST099,Online,1.0,3780.0,0.0,mpesa,Completed,6.0
3185,O007094,2025-12-28 11:53:00,C01079,P0125,ST019,In-Store,1.0,5710.0,0.15,m-pesa,Completed,0.0
3186,O003187,2024-12-16 14:14:00,C00642,P0027 ,ST099,Online,3.0,26240.0,0.1,Cash,Completed,6.0
3187,O005258,2025-07-24 13:43:00,C00556,P0135,ST017,In-Store,1.0,3510.0,0.0,Airtel Money,Completed,0.0
3188,O002565,2024-10-26 09:50:00,C01292,P0135,ST004,In-Store,1.0,3510.0,,Mpesa,Completed,0.0
3189,O002414,2024-10-12 12:49:00,C00155,P0086,ST016,In-Store,3.0,19730.0,0.1,Credit/Debit Card,complete,0.0
3190,O006829,2025-12-15 17:32:00,C01060,P0174,ST016,In-Store,1.0,29840.0,0.0,Cash,Completed,0.0
3191,O000764,2024-04-08 16:39:00,,P0024,ST099,Online,1.0,85100.0,0.1,M-Pesa,Completed,1.0
3192,O001344,2024-06-17 12:42:00,C00412,P0002,ST013,In-Store,1.0,91490.0,0.0,Airtel money,Completed,0.0
3193,O003042,2024-12-06 18:40:00,C00591,P0090,ST002,In-Store,1.0,8490.0,0.0,Airtel Money,Completed,0.0
3194,O006726,2025-12-08 13:31:00,C01247,P0022,ST099,Online,1.0,63380.0,0.05,M-Pesa,COMPLETED,3.0
3195,O000969,2024-05-01 10:20:00,C00396,P0152,ST011,In-Store,1.0,11580.0,0.0,M-Pesa,Completed,0.0
3196,O000165,2024-01-21 17:06:00,C00469,P0020,ST099,Online,1.0,10070.0,0.1,M-Pesa,Completed,2.0
3197,O006552,2025-11-25 08:00:00,C00659,P0135,ST008,In-Store,1.0,3510.0,0.0,M-Pesa,Completed,0.0
3198,O000270,2024-02-03 12:46:00,C00730,P0088,ST023,In-Store,2.0,10360.0,0.0,Cash,Completed,0.0
3199,O004725,2025-05-26 10:14:00,C00269,P0183,ST018,In-Store,1.0,39320.0,0.05,M-Pesa,Returned,0.0
3200,O005383,2025-08-06 08:30:00,C01314,P0061,ST022,In-Store,2.0,19410.0,0.0,M-Pesa,Completed,0.0
3201,O001509,2024-07-06 13:20:00,C00598,P0165,ST010,In-Store,1.0,45630.0,0.0,Airtel Money,Completed,0.0
3202,O000350,2024-02-15 20:04:00,,P0058,ST013,In-Store,2.0,17000.0,,M-Pesa,Completed,0.0
3203,O005714,2025-09-07 09:20:00,,P0060,ST099,Online,1.0,20160.0,0.05,Mpesa,Completed,3.0
3204,O000465,2024-03-02 16:20:00,C00106,P0168,ST099,Online,1.0,31350.0,0.0,Bank Transfer,Completed,1.0
3205,O006856,2025-12-16 20:06:00,C00551,P0080,ST002,In-Store,1.0,4980.0,0.1,Airtel Money,Completed,0.0
3206,O003723,2025-02-04 18:07:00,C00315,P0074,ST017,In-Store,1.0,1880.0,0.15,M-Pesa,Returned,0.0
3207,O005180,2025-07-15 19:59:00,C00184,P0123,ST099,Online,1.0,7870.0,0.0,M pesa,complete,1.0
3208,O004229,2025-04-05 19:35:00,C01076,P0083,ST099,Online,2.0,14200.0,0.0,M-Pesa,Completed,6.0
3209,O002138,2024-09-14 15:30:00,C01323,P0122,ST099,Online,1.0,1050.0,0.0,credit card,Completed,5.0
3210,O004980,2025-06-24 18:38:00,C00645,P0144,ST099,Online,1.0,30700.0,0.0,Mpesa ,Completed,3.0
3211,O003200,2024-12-16 19:27:00,C00299,P0013,ST099,Online,1.0,30190.0,0.0,Mpesa,Completed,3.0
3212,O004746,2025-05-28 17:25:00,C00948,P0096,ST004,In-Store,1.0,6270.0,0.0,CASH,Cancelled,0.0
3213,O001440,2024-06-28 15:27:00,C00089,P0165,ST006,In-Store,1.0,45630.0,0.05,m-pesa,Completed,0.0
3214,O004714,2025-05-25 12:15:00,C01208,P0060,ST099,Online,1.0,20160.0,0.0,M-Pesa,Completed,6.0
3215,O006494,2025-11-20 16:22:00,C00678,P0174,ST012,In-Store,1.0,29840.0,0.0,M-Pesa,Completed,0.0
3216,O000453,2024-03-01 16:09:00,C00419,P0171,ST020,In-Store,1.0,48310.0,0.1,M-Pesa,Completed,0.0
3217,O000099,2024-01-13 16:44:00,C00778,P0070,ST024,In-Store,1.0,18010.0,0.0,Cash,Completed,0.0
3218,O000497,2024-03-06 14:55:00,C00458,P0074,ST013,In-Store,1.0,1880.0,0.0,m-pesa,Completed,0.0
3219,O000032,2024-01-04 16:20:00,,P0152,ST099,Online,1.0,11580.0,0.0,Bank Transfer,Completed,6.0
3220,O005246,2025-07-23 10:44:00,C00278,P0028,ST017,In-Store,1.0,6690.0,0.0,M-Pesa,Completed,0.0
3221,O001159,2024-05-25 18:37:00,C00685,P0075,ST008,In-Store,1.0,7540.0,0.15,M-Pesa,COMPLETED,0.0
3222,O000010,2024-01-02 14:27:00,C00871,P0024,ST003,In-Store,1.0,85100.0,0.0,M-Pesa,Completed,0.0
3223,O006992,2025-12-22 18:22:00,C01090,P0023,ST021,In-Store,1.0,122960.0,,M pesa,Completed,0.0
3224,O005167,2025-07-13 19:31:00,C00771,P0023,ST099,Online,1.0,122960.0,0.0,Card,Completed,2.0
3225,O005262,2025-07-24 13:36:00,C00601,P0154,ST020,In-Store,1.0,14610.0,0.0,M-Pesa,Completed,0.0
3226,O004988,2025/06/25,C00144,P0061,ST099,Online,1.0,19410.0,0.05,M-Pesa,Completed,5.0
3227,O003649,2025-01-24 18:52:00,C00290,P0013,ST014,In-Store,2.0,30190.0,0.1,M-Pesa,Completed,0.0
3228,O002872,2024-11-23 20:03:00,C01296,P0025,ST023,In-Store,1.0,53630.0,,M-Pesa,Cancelled,0.0
3229,O002926,2024-11-27 09:18:00,C00617,P0194,ST009,In-Store,2.0,24550.0,0.0,M-Pesa,COMPLETED,0.0
3230,O004910,2025-06-16 20:46:00,C01016,P0017,ST099,Online,1.0,123410.0,0.0,M-Pesa,Completed,2.0
3231,O001240,05-Jun-2024,C00153,P0084,ST010,In-Store,1.0,17830.0,0.15,Airtel money,Completed,0.0
3232,O002995,2024-12-03 12:39:00,C00769,P0091,ST099,Online,1.0,2270.0,0.0,M-Pesa,Completed,2.0
3233,O004751,2025-05-29 13:51:00,C00799,P0024,ST099,Online,1.0,85100.0,0.0,M-Pesa,COMPLETED,6.0
3234,O001058,2024-05-12 16:30:00,C00103,P0062,ST099,Online,1.0,20210.0,,M-Pesa,Completed,1.0
3235,O006815,14-Dec-2025,C00012,P0119,ST017,In-Store,1.0,10780.0,0.0,M-Pesa,completed,0.0
3236,O003966,2025-03-07 08:26:00,C01039,P0013,ST099,Online,2.0,30190.0,0.0,M-Pesa,Completed,4.0
3237,O000975,2024-05-02 09:15:00,C00439,P0138,ST099,Online,1.0,4780.0,0.0,M-Pesa,Completed,1.0
3238,O005298,2025-07-28 19:00:00,C00203,P0107,ST099,Online,1.0,13230.0,0.0,M-Pesa,completed,4.0
3239,O005136,2025-07-10 08:19:00,C00170,P0083,ST017,In-Store,3.0,14200.0,0.0,M-Pesa,complete,0.0
3240,O003672,2025-01-28 10:13:00,C00910,P0163,ST014,In-Store,2.0,41210.0,0.0,M-Pesa,Completed,0.0
3241,O004260,2025-04-08 15:10:00,C00415 ,P0028,ST013,In-Store,1.0,6690.0,0.0,M-Pesa,Completed,0.0
3242,O004660,2025-05-21 11:15:00,C00345,P0197,ST099,Online,1.0,22390.0,0.05,Credit/Debit Card,Completed,5.0
3243,O001316,2024-06-14 13:22:00,C01109,P0183,ST099,Online,1.0,39320.0,0.0,Airtel Money,complete,6.0
3244,O005192,2025-07-16 20:57:00,C00350,P0111,ST004,In-Store,1.0,3840.0,0.0,M-Pesa,Returned,0.0
3245,O005739,2025-09-10 18:50:00,C00986,P0183,ST099,Online,1.0,39320.0,0.0,M-Pesa,Returned,6.0
3246,O000291,2024-02-07 15:20:00,C01045,P0160,ST021,In-Store,1.0,52970.0,,cash ,Completed,0.0
3247,O003858,2025-02-22 18:58:00,C00034,P0160,ST099,Online,1.0,52970.0,0.1,CASH,Completed,1.0
3248,O001946,2024-08-23 20:20:00,C00256,P0125,ST011,In-Store,2.0,5710.0,0.0,M-Pesa,Completed,0.0
3249,O002773,2024-11-14 16:27:00,C00579,P0080,ST013,In-Store,1.0,4980.0,0.0,M-Pesa,complete,0.0
3250,O000054,2024-01-07 13:54:00,C00338,P0179,ST099,Online,,40350.0,0.0,AIRTEL MONEY,Completed,2.0
3251,O006390,2025-11-11 17:00:00,C00620,P0058,ST007,In-Store,1.0,17000.0,0.0,Cash,Completed,0.0
3252,O002131,2024-09-13 09:20:00,C00496,P0157,ST012,In-Store,1.0,3390.0,0.0,Airtel Money,Completed,0.0
3253,O001178,2024-05-27 13:11:00,C00178,P0070,ST099,Online,3.0,18010.0,0.0,CARD,COMPLETED,3.0
3254,O004509,2025-05-03 17:35:00,C01207,P0060,ST099,Online,1.0,20160.0,0.1,M-Pesa,Completed,1.0
3255,O002869,2024-11-22 10:20:00,C00603,P0160,ST099,Online,2.0,52970.0,,CARD,Completed,3.0
3256,O002541,2024-10-24 14:21:00,C00396,P0151,ST016,In-Store,2.0,47660.0,0.0,Airtel Money,Completed,0.0
3257,O001551,2024-07-11 10:28:00,C01314,P0096,ST099,Online,1.0,6270.0,0.0,mpesa,Completed,4.0
3258,O001412,2024-06-25 16:13:00,C01044,P0192,ST099,Online,1.0,34850.0,0.0,mpesa,Returned,1.0
3259,O004968,2025-06-24 08:22:00,C01102,P0173,ST010,In-Store,2.0,19620.0,0.0,MPESA ,Completed,0.0
3260,O003205,2024-12-17 14:08:00,C00346,P0025,ST001,In-Store,1.0,53630.0,0.0,M-Pesa,Completed,0.0
3261,O005244,2025-07-22 20:06:00,C00227,P0160,ST011,In-Store,1.0,52970.0,0.0,Airtel money,Completed,0.0
3262,O000973,2024-05-02 09:37:00,C00719,P0159,ST099,Online,1.0,14960.0,0.0,Credit/Debit Card,Completed,3.0
3263,O001421,2024-06-26 09:43:00,C00103,P0135,ST021,In-Store,2.0,3510.0,0.0,Credit/Debit Card,Returned,0.0
3264,O006877,2025-12-17 09:13:00,C00703,P0072,ST002,In-Store,4.0,1640.0,0.0,Airtel Money,Completed,0.0
3265,O000622,2024-03-22 11:27:00,C00585,P0059,ST007,In-Store,1.0,16280.0,0.0,Cash,RETURNED,0.0
3266,O003015,2024-12-04 12:33:00,C00806,P0123,ST010,In-Store,3.0,7870.0,0.0,Cash,Completed,0.0
3267,O003580,2025-01-16 16:33:00,C01004,P0088,ST016,In-Store,1.0,10360.0,0.0,M-Pesa,Completed,0.0
3268,O003295,2024-12-21 19:43:00,C01095,P0160,ST013,In-Store,1.0,52970.0,0.05,Airtel Money,Completed,0.0
3269,O002524,2024-10-22 18:10:00,C00004,P0074,ST018,In-Store,1.0,1880.0,0.1,Bank Transfer,Completed,0.0
3270,O000773,2024-04-09 12:39:00,C00736,P0096,ST006,In-Store,1.0,6270.0,0.0,MPESA ,RETURNED,0.0
3271,O004972,2025-06-24 17:09:00,C00674,P0144,ST023,In-Store,2.0,,0.0,M-Pesa,completed,0.0
3272,O003056,2024-12-07 10:43:00,C01121,P0051,ST099,Online,1.0,20210.0,0.15,M-Pesa,Completed,4.0
3273,O000755,2024-04-07 16:25:00,C00576,P0172,ST099,Online,2.0,38980.0,0.0,M-Pesa,Completed,1.0
3274,O000818,2024-04-14 17:53:00,C00849,P0033,ST099,Online,1.0,103260.0,0.0,Credit/Debit Card,Completed,1.0
3275,O005404,2025-08-08 14:25:00,C01342,P0080,ST002,In-Store,1.0,4980.0,0.0,Mpesa,Completed,0.0
3276,O007102,2025-12-28 10:34:00,C00993,P0074,ST007,In-Store,1.0,1880.0,0.0,m-pesa,Completed,0.0
3277,O002358,2024-10-07 19:52:00,C01191,P0122,ST011,In-Store,1.0,1050.0,0.0,M pesa,Completed,0.0
3278,O002194,2024-09-20 15:20:00,C00482,P0058,ST007,In-Store,1.0,17000.0,0.0,M-PESA,Completed,0.0
3279,O001447,2024-06-29 19:42:00,C01291,P0096,ST015,In-Store,1.0,6270.0,0.0,M-Pesa,Completed,0.0
3280,O003106,2024-12-10 09:34:00,C01174,P0102,ST099,Online,1.0,5210.0,,M-Pesa,COMPLETED,1.0
3281,O003627,2025-01-22 15:09:00,C00885,P0009,ST099,Online,2.0,119240.0,0.0,M-Pesa,Completed,3.0
3282,O002882,2024-11-24 13:54:00,C00005,P0146,ST004,In-Store,1.0,29570.0,0.0,Airtel Money,Completed,0.0
3283,O003556,2025-01-12 08:37:00,C00129,P0104,ST099,Online,2.0,3780.0,0.0,Credit/Debit Card,Completed,5.0
3284,O000635,2024-03-23 19:38:00,C01325,P0144,ST023,In-Store,1.0,30700.0,0.0,m-pesa,COMPLETED,0.0
3285,O002371,2024-10-08 17:55:00,C00935,P0068,ST007,In-Store,1.0,1250.0,0.0,M-Pesa,Completed,0.0
3286,O007117,2025-12-30 20:01:00,C00395,P0025,ST022,In-Store,1.0,53630.0,0.05,M-Pesa,Completed,0.0
3287,O005819,2025-09-20 08:08:00,C01277,P0175,ST099,Online,1.0,15740.0,0.0,M-PESA,Completed,5.0
3288,O003027,2024-12-05 10:46:00,C00805,P0096,ST099,Online,1.0,6270.0,0.1,M-Pesa,Completed,1.0
3289,O001170,2024-05-26 11:35:00,C00458,P0192,ST016,In-Store,1.0,34850.0,0.15,M-Pesa,Returned,0.0
3290,O004304,2025-04-13 10:55:00,C00790,P0161,ST024,In-Store,1.0,49910.0,0.0,M-Pesa,Completed,0.0
3291,O000883,2024-04-21 13:15:00,C00442,P0143,ST099,Online,1.0,2270.0,0.0,m-pesa,completed,6.0
3292,O000880,2024-04-21 20:27:00,C00545,P0146,ST099,Online,2.0,29570.0,,M-Pesa,COMPLETED,1.0
3293,O005979,2025-10-05 16:03:00,C00391,P0135,ST005,In-Store,1.0,3510.0,0.0,Credit/Debit Card,Completed,0.0
3294,O007137,2025-12-31 17:48:00,C01288,P0125,ST099,Online,1.0,5710.0,,M-Pesa,Completed,3.0
3295,O000654,2024-03-24 20:07:00,C00697,P0060,ST020,In-Store,1.0,20160.0,0.0,M-Pesa,Completed,0.0
3296,O000692,2024-03-30 16:52:00,C01196,P0173,ST099,Online,1.0,19620.0,0.0,M-Pesa,Completed,3.0
3297,O002635,2024-11-03 13:10:00,C00371,P0013,ST099,Online,4.0,30190.0,0.0,Cash,Completed,6.0
3298,O004428,2025-04-25 17:03:00,C00510,P0002,ST011,In-Store,1.0,91490.0,0.0,Credit/Debit Card,Completed,0.0
3299,O001607,2024-07-17 10:49:00,C00626,P0129,ST099,Online,1.0,10150.0,0.0,M-Pesa,Completed,1.0
3300,O003712,2025-02-02 08:53:00,C00375,P0176,ST021,In-Store,1.0,10760.0,,Credit/Debit Card,Completed,0.0
3301,O005696,2025-09-06 16:36:00,C01056,P0135,ST099,Online,1.0,3510.0,0.0,Airtel Money,Completed,5.0
3302,O004405,2025-04-22 16:41:00,C01190,P0058,ST099,Online,1.0,17000.0,0.0,Airtel-Money,Completed,6.0
3303,O003867,2025-02-23 20:10:00,C00622,P0155,ST020,In-Store,1.0,13260.0,0.0,M-Pesa,Completed,0.0
3304,O000649,2024-03-24 08:26:00,C00971,P0163,ST099,Online,2.0,41210.0,0.0,Bank Transfer,COMPLETED,6.0
3305,O006851,2025-12-16 09:31:00,C01286,P0188,ST099,Online,1.0,10310.0,0.0,M-Pesa,Completed,1.0
3306,O002393,2024-10-10 17:21:00,C00765,P0084,ST099,Online,1.0,17830.0,0.0,Credit/Debit Card,Returned,6.0
3307,O004459,2025-04-28 19:54:00,C00987,P0025,ST099,Online,1.0,53630.0,0.2,M-Pesa,Completed,4.0
3308,O004230,2025-04-05 10:49:00,C00923 ,P0160,ST018,In-Store,1.0,52970.0,0.0,M-Pesa,Completed,0.0
3309,O006705,2025-12-07 15:50:00,C00188,P0010,ST099,Online,1.0,127120.0,0.0,M-Pesa,Completed,1.0
3310,O002510,2024-10-21 09:18:00,C01321,P0060,ST013,In-Store,1.0,20160.0,0.0,MPESA ,Completed,0.0
3311,O000298,2024-02-08 20:37:00,C00887,P0038,ST016,In-Store,1.0,65560.0,0.2,MPESA ,Completed,0.0
3312,O002161,2024-09-15 08:11:00,C00704,P0160,ST024,In-Store,2.0,52970.0,0.0,credit card,Completed,0.0
3313,O004448,2025-04-27 12:44:00,C00351,P0084,ST010,In-Store,1.0,17830.0,0.1,Airtel Money,Completed,0.0
3314,O001897,2024-08-18 20:09:00,C01055,P0066,ST099,Online,1.0,1630.0,0.0,mpesa,Completed,6.0
3315,O003906,2025-03-01 09:57:00,C00615,P0005,ST006,In-Store,1.0,18960.0,,Credit/Debit Card,Completed,0.0
3316,O002548,2024-10-25 17:04:00,C00017,P0040,ST017,In-Store,1.0,126140.0,0.0,Airtel Money,Completed,0.0
3317,O001558,2024-07-11 17:36:00,C00973,P0074,ST014,In-Store,1.0,1880.0,0.0,MPESA ,Cancelled,0.0
3318,O003034,2024-12-06 18:46:00,C00564,P0146,ST099,Online,2.0,29570.0,0.1,m-pesa,Completed,6.0
3319,O004004,2025-03-12 14:00:00,C01191,P0135,ST099,Online,1.0,3510.0,0.0,M-Pesa,Cancelled,1.0
3320,O000195,2024-01-25 10:16:00,C01293,P0146,ST099,Online,1.0,29570.0,0.0,Airtel Money,completed,4.0
3321,O003801,2025-02-15 19:41:00,C00890,P0088,ST099,Online,1.0,10360.0,0.05,m-pesa,Completed,3.0
3322,O007010,2025-12-23 14:15:00,C01090,P0061,ST099 ,Online,1.0,19410.0,0.0,M-Pesa,Completed,2.0
3323,O002339,2024-10-05 19:12:00,C01030,P0148,ST099,Online,1.0,32090.0,,M-Pesa,COMPLETED,3.0
3324,O004530,2025-05-06 15:25:00,,P0189,ST012,In-Store,2.0,32140.0,0.0,airtel money,Completed,0.0
3325,O001800,2024-08-06 20:44:00,C01280,P0070,ST020,In-Store,1.0,18010.0,0.0,Credit/Debit Card,Completed,0.0
3326,O005254,2025-07-23 11:04:00,C01021,P0160,ST012,In-Store,1.0,52970.0,0.0,M-Pesa,Completed,0.0
3327,O002965,2024-12-01 10:07:00,C01086,P0086,ST022,In-Store,1.0,19730.0,0.0,mpesa,Completed,0.0
3328,O006399,2025-11-12 20:32:00,C00636,P0002,ST002,In-Store,1.0,91490.0,0.0,M-Pesa,COMPLETED,0.0
3329,O003394,2024-12-26 08:33:00,C01041,P0062,ST024,In-Store,2.0,20210.0,0.0,Card,Completed,0.0
3330,O003138,2024-12-13 11:42:00,C00380,P0016,ST001,In-Store,1.0,38090.0,0.05,M-Pesa,Completed,0.0
3331,O004630,2025-05-18 14:36:00,C01235,P0160,ST021,In-Store,1.0,52970.0,0.0,M-Pesa,Completed,0.0
3332,O002125,2024-09-12 15:07:00,C00678,P0183,ST099,Online,1.0,39320.0,0.0,M-Pesa,Completed,6.0
3333,O000999,2024-05-05 10:43:00,C00065,P0165,ST004,In-Store,1.0,45630.0,0.0,Bank Transfer,Returned,0.0
3334,O003428,2024-12-29 09:09:00,C01212,P0165,ST006,In-Store,1.0,45630.0,0.0,Credit/Debit Card,Completed,0.0
3335,O002741,2024-11-11 11:23:00,C00161,P0056,ST024,In-Store,2.0,14270.0,,Airtel Money,Cancelled,0.0
3336,O005722,2025-09-09 09:19:00,C00148,P0161,ST001,In-Store,2.0,49910.0,0.0,Airtel Money,Completed,0.0
3337,O003117,2024-12-11 09:53:00,C01299,P0058,ST011,In-Store,1.0,17000.0,0.0,Cash,Completed,0.0
3338,O002963,2024-12-01 11:51:00,C00986,P0188,ST005,In-Store,4.0,10310.0,0.0,M-PESA,Completed,0.0
3339,O006767,2025-12-11 13:13:00,C00972,P0104,ST099,Online,1.0,3780.0,0.0,MPESA ,Completed,6.0
3340,O003123,2024-12-11 17:05:00,C00431,P0056,ST099,Online,1.0,14270.0,0.25,M-Pesa,Completed,5.0
3341,O003396,2024-12-26 09:49:00,C00689,P0074,ST008,In-Store,2.0,1880.0,0.1,m-pesa,Completed,0.0
3342,O001340,2024-06-16 15:18:00,C01320,P0008,ST007,In-Store,1.0,94740.0,0.0,MPESA ,Cancelled,0.0
3343,O005854,2025-09-24 16:42:00,C00222,P0018,ST024,In-Store,1.0,79380.0,0.0,M-PESA,Completed,0.0
3344,O000529,2024-03-09 17:31:00,C01003,P0104,ST099,Online,2.0,3780.0,0.1,M pesa,Returned,6.0
3345,O004237,2025-04-06 10:19:00,C00145,P0104,ST009,In-Store,2.0,3780.0,0.0,mpesa,Completed,0.0
3346,O005601,2025-08-28 12:13:00,C00442,P0010,ST015,In-Store,1.0,127120.0,0.0,M pesa,Completed,0.0
3347,O000756,2024-04-07 16:18:00,C01326,P0001,ST007,In-Store,2.0,85060.0,0.05,Airtel Money,Completed,0.0
3348,O003477,2025-01-02 14:29:00,C00395,P0152,ST006,In-Store,2.0,11580.0,0.1,Airtel Money,Completed,0.0
3349,O000928,26/04/2024,C00575,P0173,ST015,In-Store,1.0,19620.0,,Cash,complete,0.0
3350,O005339,2025-08-01 11:58:00,C00087,P0129,ST099,Online,1.0,10150.0,0.0,Cash,Returned,3.0
3351,O001228,2024-06-03 17:47:00,C01217,P0073,ST099,Online,1.0,21150.0,0.0,M-Pesa,complete,4.0
3352,O006797,2025-12-13 14:38:00,C00934,P0174,ST099,Online,1.0,29840.0,0.0,Airtel Money,Completed,3.0
3353,O001278,2024-06-09 14:45:00,C00858,P0160,ST017,In-Store,4.0,52970.0,0.0,M-Pesa,Completed,0.0
3354,O006837,2025-12-15 08:02:00,C00298,P0111,ST099,Online,1.0,3840.0,,Bank Transfer,Completed,6.0
3355,O006690,2025-12-06 13:42:00,C00922,P0013,ST010,In-Store,2.0,30190.0,0.0,M-Pesa,Cancelled,0.0
3356,O006737,2025-12-08 12:24:00,C01342,P0150,ST099,Online,2.0,32640.0,0.0,credit card,Completed,5.0
3357,O005674,2025/09/04,C00255,P0037,ST014,In-Store,1.0,42380.0,0.0,Mpesa,Completed,0.0
3358,O002335,2024-10-05 18:43:00,,P0165,ST020,In-Store,1.0,45630.0,0.0,M-Pesa,Completed,0.0
3359,O006073,2025-10-13 10:54:00,C00570,P0160,ST004,In-Store,2.0,52970.0,0.0,Credit/Debit Card,completed,0.0
3360,O004682,2025-05-23 11:24:00,C01126,P0172,ST099,Online,2.0,38980.0,0.0,M-Pesa,Completed,5.0
3361,O002705,2024-11-09 08:12:00,C01267,P0029,ST099,Online,1.0,114610.0,0.0,M-Pesa,RETURNED,5.0
3362,O000039,2024-01-05 12:58:00,C00764,P0148,ST018,In-Store,1.0,,0.0,Cash,Completed,0.0
3363,O003811,2025-02-16 13:17:00,C00058,P0053,ST099,Online,1.0,13410.0,0.05,Bank Transfer,Completed,3.0
3364,O002328,2024-10-04 15:39:00,C00189,P0060,ST004,In-Store,1.0,20160.0,0.0,M-Pesa,Completed,0.0
3365,O000952,2024-04-28 08:31:00,C01027,P0012,ST019,In-Store,1.0,130340.0,0.0,Cash,Completed,0.0
3366,O006351,2025-11-08 16:30:00,C00037,P0032,ST015,In-Store,1.0,112270.0,0.15,M-Pesa,completed,0.0
3367,O002310,2024-10-02 13:36:00,C00765,P0158,ST008,In-Store,1.0,36400.0,0.0,M-Pesa,returned,0.0
3368,O002961,2024-11-30 13:29:00,C00108,P0070,ST024,In-Store,1.0,18010.0,0.0,Airtel Money,Completed,0.0
3369,O005744,2025-09-11 19:48:00,C01006,P0163,ST099,Online,1.0,,0.0,Card,Completed,6.0
3370,O004418,2025-04-24 08:17:00,C00822,P0160,ST099,Online,1.0,52970.0,0.0,Mpesa,Completed,6.0
3371,O004119,2025-03-25 11:39:00,C00042,P0188,ST023,In-Store,1.0,10310.0,0.0,Card,Completed,0.0
3372,O005698,2025-09-06 14:17:00,C00175,P0062,ST099,Online,1.0,20210.0,0.0,M-Pesa,Completed,1.0
3373,O001990,2024-08-28 16:24:00,C00948,P0176,ST099,Online,2.0,10760.0,0.05,M-Pesa,completed,2.0
3374,O004959,22-Jun-2025,C00400,P0148,ST003,In-Store,1.0,32090.0,0.0,Credit/Debit Card,Completed,0.0
3375,O001964,2024-08-25 08:07:00,C01247,P0071,ST001,In-Store,1.0,4850.0,0.0,AIRTEL MONEY,complete,0.0
3376,O006019,2025-10-09 18:29:00,C01176,P0160,ST099,Online,1.0,52970.0,0.0,Mpesa,Completed,4.0
3377,O002785,2024-11-16 14:31:00,C01349,P0194,ST006,In-Store,1.0,24550.0,0.15,M-Pesa,Completed,0.0
3378,O005510,2025-08-18 14:33:00,C00606,P0012,ST015,In-Store,1.0,130340.0,0.0,M-Pesa,Completed,0.0
3379,O003160,2024-12-15 20:20:00,C01270,P0188,ST007,In-Store,1.0,10310.0,0.0,airtel money,Completed,0.0
3380,O006304,2025-11-03 15:47:00,C00824,P0060,ST023,In-Store,1.0,20160.0,0.0,M-Pesa,Completed,0.0
3381,O003682,2025-01-29 19:47:00,C00768,P0175,ST023,In-Store,2.0,15740.0,0.05,M-Pesa,COMPLETED,0.0
3382,O001597,2024-07-16 15:45:00,C00747,P0150,ST022,In-Store,1.0,32640.0,0.0,Credit/Debit Card,Completed,0.0
3383,O001714,2024-07-28 19:21:00,C00572,P0056,ST099,Online,1.0,14270.0,0.0,M-Pesa,COMPLETED,6.0
3384,O006221,2025-10-28 09:58:00,C01106,P0016,ST008,In-Store,2.0,38090.0,0.0,M-PESA,Cancelled,0.0
3385,O000795,2024-04-12 10:33:00,C00851,P0084,ST099,Online,1.0,17830.0,0.05,M-Pesa,Completed,2.0
3386,O005349,2025-08-02 15:06:00,C00402,P0176,ST099,Online,1.0,10760.0,0.0,Airtel Money,Completed,5.0
3387,O000498,2024-03-06 13:09:00,C00882,P0194,ST099,Online,2.0,24550.0,0.0,M-Pesa,Completed,3.0
3388,O004392,2025-04-21 08:18:00,C00180,P0029,ST099,Online,1.0,114610.0,,cash ,Completed,4.0
3389,O002222,2024-09-22 15:32:00,C00555,P0108,ST099,Online,1.0,14950.0,0.15,M pesa,Completed,1.0
3390,O000495,2024-03-06 18:28:00,C00048,P0160,ST007,In-Store,1.0,52970.0,0.0,CASH,Completed,0.0
3391,O005385,2025-08-06 13:48:00,C00792,P0061,ST013,In-Store,1.0,19410.0,0.0,M-Pesa,Completed,0.0
3392,O002985,2024-12-02 17:53:00,C01037,P0169,ST008,In-Store,1.0,57960.0,0.0,Credit/Debit Card,Completed,0.0
3393,O000829,2024-04-15 15:10:00,C00987,P0119,ST099,Online,1.0,10780.0,0.0,Bank Transfer,completed,2.0
3394,O004207,2025-04-03 16:50:00,C00045,P0048,ST011,In-Store,2.0,21400.0,0.0,Mpesa ,Completed,0.0
3395,O000308,2024-02-09 10:18:00,C01205,P0194,ST099,Online,1.0,24550.0,0.0,Cash,Returned,6.0
3396,O001265,2024-06-08 18:56:00,C01141,P0128,ST016,In-Store,1.0,13910.0,0.05,M-Pesa,Completed,0.0
3397,O004389,2025-04-21 18:21:00,C01146,P0112,ST015,In-Store,1.0,9880.0,0.05,M-Pesa,Completed,0.0
3398,O005991,2025-10-07 19:13:00,C01165,P0025,ST099,Online,1.0,53630.0,0.05,M-PESA,Returned,1.0
3399,O001692,2024-07-26 08:33:00,C01124,P0192,ST024,In-Store,3.0,34850.0,0.0,CASH,Completed,0.0
3400,O004769,2025-05-31 18:58:00,C00494,P0017,ST099 ,Online,1.0,123410.0,0.0,Airtel Money,Completed,6.0
3401,O005109,2025-07-07 18:19:00,C00764,P0061,ST099,Online,1.0,19410.0,,Airtel Money,Returned,5.0
3402,O002236,2024-09-23 19:02:00,C01217,P0152,ST002,In-Store,1.0,11580.0,0.0,CASH,Completed,0.0
3403,O000855,2024-04-18 11:33:00,C00502,P0151,ST013,In-Store,1.0,47660.0,0.0,Credit/Debit Card,Completed,0.0
3404,O002389,2024-10-10 18:40:00,C00979,P0023,ST099,Online,1.0,122960.0,0.2,M-PESA,Completed,2.0
3405,O006946,2025-12-20 11:30:00,C01323,P0084,ST007,In-Store,2.0,17830.0,0.0,Airtel Money,completed,0.0
3406,O000954,2024-04-29 08:17:00,C00780,P0056,ST099,Online,2.0,14270.0,0.0,M-Pesa,completed,2.0
3407,O006498,2025-11-21 15:19:00,C00329,P0166,ST099,Online,1.0,36200.0,0.0,Airtel Money,Completed,4.0
3408,O003747,2025-02-08 19:07:00,C00432,P0152,ST008,In-Store,1.0,11580.0,,M-Pesa,RETURNED,0.0
3409,O004014,2025-03-14 10:29:00,C00263,P0151,ST019,In-Store,1.0,47660.0,0.0,M-Pesa,Completed,0.0
3410,O004097,2025-03-22 09:32:00,C01246,P0016,ST006,In-Store,1.0,38090.0,0.0,M pesa,Completed,0.0
3411,O002664,2024-11-05 18:53:00,C00940,P0018,ST004,In-Store,1.0,79380.0,0.0,Bank Transfer,Completed,0.0
3412,O002243,2024-09-24 18:06:00,C00026,P0146,ST017,In-Store,1.0,29570.0,0.05,m-pesa,Completed,0.0
3413,O005755,2025-09-13 14:54:00,C00950,P0150,ST099,Online,1.0,32640.0,0.0,M pesa,RETURNED,1.0
3414,O005382,2025-08-06 10:21:00,C00318,P0071,ST013,In-Store,1.0,4850.0,0.0,M-Pesa,Completed,0.0
3415,O006005,2025-10-08 19:46:00,C00605,P0169,ST008,In-Store,1.0,57960.0,0.0,M pesa,Completed,0.0
3416,O001031,2024-05-09 18:43:00,C00422,P0088,ST099,Online,2.0,10360.0,0.0,airtel money,Completed,1.0
3417,O002096,2024-09-09 20:56:00,C00473,P0008,ST012,In-Store,1.0,94740.0,0.0,M-Pesa,Cancelled,0.0
3418,O005394,2025-08-07 08:16:00,C00506,P0163,ST017,In-Store,1.0,41210.0,0.0,Bank Transfer,Completed,0.0
3419,O005879,2025-09-27 12:19:00,C00953,P0160,ST002,In-Store,1.0,52970.0,0.0,Credit/Debit Card,Completed,0.0
3420,O002022,2024-08-31 18:21:00,C00622,P0023,ST099,Online,2.0,122960.0,0.0,M-Pesa,Completed,1.0
3421,O005962,2025-10-04 12:08:00,C00716,P0146,ST099,Online,1.0,29570.0,0.0,cash,Completed,6.0
3422,O000638,2024-03-23 20:23:00,C00290 ,P0152,ST099,Online,1.0,11580.0,0.0,M-Pesa,Completed,5.0
3423,O003815,2025-02-16 09:44:00,C00952,P0036,ST015,In-Store,1.0,82830.0,0.0,M-Pesa,Returned,0.0
3424,O005491,2025-08-16 09:22:00,C00221,P0023,ST099,Online,1.0,122960.0,0.0,Airtel Money,completed,1.0
3425,O005720,08-Sep-2025,C00555,P0069,ST099,Online,1.0,20690.0,0.0,Airtel Money,Completed,5.0
3426,O002677,2024-11-06 09:08:00,C00650,P0112,ST004,In-Store,1.0,9880.0,0.0,m-pesa,Completed,0.0
3427,O001136,2024-05-22 19:10:00,C00667,P0080,ST099,Online,1.0,4980.0,0.0,Credit/Debit Card,Cancelled,1.0
3428,O003148,2024-12-14 15:27:00,C00724,P0094,ST015,In-Store,1.0,7010.0,0.0,Bank Transfer,Completed,0.0
3429,O003076,2024-12-08 14:51:00,C00665,P0150,ST099,Online,1.0,32640.0,0.0,M-Pesa,Completed,3.0
3430,O000541,2024-03-10 10:34:00,C01192,P0024,ST023,In-Store,1.0,85100.0,0.0,Airtel-Money,Completed,0.0
3431,O002316,03/10/2024,C00644,P0146,ST008,In-Store,1.0,29570.0,0.0,Airtel money,Returned,0.0
3432,O000615,2024-03-21 09:17:00,,P0060,ST018,In-Store,,20160.0,0.0,mpesa,Completed,0.0
3433,O004125,2025-03-25 19:14:00,C00224,P0152,ST003,In-Store,1.0,11580.0,,M-PESA,Completed,0.0
3434,O005209,2025-07-18 15:08:00,C00813,P0061,ST022,In-Store,1.0,19410.0,0.05,Bank Transfer,Completed,0.0
3435,O001776,2024-08-03 16:17:00,C01204,P0048,ST099,Online,2.0,21400.0,0.0,cash ,Completed,4.0
3436,O004755,2025-05-29 08:30:00,C00142,P0062,ST099,Online,1.0,20210.0,0.0,Credit/Debit Card,Completed,1.0
3437,O002857,2024-11-21 13:49:00,C00312,P0178,ST014,In-Store,1.0,31250.0,0.0,Mpesa ,Completed,0.0
3438,O006967,2025-12-21 12:52:00,,P0028,ST099,Online,1.0,6690.0,0.05,Airtel Money,Returned,3.0
3439,O003495,2025-01-05 08:47:00,C00737,P0025,ST006,In-Store,1.0,53630.0,0.0,MPESA ,Completed,0.0
3440,O002871,2024-11-22 14:01:00,C00781,P0062,ST014,In-Store,1.0,20210.0,0.0,Credit/Debit Card,Completed,0.0
3441,O001167,2024-05-26 20:21:00,C00639,P0125,ST020,In-Store,1.0,5710.0,0.0,M-Pesa,Completed,0.0
3442,O000371,2024-02-18 14:57:00,C01290,P0131,ST016,In-Store,1.0,1830.0,0.1,cash,Completed,0.0
3443,O001727,2024-07-29 20:55:00,C01146,P0176,ST023,In-Store,1.0,10760.0,0.0,M-Pesa,Completed,0.0
3444,O003235,2024-12-18 16:21:00,C00766,P0005,ST023,In-Store,1.0,18960.0,0.0,CARD,Completed,0.0
3445,O005168,2025-07-13 14:26:00,C00966,P0159,ST011,In-Store,1.0,14960.0,,CASH,Completed,0.0
3446,O001399,2024-06-23 19:02:00,C00983,P0074,ST099,Online,1.0,1880.0,,M-Pesa,Completed,1.0
3447,O005162,2025-07-12 15:25:00,C00902,P0080,ST019,In-Store,1.0,4980.0,0.0,Credit/Debit Card,Completed,0.0
3448,O005379,2025-08-05 16:32:00,C00210,P0194,ST099,Online,1.0,24550.0,0.0,M-Pesa,Completed,3.0
3449,O003896,2025-02-28 11:07:00,C00975,P0179,ST014,In-Store,1.0,40350.0,0.0,M-Pesa,completed,0.0
3450,O000341,2024-02-15 13:11:00,C00136,P0086,ST099,Online,1.0,19730.0,0.0,M-Pesa,Completed,4.0
3451,O005833,2025-09-21 13:43:00,C01076,P0196,ST018,In-Store,1.0,20930.0,0.0,M-Pesa,Completed,0.0
3452,O005602,2025-08-28 13:19:00,C00101,P0175 ,ST015,In-Store,1.0,15740.0,0.0,M-PESA,Completed,0.0
3453,O000108,2024-01-14 13:56:00,C00868,P0010,ST003,In-Store,1.0,127120.0,0.0,M-Pesa,Completed,0.0
3454,O006171,2025-10-24 19:11:00,C00282,P0196,ST011,In-Store,1.0,20930.0,0.0,Mpesa,Completed,0.0
3455,O001541,09/07/2024,C00227,P0150,ST099,Online,1.0,,0.0,M-Pesa,Cancelled,4.0
3456,O000421,2024-02-25 20:00:00,C00442,P0135,ST099,Online,1.0,3510.0,,Mpesa,Completed,2.0
3457,O002266,2024-09-27 16:56:00,C00124,P0160,ST099,Online,1.0,52970.0,0.0,M-Pesa,Completed,5.0
3458,O004754,2025-05-29 10:58:00,C00235,P0084,ST006,In-Store,2.0,17830.0,0.0,M-Pesa,Completed,0.0
3459,O006909,2025-12-19 12:46:00,C00376,P0116,ST099,Online,2.0,13190.0,0.0,M-PESA,Completed,5.0
3460,O006029,2025-10-10 09:06:00,C00808,P0111,ST013,In-Store,1.0,3840.0,0.0,MPESA ,Completed,0.0
3461,O005413,2025-08-09 20:48:00,C00715,P0059,ST023,In-Store,1.0,16280.0,0.0,AIRTEL MONEY,Completed,0.0
3462,O004640,2025-05-19 10:12:00,,P0146,ST006,In-Store,2.0,29570.0,0.0,Bank Transfer,Completed,0.0
3463,O004834,2025-06-07 16:21:00,C00595,P0056,ST021,In-Store,1.0,14270.0,0.0,Credit/Debit Card,Completed,0.0
3464,O004575,2025-05-10 09:58:00,C00436,P0062,ST099,Online,2.0,20210.0,0.15,M-Pesa,Completed,1.0
3465,O002685,2024-11-07 12:44:00,C00046,P0135,ST006,In-Store,1.0,3510.0,0.0,Credit/Debit Card,Completed,0.0
3466,O005226,2025-07-20 16:00:00,C01010,P0086,ST099,Online,1.0,19730.0,0.0,MPESA ,Completed,1.0
3467,O007113,2025-12-29 12:57:00,,P0034,ST099,Online,1.0,32600.0,0.0,M-Pesa,Completed,2.0
3468,O005919,2025-09-30 16:15:00,C00528,P0018,ST015,In-Store,1.0,79380.0,0.0,M-Pesa,Returned,0.0
3469,O004058,2025-03-19 08:35:00,C01165,P0043,ST011,In-Store,1.0,20360.0,0.0,M pesa,Completed,0.0
3470,O001256,2024-06-07 20:54:00,C01215,P0053,ST023,In-Store,2.0,13410.0,0.0,Cash,Completed,0.0
3471,O003539,2025-01-10 17:50:00,C00076,P0175,ST099,Online,1.0,15740.0,0.0,M-Pesa,Completed,6.0
3472,O004778,2025-06-01 11:40:00,C01301,P0150,ST099,Online,1.0,32640.0,0.0,M-Pesa,Completed,5.0
3473,O006100,2025-10-16 15:12:00,C00829,P0058,ST001,In-Store,2.0,17000.0,0.0,M-Pesa,complete,0.0
3474,O000869,2024-04-19 15:44:00,C00899,P0146,ST099,Online,1.0,29570.0,0.0,Credit/Debit Card,Returned,4.0
3475,O005278,2025-07-26 14:06:00,C00495,P0091,ST099,Online,1.0,2270.0,0.15,M-Pesa,Completed,1.0
3476,O000996,2024-05-05 08:50:00,C01317,P0183,ST021,In-Store,1.0,39320.0,0.0,Mpesa ,Completed,0.0
3477,O003025,2024-12-05 19:52:00,C01080,P0183,ST004,In-Store,1.0,39320.0,0.0,Airtel-Money,Completed,0.0
3478,O004557,2025-05-09 12:32:00,C00407,P0013,ST099,Online,2.0,30190.0,0.05,M-PESA,Completed,4.0
3479,O001018,2024/05/07,,P0018,ST001,In-Store,1.0,79380.0,0.0,Credit/Debit Card,Completed,0.0
3480,O005650,2025-09-01 17:15:00,C00396,P0056,ST099,Online,1.0,14270.0,0.0,M-Pesa,Returned,4.0
3481,O006497,2025-11-21 10:35:00,C00888,P0027,ST099,Online,1.0,26240.0,0.1,Card,Completed,1.0
3482,O005547,2025-08-22 18:03:00,C01244,P0196,ST013,In-Store,2.0,20930.0,0.0,M-Pesa,Completed,0.0
3483,O002558,2024-10-26 16:06:00,C00222,P0056,ST099,Online,1.0,14270.0,0.0,M-Pesa,Completed,6.0
3484,O004442,2025-04-27 18:41:00,C01181,P0074,ST023,In-Store,1.0,1880.0,0.0,cash,Completed,0.0
3485,O006212,2025-10-27 10:14:00,C00635,P0181,ST099,Online,2.0,23170.0,0.0,m-pesa,Completed,3.0
3486,O004787,2025-06-02 12:22:00,C00769,P0146,ST099,Online,1.0,29570.0,0.0,Credit/Debit Card,Completed,2.0
3487,O005923,2025-09-30 18:53:00,C00065,P0188,ST099,Online,1.0,10310.0,0.0,Bank Transfer,Returned,3.0
3488,O003300,2024-12-21 11:57:00,,P0056,ST003,In-Store,1.0,14270.0,0.0,Bank Transfer,Completed,0.0
3489,O006298,2025-11-03 11:12:00,,P0012,ST024,In-Store,2.0,130340.0,0.1,M-Pesa,Completed,0.0
3490,O003570,2025-01-15 10:17:00,C00395,P0093,ST021,In-Store,1.0,15030.0,0.0,M-Pesa,Completed,0.0
3491,O000908,2024-04-24 15:52:00,C00216,P0178,ST013,In-Store,1.0,31250.0,0.0,M pesa,Completed,0.0
3492,O001792,2024-08-05 15:16:00,C00096,P0112,ST099,Online,1.0,9880.0,0.0,M-Pesa,COMPLETED,4.0
3493,O004440,2025-04-26 17:13:00,C00839,P0039,ST002,In-Store,1.0,75080.0,0.0,m-pesa,completed,0.0
3494,O002314,2024-10-02 13:08:00,C00082,P0153,ST017,In-Store,1.0,58800.0,0.0,AIRTEL MONEY,Completed,0.0
3495,O000572,2024-03-16 13:22:00,C00545,P0062,ST099,Online,2.0,20210.0,0.0,M-Pesa,Completed,3.0
3496,O004011,2025-03-13 13:16:00,C00699,P0069,ST016,In-Store,1.0,20690.0,0.1,Credit/Debit Card,Completed,0.0
3497,O005882,2025-09-27 17:42:00,C00098,P0152,ST099,Online,1.0,11580.0,0.1,M-Pesa,Completed,6.0
3498,O000299,2024-02-08 13:23:00,C01137,P0096,ST023,In-Store,1.0,6270.0,0.0,M-Pesa,Completed,0.0
3499,O006054,2025-10-11 08:06:00,C01166,P0060,ST005,In-Store,1.0,20160.0,0.0,M-PESA,Completed,0.0
3500,O003028,2024-12-05 20:13:00,C00555,P0025,ST006,In-Store,1.0,53630.0,0.0,debit card,Completed,0.0
3501,O004192,2025-04-01 12:25:00,C00784,P0086,ST004,In-Store,2.0,19730.0,0.0,Credit/Debit Card,complete,0.0
3502,O000729,2024-04-03 12:22:00,C01106,P0148,ST099,Online,1.0,32090.0,,M-Pesa,Completed,5.0
3503,O000215,2024-01-27 16:18:00,C00118,P0181,ST099,Online,1.0,23170.0,0.0,M-Pesa,Returned,6.0
3504,O002284,2024-09-29 08:50:00,C00435,P0122,ST023,In-Store,1.0,1050.0,0.0,Bank Transfer,Completed,0.0
3505,O001644,2024-07-21 16:07:00,C00848,P0018,ST008,In-Store,1.0,79380.0,0.0,airtel money,Completed,0.0
3506,O000093,2024-01-12 13:44:00,C00811,P0176,ST009,In-Store,1.0,10760.0,,Airtel Money,complete,0.0
3507,O006982,2025-12-22 09:16:00,C00670,P0135,ST004,In-Store,2.0,3510.0,0.0,M-Pesa,Completed,0.0
3508,O003173,2024-12-15 16:02:00,C00699,P0010,ST020,In-Store,1.0,127120.0,0.0,Airtel Money,Completed,0.0
3509,O005748,2025-09-11 11:44:00,C00848,P0162,ST099,Online,1.0,42760.0,0.0,M-PESA,Cancelled,2.0
3510,O004871,2025-06-12 08:09:00,C00627,P0086,ST099,Online,1.0,19730.0,0.0,M-Pesa,Completed,1.0
3511,O000580,2024-03-17 09:35:00,C00375,P0024,ST099,Online,2.0,85100.0,0.0,M-Pesa,Completed,6.0
3512,O001757,2024-08-01 17:55:00,C00765,P0198,ST009,In-Store,1.0,35160.0,0.0,M-Pesa,Completed,0.0
3513,O006944,2025-12-20 17:29:00,C00777,P0061,ST099,Online,1.0,19410.0,0.1,M-Pesa,Completed,4.0
3514,O002782,2024-11-15 16:21:00,C00858,P0108,ST005,In-Store,2.0,14950.0,0.0,Airtel Money,Completed,0.0
3515,O004831,2025-06-07 11:25:00,C00604,P0105,ST014,In-Store,1.0,15970.0,,mpesa,Completed,0.0
3516,O003458,2024-12-31 11:21:00,C00297,P0056,ST099,Online,1.0,14270.0,0.0,M-Pesa,Completed,3.0
3517,O006318,2025-11-05 12:17:00,C00017,P0013,ST013,In-Store,,30190.0,0.0,Cash,Completed,0.0
3518,O001397,2024-06-23 13:59:00,C00932,P0060,ST012,In-Store,1.0,20160.0,0.05,Airtel Money,Completed,0.0
3519,O000670,2024-03-27 12:18:00,C01004,P0086,ST023,In-Store,1.0,19730.0,0.0,Cash,Completed,0.0
3520,O006747,2025-12-09 16:51:00,C00101,P0122,ST099,Online,1.0,1050.0,0.15,Credit/Debit Card,Returned,2.0
3521,O001594,16-Jul-2024,C01253,P0070,ST099,Online,1.0,18010.0,0.0,M-Pesa,Completed,1.0
3522,O005567,2025-08-24 12:04:00,,P0108,ST099,Online,1.0,14950.0,0.05,debit card,Completed,2.0
3523,O005550,2025-08-22 19:44:00,C01324,P0041,ST099,Online,1.0,83810.0,0.0,M-Pesa,Completed,6.0
3524,O006875,2025-12-17 18:27:00,C00622,P0175,ST022,In-Store,1.0,15740.0,0.0,Airtel Money,Completed,0.0
3525,O002258,2024-09-25 11:20:00,C00814,P0092,ST015,In-Store,1.0,2840.0,0.0,M pesa,Completed,0.0
3526,O002832,2024-11-19 19:46:00,C00475,P0162,ST099,Online,1.0,42760.0,0.0,Credit/Debit Card,Completed,5.0
3527,O001423,26-Jun-2024,C00367,P0060,ST010,In-Store,1.0,20160.0,0.0,Airtel Money,Completed,0.0
3528,O006394,2025-11-11 19:04:00,C00626,P0128,ST099,Online,1.0,13910.0,0.0,Credit/Debit Card,Completed,1.0
3529,O005303,2025-07-29 17:52:00,C00414,P0020,ST013,In-Store,1.0,10070.0,,Airtel-Money,Completed,0.0
3530,O003326,2024-12-22 14:38:00,C00712,P0163,ST099,Online,1.0,41210.0,0.0,M-Pesa,Completed,2.0
3531,O006891,2025-12-18 14:50:00,C00766,P0189,ST099,Online,2.0,32140.0,0.0,M-Pesa,Completed,6.0
3532,O003943,2025-03-05 18:06:00,C01060,P0060,ST099,Online,1.0,20160.0,0.0,M-Pesa,Completed,3.0
3533,O000432,2024-02-26 14:34:00,C00005,P0104,ST099,Online,2.0,3780.0,0.0,Mpesa ,Returned,1.0
3534,O006680,2025-12-05 12:53:00,C00546,P0045,ST099,Online,1.0,20960.0,0.05,M-Pesa,Completed,5.0
3535,O006448,2025-11-16 18:38:00,C01301,P0060,ST013,In-Store,1.0,20160.0,0.0,M-Pesa,Completed,0.0
3536,O006629,2025-12-01 13:37:00,C01015,P0146,ST099,Online,2.0,29570.0,0.0,M-Pesa,Completed,3.0
3537,O004398,2025-04-22 11:47:00,C00161,P0056,ST015,In-Store,1.0,14270.0,0.0,Mpesa ,Completed,0.0
3538,O005480,2025-08-15 17:27:00,C00247,P0059,ST015,In-Store,4.0,16280.0,0.0,Credit/Debit Card,Completed,0.0
3539,O004504,2025-05-03 11:04:00,C00331,P0154,ST099,Online,1.0,14610.0,0.0,M-PESA,Completed,2.0
3540,O006053,2025/10/11,C00922,P0017,ST012,In-Store,1.0,123410.0,0.0,M-PESA,Completed,0.0
3541,O003541,2025-01-10 08:05:00,C01101,P0021,ST008,In-Store,1.0,135600.0,0.0,credit card,Completed,0.0
3542,O005071,2025-07-04 19:08:00,C00647,P0160,ST009,In-Store,1.0,52970.0,0.1,M-Pesa,Returned,0.0
3543,O005994,2025-10-07 10:45:00,C01267,P0159,ST016,In-Store,3.0,14960.0,0.1,M-Pesa,Completed,0.0
3544,O001237,2024-06-04 19:18:00,C00001,P0079,ST001,In-Store,2.0,17060.0,0.25,cash,Completed,0.0
3545,O000899,2024-04-23 13:16:00,C00127,P0058,ST004,In-Store,2.0,17000.0,0.0,Card,Completed,0.0
3546,O005637,2025-08-30 10:47:00,C00431,P0107,ST016,In-Store,1.0,13230.0,0.2,airtel money,Completed,0.0
3547,O006326,2025-11-06 16:14:00,C00622,P0071,ST019,In-Store,1.0,4850.0,0.0,Mpesa ,Completed,0.0
3548,O001045,2024-05-11 17:20:00,C01294,P0018,ST099,Online,1.0,79380.0,0.0,Bank Transfer,Completed,5.0
3549,O006634,2025-12-02 18:58:00,C00265,P0080,ST099,Online,2.0,4980.0,0.1,Mpesa ,Completed,2.0
3550,O002024,2024-08-31 20:04:00,C00755,P0005,ST018,In-Store,2.0,18960.0,,Credit/Debit Card,Completed,0.0
3551,O002232,2024-09-23 10:45:00,C00864,P0008,ST099,Online,2.0,94740.0,0.0,M-Pesa,Returned,6.0
3552,O005843,2025-09-23 11:17:00,C00370,P0160,ST099,Online,1.0,52970.0,0.0,Bank Transfer,Completed,4.0
3553,O000734,2024-04-04 19:51:00,C00459,P0151,ST013,In-Store,1.0,47660.0,0.0,Airtel money,Completed,0.0
3554,O002289,2024-09-29 13:46:00,C01210,P0151,ST099,Online,1.0,47660.0,0.0,M-Pesa,Completed,1.0
3555,O006923,2025-12-19 14:05:00,C01191,P0175,ST099,Online,1.0,15740.0,0.0,M-Pesa,Completed,1.0
3556,O004092,2025-03-22 17:58:00,C00158,P0096,ST099,Online,1.0,6270.0,0.0,Cash,Completed,1.0
3557,O001433,2024-06-27 14:38:00,,P0058,ST099,Online,1.0,17000.0,0.0,Cash,Completed,4.0
3558,O003688,2025-01-30 12:11:00,C01154,P0183,ST022,In-Store,1.0,39320.0,0.0,M-Pesa,Completed,0.0
3559,O004354,2025-04-18 18:46:00,C00549,P0172,ST099,Online,2.0,38980.0,0.0,Mpesa ,Completed,5.0
3560,O003392,2024-12-26 13:10:00,C00695,P0159,ST099,Online,1.0,14960.0,0.05,M-PESA,Completed,2.0
3561,O002172,2024-09-16 14:36:00,C01075,P0086,ST002,In-Store,1.0,19730.0,0.0,Cash,Completed,0.0
3562,O001786,2024-08-04 19:18:00,C00369,P0103,ST099,Online,1.0,15070.0,0.0,Mpesa ,Returned,2.0
3563,O000650,2024-03-24 16:12:00,C00531,P0175,ST099,Online,1.0,15740.0,0.0,Mpesa,Completed,3.0
3564,O005107,2025-07-07 14:29:00,C00783,P0056,ST023,In-Store,2.0,14270.0,0.0,Bank Transfer,Completed,0.0
3565,O001756,2024-08-01 12:55:00,C00659,P0161,ST099,Online,1.0,49910.0,,Airtel Money,COMPLETED,5.0
3566,O004486,2025-05-01 12:41:00,C00761,P0063,ST099,Online,2.0,1440.0,0.0,M-Pesa,Completed,5.0
3567,O005780,2025-09-16 13:41:00,C00043,P0020,ST020,In-Store,1.0,10070.0,0.0,M pesa,Completed,0.0
3568,O005868,2025-09-26 13:53:00,C00132,P0079,ST099,Online,4.0,17060.0,0.1,Airtel-Money,Returned,6.0
3569,O006088,2025-10-15 09:00:00,C01105,P0018,ST003,In-Store,1.0,79380.0,0.2,M-Pesa,complete,0.0
3570,O004081,2025-03-21 16:34:00,C00970,P0088,ST099,Online,1.0,10360.0,0.0,Credit/Debit Card,Completed,5.0
3571,O005774,2025-09-14 10:39:00,C00339,P0160,ST014,In-Store,1.0,52970.0,0.05,M pesa,Completed,0.0
3572,O004439,2025-04-26 12:46:00,C00063,P0175,ST004,In-Store,1.0,15740.0,0.0,M pesa,Completed,0.0
3573,O003679,2025-01-29 18:09:00,C00227,P0184,ST099,Online,,20390.0,0.0,M-PESA,Completed,1.0
3574,O000569,2024-03-16 12:34:00,C00287,P0041,ST099,Online,1.0,83810.0,0.0,M-Pesa,Completed,1.0
3575,O002874,2024-11-23 11:33:00,C00092,P0188,ST099,Online,1.0,10310.0,0.0,debit card,Completed,3.0
3576,O006456,2025-11-17 16:38:00,,P0012,ST012,In-Store,1.0,130340.0,0.0,CASH,Completed,0.0
3577,O007109,2025-12-29 09:43:00,C00776,P0071,ST001,In-Store,1.0,4850.0,0.0,Cash,Completed,0.0
3578,O000130,2024-01-16 17:56:00,C00747,P0138,ST019,In-Store,1.0,4780.0,0.0,cash,COMPLETED,0.0
3579,O003010,2024-12-04 12:43:00,C01162,P0057,ST016,In-Store,2.0,2110.0,0.1,Bank Transfer,Returned,0.0
3580,O005940,2025-10-02 18:09:00,C00765 ,P0173,ST018,In-Store,3.0,19620.0,0.1,Airtel Money,Returned,0.0
3581,O006119,2025-10-18 14:21:00,C00835,P0198,ST099,Online,1.0,35160.0,0.0,M pesa,Completed,4.0
3582,O006765,2025-12-10 17:37:00,C00336,P0056,ST099,Online,2.0,14270.0,0.0,mpesa,Completed,6.0
3583,O003971,2025-03-08 11:14:00,C01129,P0135,ST004,In-Store,1.0,3510.0,0.0,M-Pesa,Completed,0.0
3584,O007020,2025-12-23 14:32:00,C00639,P0160 ,ST015,In-Store,1.0,52970.0,0.2,M-Pesa,Completed,0.0
3585,O006591,2025-11-29 13:33:00,C00596,P0086,ST099,Online,1.0,19730.0,0.0,Cash,Completed,4.0
3586,O002952,2024-11-29 13:07:00,C00739,P0021 ,ST099,Online,1.0,135600.0,0.25,M-Pesa,Completed,4.0
3587,O005654,2025-09-01 12:59:00,,P0071,ST099,Online,3.0,4850.0,0.15,Bank Transfer,Returned,5.0
3588,O006058,2025-10-11 14:46:00,C00986,P0135,ST023,In-Store,1.0,3510.0,0.0,M-Pesa,Completed,0.0
3589,O005873,2025-09-26 13:31:00,C00664,P0088,ST005,In-Store,1.0,10360.0,,Mpesa,Returned,0.0
3590,O001462,01-Jul-2024,C00881,P0010,ST009,In-Store,1.0,127120.0,0.1,M-Pesa,Returned,0.0
3591,O002943,2024-11-28 09:57:00,C00792,P0084,ST021,In-Store,1.0,17830.0,0.0,M-Pesa,Cancelled,0.0
3592,O004181,2025-03-30 16:33:00,C00808,P0174,ST099,Online,1.0,29840.0,0.0,Bank Transfer,Completed,2.0
3593,O005996,2025/10/07,,P0116,ST004,In-Store,1.0,13190.0,0.0,M-Pesa,Completed,0.0
3594,O000396,2024-02-22 13:36:00,C00217,P0108,ST099,Online,1.0,14950.0,,M-Pesa,Completed,5.0
3595,O004370,2025-04-20 16:02:00,C00570,P0079,ST005,In-Store,1.0,17060.0,0.0,Cash,Completed,0.0
3596,O003920,2025-03-02 16:54:00,C00882,P0160,ST008,In-Store,2.0,52970.0,0.0,credit card,Completed,0.0
3597,O000991,2024-05-04 18:06:00,C01262,P0176,ST099,Online,1.0,10760.0,0.0,Credit/Debit Card,Completed,2.0
3598,O001450,2024-06-29 20:43:00,C00157,P0168,ST099,Online,1.0,31350.0,0.0,M-PESA,Completed,5.0
3599,O005077,2025-07-05 08:03:00,C00576,P0036,ST099,Online,2.0,82830.0,0.15,M-Pesa,Returned,1.0
3600,O003626,2025-01-22 18:59:00,C01324,P0086,ST099,Online,1.0,19730.0,0.0,M-Pesa,Completed,2.0
3601,O004916,2025-06-17 11:05:00,C00133,P0018,ST099,Online,1.0,79380.0,0.0,M-Pesa,Completed,4.0
3602,O001695,2024-07-27 12:37:00,,P0160,ST010,In-Store,3.0,52970.0,0.0,M-Pesa,Completed,0.0
3603,O006432,2025-11-15 08:43:00,C00206,P0196,ST099,Online,2.0,20930.0,0.0,M-Pesa,Completed,4.0
3604,O003707,2025-02-01 08:02:00,C00984,P0123,ST024,In-Store,1.0,7870.0,0.05,M-Pesa,Completed,0.0
3605,O005142,2025-07-10 18:02:00,C01265,P0012,ST099,Online,1.0,,0.0,M-PESA,COMPLETED,2.0
3606,O005053,2025-07-02 11:47:00,C01325,P0013,ST099,Online,3.0,30190.0,0.0,Credit/Debit Card,Returned,1.0
3607,O000662,2024-03-26 14:39:00,C00018,P0042,ST099,Online,2.0,123680.0,0.0,m-pesa,Completed,2.0
3608,O001536,2024-07-08 11:47:00,C00137,P0094,ST011,In-Store,1.0,7010.0,0.0,MPESA ,Completed,0.0
3609,O000824,2024-04-14 11:35:00,C00184,P0197,ST099,Online,1.0,22390.0,0.0,m-pesa,Completed,1.0
3610,O003121,2024-12-11 20:02:00,C00718,P0126,ST013,In-Store,1.0,12920.0,0.05,CASH,COMPLETED,0.0
3611,O001505,2024-07-06 09:03:00,C00153,P0159,ST099,Online,1.0,14960.0,0.0,Bank Transfer,Completed,3.0
3612,O002345,2024-10-06 20:41:00,C00900,P0084,ST099,Online,1.0,17830.0,0.2,M-PESA,Completed,1.0
3613,O001231,2024-06-03 18:53:00,C00025,P0161,ST099,Online,1.0,49910.0,0.0,AIRTEL MONEY,Completed,1.0
3614,O000573,2024-03-16 15:50:00,C00432,P0024,ST001,In-Store,1.0,85100.0,0.0,Credit/Debit Card,Returned,0.0
3615,O001394,2024-06-22 17:24:00,C00410,P0174,ST019,In-Store,1.0,29840.0,0.0,MPESA ,Cancelled,0.0
3616,O004633,2025-05-18 11:49:00,C00918,P0178,ST005,In-Store,1.0,31250.0,0.0,Mpesa ,Completed,0.0
3617,O007009,2025-12-23 15:35:00,C00426,P0104,ST004,In-Store,1.0,3780.0,0.15,Cash,COMPLETED,0.0
3618,O007039,2025-12-24 10:55:00,C01230,P0080,ST099,Online,1.0,4980.0,0.0,Airtel money,Completed,6.0
3619,O001191,2024-05-29 20:00:00,C01349,P0021,ST099,Online,1.0,135600.0,0.0,M-Pesa,Cancelled,6.0
3620,O006419,2025-11-13 15:44:00,C01217,P0086,ST099,Online,3.0,19730.0,0.0,Mpesa,Completed,3.0
3621,O000060,2024-01-08 18:49:00,C01158,P0152,ST022,In-Store,1.0,11580.0,0.0,M pesa,Completed,0.0
3622,O005044,2025-07-01 15:10:00,C01323,P0010,ST099,Online,1.0,127120.0,0.0,debit card,Completed,6.0
3623,O005580,2025-08-25 18:17:00,,P0112,ST099,Online,1.0,9880.0,0.0,Mpesa,Completed,2.0
3624,O000390,2024-02-21 14:09:00,C00298,P0030,ST013,In-Store,1.0,62130.0,0.0,Cash,Completed,0.0
3625,O003890,2025-02-27 16:15:00,C00810,P0010 ,ST016,In-Store,1.0,127120.0,0.0,M-Pesa,Returned,0.0
3626,O003902,2025-02-28 19:51:00,C00822,P0160,ST005,In-Store,1.0,52970.0,0.0,M pesa,completed,0.0
3627,O004444,2025-04-27 10:03:00,C00279,P0009,ST022,In-Store,1.0,119240.0,0.0,Airtel Money,Completed,0.0
3628,O001949,2024-08-23 19:00:00,C00260,P0129,ST010,In-Store,1.0,10150.0,0.0,Bank Transfer,Completed,0.0
3629,O005235,2025-07-20 13:57:00,C00056,P0022,ST017,In-Store,1.0,63380.0,0.0,CASH,returned,0.0
3630,O000429,2024-02-26 17:31:00,C00589,P0091,ST007,In-Store,1.0,2270.0,0.0,Airtel Money,Completed,0.0
3631,O001725,2024-07-29 14:48:00,C00530,P0120,ST017,In-Store,2.0,10270.0,0.0,mpesa,Completed,0.0
3632,O006292,2025-11-02 14:31:00,C01159,P0088,ST014,In-Store,3.0,10360.0,0.0,Bank Transfer,complete,0.0
3633,O006902,2025-12-18 15:49:00,C00158,P0129,ST002,In-Store,3.0,10150.0,0.0,M-Pesa,Completed,0.0
3634,O002766,2024-11-13 15:21:00,C00706,P0030,ST001,In-Store,1.0,62130.0,0.0,Mpesa,complete,0.0
3635,O000448,2024-03-01 11:17:00,C00856,P0057,ST022,In-Store,1.0,2110.0,0.05,M-Pesa,Completed,0.0
3636,O003248,2024-12-19 11:41:00,C01066,P0135,ST099,Online,4.0,3510.0,0.0,M-Pesa,Completed,3.0
3637,O006409,2025-11-12 14:17:00,C01156,P0173,ST099,Online,1.0,19620.0,0.0,Bank Transfer,Completed,6.0
3638,O002921,2024-11-27 15:51:00,C01033,P0126,ST021,In-Store,1.0,12920.0,0.0,M-Pesa,Completed,0.0
3639,O004223,2025-04-04 20:56:00,C00821,P0139,ST022,In-Store,1.0,6700.0,0.0,cash ,complete,0.0
3640,O002760,2024-11-12 08:15:00,C01105,P0123,ST001,In-Store,1.0,7870.0,0.0,M-Pesa,Cancelled,0.0
3641,O005683,2025-09-05 15:48:00,C00738,P0159,ST099,Online,1.0,14960.0,0.0,AIRTEL MONEY,returned,2.0
3642,O001166,2024-05-26 16:10:00,C01191,P0183,ST099,Online,1.0,39320.0,0.0,M-Pesa,Completed,1.0
3643,O006437,2025-11-15 13:29:00,C00591,P0163,ST003,In-Store,1.0,41210.0,0.0,Credit/Debit Card,complete,0.0
3644,O006175,2025/10/24,C00772,P0181,ST010,In-Store,1.0,23170.0,0.0,CARD,Completed,0.0
3645,O000152,2024-01-20 11:09:00,C00219,P0060,ST023,In-Store,1.0,20160.0,,Airtel money,Completed,0.0
3646,O003738,2025-02-06 18:38:00,C00231,P0163,ST099,Online,1.0,41210.0,0.0,Bank Transfer,Completed,3.0
3647,O004895,2025-06-14 19:03:00,C00895,P0012,ST009,In-Store,1.0,130340.0,0.0,Airtel Money,Completed,0.0
3648,O005160,2025-07-12 19:24:00,C00001,P0024,ST009,In-Store,1.0,85100.0,0.0,MPESA ,complete,0.0
3649,O006574,2025-11-27 18:15:00,C00703,P0084,ST008,In-Store,,17830.0,0.0,Card,Completed,0.0
3650,O003684,2025-01-29 17:39:00,C00400,P0108,ST099,Online,2.0,14950.0,0.0,M-Pesa,Completed,4.0
3651,O000516,2024-03-08 08:34:00,C01338,P0027,ST099 ,Online,2.0,26240.0,0.0,Bank Transfer,Completed,3.0
3652,O000155,2024-01-20 18:01:00,C00089,P0165,ST099,Online,1.0,45630.0,0.0,CASH,Completed,1.0
3653,O005866,2025-09-25 08:35:00,C00964,P0079,ST023,In-Store,1.0,17060.0,0.0,Cash,Completed,0.0
3654,O001865,2024-08-15 17:22:00,C00823,P0051,ST015,In-Store,1.0,20210.0,0.0,Bank Transfer,Completed,0.0
3655,O002477,2024-10-18 19:04:00,C00009,P0160,ST099,Online,2.0,52970.0,0.0,Bank Transfer,returned,6.0
3656,O006946,2025-12-20 11:30:00,C01323,P0084,ST007,In-Store,2.0,17830.0,0.0,Airtel Money,completed,0.0
3657,O003459,2024-12-31 13:36:00,C00670,P0005,ST023,In-Store,1.0,18960.0,0.0,Airtel Money,Completed,0.0
3658,O000712,2024-04-01 18:54:00,C00255,P0021,ST099,Online,3.0,135600.0,0.0,cash ,Completed,5.0
3659,O006129,2025-10-18 18:51:00,C00298,P0051,ST004,In-Store,,20210.0,0.0,M-Pesa,Completed,0.0
3660,O002017,2024-08-31 18:14:00,C00612,P0040,ST005,In-Store,1.0,126140.0,0.0,Mpesa ,Completed,0.0
3661,O006665,2025-12-04 12:17:00,C00569,P0176,ST024,In-Store,1.0,10760.0,0.0,M-Pesa,complete,0.0
3662,O004606,2025-05-15 15:44:00,C00207,P0060,ST019,In-Store,-1.0,20160.0,0.0,Cash,Completed,0.0
3663,O005690,2025-09-05 10:25:00,C01210,P0148,ST011,In-Store,1.0,32090.0,0.0,Credit/Debit Card,Completed,0.0
3664,O006013,2025-10-09 17:42:00,C00475,P0156,ST015,In-Store,2.0,30350.0,0.0,Airtel Money,Completed,0.0
3665,O003545,2025-01-11 15:47:00,C00676,P0039,ST099,Online,3.0,75080.0,0.1,M-Pesa,Completed,1.0
3666,O004840,2025-06-08 10:38:00,C00764,P0179,ST099,Online,1.0,40350.0,0.0,mpesa,Completed,3.0
3667,O006179,2025-10-25 08:55:00,C01033,P0053,ST010,In-Store,1.0,13410.0,0.0,M-Pesa,Completed,0.0
3668,O000830,2024-04-15 09:01:00,C01055,P0158,ST099,Online,2.0,36400.0,0.0,M-Pesa,COMPLETED,1.0
3669,O002052,2024-09-03 19:55:00,C00975,P0034,ST099,Online,1.0,32600.0,0.05,Airtel Money,Completed,1.0
3670,O006400,2025-11-12 10:55:00,C01022,P0023,ST012,In-Store,1.0,122960.0,0.0,Cash,Completed,0.0
3671,O005575,2025-08-24 15:17:00,C00115,P0104,ST017,In-Store,2.0,3780.0,0.0,Airtel Money,Completed,0.0
3672,O001767,2024-08-02 12:30:00,C00705,P0041,ST014,In-Store,1.0,83810.0,0.0,Airtel Money,Completed,0.0
3673,O005311,2025-07-29 20:09:00,C00280,P0062,ST099,Online,2.0,20210.0,0.0,Mpesa ,Completed,1.0
3674,O005617,2025-08-29 09:32:00,C00812,P0152,ST099,Online,1.0,11580.0,0.0,credit card,Completed,6.0
3675,O002079,2024/09/07,C00813,P0062,ST021,In-Store,1.0,20210.0,0.0,Airtel Money,Completed,0.0
3676,O005899,2025-09-28 11:36:00,C00764,P0194,ST099,Online,1.0,24550.0,0.0,M-Pesa,Completed,2.0
3677,O001044,2024-05-11 11:07:00,C00171,P0053,ST099,Online,1.0,13410.0,0.0,M-Pesa,Completed,4.0
3678,O001092,2024-05-16 10:54:00,C00425,P0013,ST099,Online,1.0,30190.0,0.15,Airtel Money,Completed,4.0
3679,O000625,2024-03-22 14:43:00,C01123,P0039,ST021,In-Store,1.0,75080.0,0.0,CASH,Returned,0.0
3680,O000924,2024-04-25 15:07:00,C00608,P0013,ST003,In-Store,1.0,30190.0,0.0,M-Pesa,complete,0.0
3681,O003405,2024-12-27 17:49:00,C01188,P0009,ST008,In-Store,1.0,119240.0,0.0,Bank Transfer,Completed,0.0
3682,O003083,2024-12-09 09:38:00,C00410,P0111,ST017,In-Store,1.0,3840.0,0.1,Airtel Money,Completed,0.0
3683,O000211,2024-01-26 11:19:00,C00305,P0160,ST099,Online,1.0,52970.0,,M-Pesa,Completed,2.0
3684,O002355,2024-10-06 12:07:00,C00450,P0140,ST014,In-Store,1.0,13940.0,0.0,Mpesa ,Completed,0.0
3685,O000893,2024-04-22 16:53:00,C00447,P0036,ST099,Online,1.0,82830.0,0.0,Bank Transfer,Completed,6.0
3686,O004797,2025/06/03,C00508,P0189,ST015,In-Store,1.0,32140.0,0.0,Credit/Debit Card,Completed,0.0
3687,O006309,2025-11-04 09:32:00,C00315,P0151,ST099,Online,1.0,47660.0,0.0,M pesa,Completed,6.0
3688,O002063,2024-09-05 13:25:00,C00549,P0196,ST003,In-Store,1.0,20930.0,0.0,M-Pesa,Completed,0.0
3689,O000792,2024-04-12 16:43:00,C00581,P0160,ST099,Online,1.0,52970.0,0.0,Bank Transfer,Completed,4.0
3690,O005332,2025-07-31 16:14:00,C00161,P0140,ST099,Online,1.0,13940.0,0.0,airtel money,complete,1.0
3691,O005687,2025-09-05 12:38:00,C00981,P0183,ST008,In-Store,2.0,39320.0,0.0,M-Pesa,Completed,0.0
3692,O001353,2024-06-18 11:26:00,C00075,P0056,ST023,In-Store,1.0,14270.0,0.0,M-Pesa,Completed,0.0
3693,O004243,2025-04-07 10:42:00,C00769,P0188,ST006,In-Store,1.0,10310.0,0.0,Airtel Money,complete,0.0
3694,O000647,2024-03-24 10:26:00,C00101,P0172,ST023,In-Store,1.0,38980.0,0.0,M-Pesa,Completed,0.0
3695,O006222,2025-10-28 15:32:00,C00302,P0002,ST017,In-Store,1.0,91490.0,0.0,M-Pesa,Completed,0.0
3696,O006963,2025-12-21 19:04:00,C00057,P0088,ST099,Online,2.0,10360.0,0.0,M-Pesa,Completed,2.0
3697,O005594,2025-08-27 14:48:00,C00078,P0160,ST009,In-Store,1.0,52970.0,0.0,Credit/Debit Card,Completed,0.0
3698,O001948,2024-08-23 08:38:00,C00579,P0161,ST012,In-Store,2.0,49910.0,0.0,airtel money,Completed,0.0
3699,O003714,2025-02-02 13:08:00,C00728,P0010,ST099,Online,1.0,127120.0,0.0,cash,Completed,1.0
3700,O006092,2025-10-15 10:59:00,C00834,P0141 ,ST006,In-Store,1.0,12880.0,0.0,Mpesa ,completed,0.0
3701,O005328,2025-07-31 19:31:00,C01042,P0084,ST099,Online,1.0,17830.0,0.0,Bank Transfer,Completed,5.0
3702,O005009,2025-06-28 09:19:00,C00724,P0034,ST017,In-Store,2.0,,0.0,Card,Completed,0.0
3703,O006421,2025-11-13 15:55:00,C00042,P0086,ST018,In-Store,1.0,19730.0,0.0,M-Pesa,Completed,0.0
3704,O006379,2025-11-10 10:23:00,C01133,P0181,ST099,Online,2.0,23170.0,0.0,M-Pesa,Completed,1.0
3705,O001794,2024/08/05,C01013,P0151,ST018,In-Store,1.0,47660.0,0.0,Bank Transfer,Completed,0.0
3706,O001140,2024-05-22 19:32:00,C01030,P0159,ST002,In-Store,1.0,14960.0,0.05,M-Pesa,returned,0.0
3707,O006830,2025-12-15 13:09:00,C00587,P0135,ST016,In-Store,1.0,3510.0,,M-Pesa,Completed,0.0
3708,O001662,22-Jul-2024,C01322,P0091,ST099,Online,1.0,2270.0,0.0,Mpesa ,Completed,1.0
3709,O004582,2025-05-11 17:02:00,C00305,P0016,ST099,Online,1.0,38090.0,0.05,M-Pesa,Completed,1.0
3710,O004667,2025-05-21 16:43:00,C00341,P0021 ,ST099,Online,1.0,135600.0,,Credit/Debit Card,Returned,3.0
3711,O001338,2024-06-16 20:43:00,C00999,P0135,ST014,In-Store,1.0,3510.0,0.0,MPESA ,Completed,0.0
3712,O006084,2025-10-14 16:37:00,C00987,P0183,ST015,In-Store,2.0,39320.0,0.0,Airtel Money,Completed,0.0
3713,O003736,2025-02-06 15:12:00,C00724,P0197,ST099,Online,1.0,22390.0,0.0,M pesa,Completed,2.0
3714,O001389,2024-06-22 09:13:00,C00384,P0080 ,ST016,In-Store,1.0,4980.0,0.0,M-Pesa,Completed,0.0
3715,O002430,2024-10-13 08:30:00,C00301,P0094,ST099,Online,2.0,7010.0,0.05,Credit/Debit Card,Completed,1.0
3716,O006704,2025-12-07 09:02:00,C01163,P0086,ST005,In-Store,1.0,19730.0,0.0,M-Pesa,Completed,0.0
3717,O001161,2024-05-25 17:44:00,C00042,P0008,ST099,Online,1.0,94740.0,,M-Pesa,COMPLETED,3.0
3718,O001107,2024-05-18 13:46:00,C01069,P0091,ST016,In-Store,1.0,2270.0,0.0,mpesa,Completed,0.0
3719,O004028,2025-03-15 18:50:00,C01255,P0104,ST020,In-Store,1.0,,0.2,M-Pesa,Completed,0.0
3720,O003384,2024-12-26 19:21:00,C00172,P0004,ST014,In-Store,1.0,38100.0,0.0,Card,Completed,0.0
3721,O005245,2025-07-22 08:08:00,C01181,P0173,ST099,Online,1.0,19620.0,0.0,Bank Transfer,Completed,2.0
3722,O001139,2024-05-22 16:05:00,C00658,P0173,ST011,In-Store,1.0,19620.0,0.0,M-Pesa,Completed,0.0
3723,O005953,2025-10-03 16:22:00,C00392,P0024,ST016,In-Store,1.0,85100.0,0.0,cash ,Completed,0.0
3724,O000235,2024-01-28 16:30:00,C00043,P0135,ST018,In-Store,2.0,,0.0,Cash,Returned,0.0
3725,O002805,2024-11-17 08:00:00,C00482,P0088,ST007,In-Store,1.0,10360.0,0.0,M-Pesa,Completed,0.0
3726,O001426,2024-06-27 19:20:00,C01233,P0060,ST007,In-Store,2.0,20160.0,0.0,M-Pesa,Completed,0.0
3727,O000825,2024-04-14 11:58:00,C01082,P0098,ST024,In-Store,1.0,10630.0,0.0,M-Pesa,Completed,0.0
3728,O005008,2025-06-27 14:06:00,C00066,P0009,ST004,In-Store,1.0,119240.0,0.0,Credit/Debit Card,Returned,0.0
3729,O004622,2025-05-17 10:18:00,C00077,P0080,ST099,Online,1.0,4980.0,0.15,M-Pesa,Cancelled,3.0
3730,O006417,2025-11-13 19:18:00,C00612,P0013,ST099,Online,3.0,30190.0,0.0,mpesa,Completed,1.0
3731,O006899,2025-12-18 16:01:00,,P0060,ST099,Online,2.0,20160.0,0.0,M-Pesa,RETURNED,5.0
3732,O005457,13/08/2025,C00292,P0010,ST008,In-Store,1.0,127120.0,0.0,M-Pesa,complete,0.0
3733,O006074,2025-10-13 10:17:00,C00506,P0091,ST024,In-Store,1.0,2270.0,0.0,Credit/Debit Card,Completed,0.0
3734,O005474,2025-08-15 09:20:00,C01168,P0031,ST099,Online,1.0,7910.0,0.0,Mpesa ,Returned,1.0
3735,O002726,2024-11-10 14:06:00,C00940,P0066,ST099,Online,1.0,1630.0,0.0,Bank Transfer,complete,5.0
3736,O004116,2025-03-24 13:00:00,C01162,P0056,ST010,In-Store,2.0,14270.0,0.0,Card,Completed,0.0
3737,O003574,2025-01-15 19:04:00,C00557,P0030,ST004,In-Store,2.0,62130.0,0.0,Mpesa,Completed,0.0
3738,O004366,2025-04-19 16:06:00,C01205,P0173,ST017,In-Store,1.0,19620.0,0.0,MPESA ,Completed,0.0
3739,O001286,2024-06-10 12:05:00,C01181,P0096,ST019,In-Store,1.0,6270.0,0.0,M-Pesa,Returned,0.0
3740,O003194,2024-12-16 16:00:00,C00291,P0151,ST099,Online,1.0,47660.0,0.0,m-pesa,Completed,3.0
3741,O005291,2025-07-28 10:27:00,C01054,P0168,ST023,In-Store,1.0,31350.0,0.0,airtel money,Completed,0.0
3742,O005149,2025-07-11 10:56:00,C00485,P0060,ST017,In-Store,1.0,20160.0,0.05,M-Pesa,Completed,0.0
3743,O003990,2025-03-10 09:39:00,C01229 ,P0058,ST001,In-Store,2.0,17000.0,0.0,M-Pesa,Completed,0.0
3744,O000479,2024-03-03 14:37:00,C00478,P0088,ST011,In-Store,1.0,10360.0,0.0,M-Pesa,Completed,0.0
3745,O004897,2025-06-14 15:43:00,C01205,P0152,ST016,In-Store,1.0,,0.15,Cash,Completed,0.0
3746,O002170,2024-09-16 08:32:00,C00795,P0151,ST099,Online,2.0,47660.0,0.0,mpesa,Completed,6.0
3747,O000614,2024-03-21 11:40:00,C01061,P0107,ST003,In-Store,1.0,13230.0,0.05,M-Pesa,Completed,0.0
3748,O001831,2024-08-11 08:23:00,C01349,P0151,ST099,Online,1.0,47660.0,,Airtel Money,Completed,1.0
3749,O000049,2024-01-06 19:34:00,C01017,P0160,ST099,Online,1.0,52970.0,0.0,Airtel-Money,Completed,3.0
3750,O003339,2024-12-23 09:42:00,C00678,P0160,ST099,Online,1.0,52970.0,0.0,Credit/Debit Card,Completed,1.0
3751,O003608,2025-01-19 18:43:00,C00053,P0155,ST099,Online,1.0,13260.0,0.0,M-Pesa,Completed,6.0
3752,O000464,2024-03-02 13:28:00,C01267,P0079,ST024,In-Store,2.0,17060.0,0.0,M-Pesa,Completed,0.0
3753,O003590,2025-01-17 08:36:00,C01047,P0153,ST004 ,In-Store,1.0,58800.0,0.05,CASH,Completed,0.0
3754,O003357,2024-12-24 20:25:00,C00874,P0151,ST099,Online,1.0,47660.0,0.05,CASH,Completed,1.0
3755,O001602,2024-07-17 20:23:00,C00440,P0016,ST099,Online,2.0,38090.0,0.0,Mpesa,Completed,3.0
3756,O000738,2024-04-06 15:56:00,C00673,P0176,ST006,In-Store,2.0,10760.0,0.0,Mpesa ,Returned,0.0
3757,O000015,2024-01-03 13:40:00,C01082,P0171,ST099,Online,1.0,48310.0,0.1,M-Pesa,Completed,4.0
3758,O001910,2024-08-19 10:48:00,C00989,P0010,ST099,Online,1.0,127120.0,0.2,M-Pesa,Returned,3.0
3759,O003904,2025-02-28 10:58:00,C00448,P0076,ST005,In-Store,1.0,14080.0,0.0,M-Pesa,Completed,0.0
3760,O005704,2025-09-07 19:48:00,C00247,P0146,ST099,Online,1.0,29570.0,0.0,Cash,Completed,1.0
3761,O003537,2025-01-10 13:05:00,C00365,P0061,ST010,In-Store,1.0,19410.0,0.0,M-Pesa,Completed,0.0
3762,O000685,2024-03-30 20:10:00,C01085,P0159,ST019,In-Store,1.0,14960.0,0.0,Cash,Completed,0.0
3763,O004572,2025-05-10 16:43:00,C00026,P0096,ST007,In-Store,1.0,6270.0,0.0,Bank Transfer,Completed,0.0
3764,O006547,2025-11-25 10:00:00,C00210,P0041,ST018,In-Store,1.0,83810.0,0.0,Cash,Completed,0.0
3765,O005242,2025-07-22 18:11:00,C00995,P0197,ST012,In-Store,1.0,22390.0,,M-Pesa,Returned,0.0
3766,O002246,2024-09-24 15:37:00,C01091,P0139,ST099,Online,1.0,6700.0,0.1,M-Pesa,Returned,1.0
3767,O002780,2024-11-15 09:55:00,C00900,P0071,ST099,Online,1.0,4850.0,0.0,M-Pesa,Completed,3.0
3768,O003892,2025-02-27 09:26:00,C01233,P0088,ST023,In-Store,1.0,10360.0,0.0,M-Pesa,Completed,0.0
3769,O000563,2024-03-15 10:01:00,C00550,P0165,ST009,In-Store,1.0,45630.0,0.0,M-PESA,Completed,0.0
3770,O006956,2025-12-20 17:19:00,C01256,P0013,ST007,In-Store,3.0,30190.0,0.05,M-PESA,Completed,0.0
3771,O001457,2024-06-30 13:11:00,C00060,P0070 ,ST014,In-Store,1.0,18010.0,0.15,M-Pesa,Returned,0.0
3772,O006010,2025-10-08 17:19:00,C01219,P0068,ST099,Online,1.0,1250.0,0.0,M pesa,Returned,4.0
3773,O004799,2025-06-03 14:07:00,C01331,P0061,ST012,In-Store,1.0,19410.0,0.0,M-Pesa,Completed,0.0
3774,O003764,2025-02-09 10:16:00,C00633,P0079,ST099,Online,1.0,17060.0,0.0,MPESA ,Completed,4.0
3775,O005502,2025-08-17 20:52:00,C00767,P0168,ST014,In-Store,1.0,31350.0,0.0,Mpesa ,Completed,0.0
3776,O004581,2025-05-11 09:05:00,,P0039,ST012,In-Store,1.0,75080.0,0.0,M-PESA,Completed,0.0
3777,O005959,2025-10-04 20:31:00,C00507,P0013,ST099,Online,1.0,30190.0,0.0,M-Pesa,Completed,2.0
3778,O004044,2025-03-17 16:38:00,C00228,P0122,ST099,Online,4.0,1050.0,0.0,credit card,Completed,6.0
3779,O003011,2024-12-04 18:48:00,C00261 ,P0074,ST023,In-Store,1.0,1880.0,0.0,Airtel Money,Completed,0.0
3780,O003107,2024-12-10 12:20:00,C00478,P0091,ST099,Online,2.0,2270.0,0.0,Cash,Completed,1.0
3781,O001324,2024-06-15 14:28:00,C00639,P0098,ST016,In-Store,1.0,10630.0,0.0,M-Pesa,Returned,0.0
3782,O000258,2024-02-01 18:50:00,C00076,P0025,ST099,Online,1.0,53630.0,0.0,Cash,Completed,3.0
3783,O007085,2025-12-27 13:32:00,C00841,P0058,ST016,In-Store,1.0,17000.0,0.0,Bank Transfer,Returned,0.0
3784,O004457,2025-04-28 16:22:00,C00399,P0030,ST001,In-Store,1.0,62130.0,0.0,cash ,COMPLETED,0.0
3785,O002062,2024-09-04 16:53:00,C00611,P0125,ST012,In-Store,1.0,5710.0,0.0,Cash,Completed,0.0
3786,O000140,2024-01-17 19:25:00,C00351,P0104,ST010,In-Store,1.0,3780.0,0.0,M-Pesa,complete,0.0
3787,O004670,2025-05-21 14:01:00,C00086,P0152,ST005,In-Store,1.0,11580.0,0.0,M-Pesa,complete,0.0
3788,O000532,2024-03-10 10:50:00,C00689,P0058,ST099,Online,1.0,17000.0,0.1,AIRTEL MONEY,Completed,2.0
3789,O003171,2024-12-15 16:57:00,C00480,P0188,ST007,In-Store,1.0,10310.0,0.0,Cash,Completed,0.0
3790,O000083,2024-01-11 15:30:00,C00636,P0012,ST017,In-Store,1.0,130340.0,0.0,M-Pesa,Completed,0.0
3791,O006424,2025-11-14 17:06:00,C01162,P0152,ST099,Online,1.0,11580.0,0.0,Mpesa ,Completed,3.0
3792,O006575,2025-11-27 15:37:00,C00395,P0013,ST099,Online,1.0,30190.0,,Airtel Money,Completed,3.0
3793,O006635,2025-12-02 14:27:00,C00242,P0148,ST021,In-Store,1.0,32090.0,0.0,Mpesa ,Returned,0.0
3794,O000004,2024-01-02 11:56:00,C00655,P0062,ST017,In-Store,1.0,20210.0,0.0,M-Pesa,Returned,0.0
3795,O002507,2024-10-20 12:50:00,C00366,P0148,ST022,In-Store,1.0,32090.0,0.0,Mpesa ,complete,0.0
3796,O004133,2025-03-26 09:14:00,C00655,P0060,ST014,In-Store,1.0,,0.0,Airtel Money,Completed,0.0
3797,O007073,2025-12-26 13:26:00,C00402,P0146,ST023,In-Store,2.0,,0.0,Mpesa ,Completed,0.0
3798,O005789,2025-09-16 10:42:00,C00410,P0091,ST099,Online,2.0,2270.0,0.0,M-Pesa,Completed,1.0
3799,O001924,2024-08-20 18:58:00,C00274,P0061,ST024,In-Store,2.0,19410.0,0.0,Credit/Debit Card,Completed,0.0
3800,O000519,2024-03-08 11:57:00,C01162,P0042,ST001,In-Store,1.0,123680.0,0.0,M-Pesa,Completed,0.0
3801,O005970,2025-10-05 18:03:00,C00553,P0135,ST011,In-Store,1.0,3510.0,0.0,M-Pesa,Completed,0.0
3802,O006169,2025-10-24 09:12:00,C00834,P0086,ST007,In-Store,1.0,19730.0,0.05,Bank Transfer,Completed,0.0
3803,O005042,2025-07-01 17:33:00,C01252,P0156,ST099,Online,1.0,30350.0,0.0,M-Pesa,Completed,3.0
3804,O003271,2024-12-20 16:05:00,C01303,P0104,ST001,In-Store,1.0,3780.0,0.15,Cash,Completed,0.0
3805,O004149,2025-03-28 12:33:00,C00288,P0061,ST099,Online,1.0,19410.0,0.05,Bank Transfer,Returned,3.0
3806,O004825,2025-06-07 13:45:00,C01248,P0086,ST099,Online,1.0,19730.0,0.0,mpesa,Completed,5.0
3807,O002390,2024-10-10 16:59:00,C00486,P0010,ST007,In-Store,1.0,127120.0,0.0,airtel money,Completed,0.0
3808,O002722,2024-11-10 14:49:00,C00403,P0197,ST099,Online,1.0,22390.0,0.0,Mpesa,Completed,6.0
3809,O001672,2024-07-24 19:23:00,C00318,P0058,ST099,Online,2.0,17000.0,0.0,Cash,Completed,3.0
3810,O004515,2025-05-04 18:06:00,C00080,P0058,ST099,Online,1.0,17000.0,0.0,Bank Transfer,Completed,5.0
3811,O002400,2024-10-11 08:27:00,C00699,P0010,ST011,In-Store,,127120.0,0.0,AIRTEL MONEY,Completed,0.0
3812,O007114,30/12/2025,C00890,P0080,ST022,In-Store,1.0,4980.0,0.0,Bank Transfer,completed,0.0
3813,O003442,2024-12-29 19:33:00,C00938,P0163,ST099,Online,1.0,41210.0,0.0,MPESA ,returned,1.0
3814,O003692,2025-01-30 14:29:00,C01227,P0005,ST099,Online,1.0,18960.0,0.0,cash ,COMPLETED,4.0
3815,O003150,2024-12-14 12:28:00,C00836,P0064,ST012,In-Store,1.0,6160.0,0.05,Credit/Debit Card,Completed,0.0
3816,O000582,2024-03-17 11:11:00,C00043,P0189,ST099,Online,1.0,32140.0,0.0,M-Pesa,Completed,3.0
3817,O000164,2024-01-21 15:20:00,C01266,P0158,ST016,In-Store,2.0,36400.0,0.0,Credit/Debit Card,Cancelled,0.0
3818,O004987,2025-06-25 09:20:00,C00719,P0056,ST010,In-Store,1.0,14270.0,0.0,Cash,complete,0.0
3819,O006533,2025-11-24 14:26:00,C00757,P0183,ST099,Online,1.0,39320.0,0.0,M-Pesa,Completed,1.0
3820,O002378,2024-10-09 19:00:00,C00761,P0032,ST099,Online,1.0,112270.0,0.0,debit card,Completed,2.0
3821,O001485,2024-07-04 13:56:00,C00742,P0056,ST009,In-Store,1.0,14270.0,0.0,Bank Transfer,Completed,0.0
3822,O004170,2025-03-30 17:18:00,C00330,P0179,ST012,In-Store,2.0,40350.0,0.0,M-Pesa,Completed,0.0
3823,O004551,2025-05-08 17:04:00,C00988,P0024,ST012,In-Store,1.0,85100.0,0.0,credit card,Completed,0.0
3824,O006727,2025-12-08 08:51:00,C00087,P0011,ST021,In-Store,1.0,25490.0,0.15,M-Pesa,Completed,0.0
3825,O006441,2025-11-15 13:20:00,C01016,P0018,ST099,Online,1.0,79380.0,0.0,CARD,Returned,4.0
3826,O004588,12-May-2025,C01294,P0156,ST099,Online,1.0,30350.0,0.0,Bank Transfer,Completed,4.0
3827,O006266,2025-11-01 14:10:00,C00820,P0062,ST015,In-Store,1.0,,0.0,M-Pesa,Completed,0.0
3828,O002814,2024-11-18 20:42:00,,P0003,ST011,In-Store,3.0,26210.0,0.0,M-Pesa,Completed,0.0
3829,O004750,2025-05-29 13:20:00,C00561,P0024,ST021,In-Store,2.0,85100.0,0.0,M-Pesa,Completed,0.0
3830,O005969,2025-10-04 15:32:00,C01100,P0110,ST099,Online,1.0,9580.0,0.0,Card,Completed,6.0
3831,O002174,2024-09-16 16:34:00,C00400,P0050,ST012,In-Store,1.0,1870.0,0.0,CASH,Completed,0.0
3832,O002911,2024-11-26 08:40:00,,P0194,ST099,Online,1.0,24550.0,0.0,M pesa,Completed,3.0
3833,O002424,2024-10-13 10:42:00,C00793,P0163,ST016,In-Store,1.0,41210.0,0.0,M-Pesa,Completed,0.0
3834,O001034,2024-05-10 16:02:00,C00636,P0094,ST002,In-Store,1.0,7010.0,0.0,M-Pesa,Completed,0.0
3835,O003065,2024-12-08 09:59:00,C00436,P0160,ST002,In-Store,1.0,52970.0,0.05,M-Pesa,Returned,0.0
3836,O006493,2025-11-20 16:12:00,C00380,P0029,ST099,Online,1.0,114610.0,0.0,M-PESA,Completed,6.0
3837,O006033,2025-10-10 17:17:00,C01201,P0070,ST099,Online,1.0,18010.0,0.0,Credit/Debit Card,Completed,6.0
3838,O002010,2024-08-30 09:22:00,C00257,P0151,ST012,In-Store,1.0,47660.0,0.0,Mpesa,completed,0.0
3839,O001108,2024-05-18 18:26:00,C00966,P0061,ST008,In-Store,1.0,19410.0,0.0,M-Pesa,Returned,0.0
3840,O003078,2024-12-08 10:06:00,C00997,P0163,ST099,Online,1.0,41210.0,0.05,M-Pesa,Completed,6.0
3841,O004153,2025-03-28 19:09:00,C01188,P0175,ST099,Online,1.0,15740.0,0.0,M-Pesa,Completed,5.0
3842,O005050,2025-07-02 08:18:00,C00130,P0102,ST099 ,Online,1.0,5210.0,0.0,M pesa,COMPLETED,6.0
3843,O002117,2024-09-11 19:18:00,C00049,P0168,ST099,Online,1.0,31350.0,0.0,mpesa,Completed,5.0
3844,O004287,2025-04-12 20:21:00,C00494,P0188,ST006,In-Store,1.0,10310.0,0.0,m-pesa,Completed,0.0
3845,O001174,2024-05-26 16:20:00,C00344,P0096,ST023,In-Store,1.0,6270.0,0.0,M pesa,completed,0.0
3846,O002707,2024-11-09 15:31:00,C00184,P0013,ST099,Online,2.0,30190.0,0.0,M-Pesa,Completed,4.0
3847,O003964,2025-03-07 12:40:00,C00520,P0096,ST013,In-Store,3.0,6270.0,0.0,Cash,Completed,0.0
3848,O001689,2024-07-26 15:56:00,C00573,P0146,ST011,In-Store,1.0,29570.0,0.0,Airtel Money,Completed,0.0
3849,O001298,2024-06-12 12:26:00,,P0012,ST009,In-Store,2.0,130340.0,0.0,M-Pesa,Completed,0.0
3850,O003548,2025-01-12 11:03:00,C01033,P0128,ST099,Online,1.0,13910.0,0.0,Cash,Returned,2.0
3851,O005172,2025-07-13 10:34:00,C00769,P0091,ST019,In-Store,1.0,2270.0,0.0,M-Pesa,Completed,0.0
3852,O005844,2025-09-23 14:16:00,C01234,P0017,ST001,In-Store,2.0,123410.0,0.0,Credit/Debit Card,completed,0.0
3853,O000874,2024-04-20 14:54:00,C00113,P0096,ST099,Online,2.0,6270.0,0.0,M-Pesa,Completed,5.0
3854,O004148,2025-03-28 20:34:00,C00271,P0108,ST012,In-Store,1.0,14950.0,0.0,M-Pesa,Completed,0.0
3855,O000462,2024-03-02 20:00:00,C00545,P0155,ST004,In-Store,1.0,13260.0,0.05,M-Pesa,Completed,0.0
3856,O004964,2025-06-23 10:37:00,C01177,P0176,ST010,In-Store,1.0,10760.0,0.0,M-Pesa,Completed,0.0
3857,O004896,2025-06-14 11:08:00,C01343,P0156,ST021,In-Store,1.0,30350.0,0.2,M-Pesa,Completed,0.0
3858,O001121,2024-05-19 18:04:00,C00743,P0104,ST099,Online,1.0,3780.0,0.0,Cash,Completed,2.0
3859,O005629,2025-08-30 13:51:00,C01082,P0103,ST099,Online,2.0,15070.0,0.0,cash,COMPLETED,6.0
3860,O000385,2024-02-21 12:14:00,C00766,P0160,ST004,In-Store,2.0,52970.0,0.0,Cash,Completed,0.0
3861,O005066,2025-07-04 16:01:00,C00207,P0156,ST015,In-Store,1.0,30350.0,0.0,M-Pesa,returned,0.0
3862,O004382,2025-04-20 08:20:00,C00973,P0086,ST017,In-Store,1.0,19730.0,0.0,cash,Completed,0.0
3863,O000930,2024-04-26 08:55:00,C00542,P0066,ST008,In-Store,1.0,1630.0,0.0,CASH,Completed,0.0
3864,O006721,2025-12-08 15:06:00,C00548,P0062,ST099,Online,1.0,20210.0,0.05,cash,Completed,1.0
3865,O003983,2025-03-09 13:03:00,C00490,P0032,ST099,Online,2.0,112270.0,0.0,Mpesa ,Completed,5.0
3866,O000373,2024-02-18 09:54:00,C00155,P0125,ST023,In-Store,1.0,5710.0,0.0,cash,Completed,0.0
3867,O001888,2024-08-17 15:08:00,C00290,P0194,ST099,Online,1.0,24550.0,0.0,Cash,Completed,1.0
3868,O000109,2024-01-14 18:01:00,C00319,P0025,ST099,Online,1.0,53630.0,0.0,M-Pesa,Returned,2.0
3869,O004186,2025-03-30 19:18:00,C00379,P0074,ST023,In-Store,1.0,1880.0,0.0,M-Pesa,Completed,0.0
3870,O000631,2024-03-23 18:02:00,C01204,P0062,ST008,In-Store,2.0,20210.0,0.0,M-Pesa,Completed,0.0
3871,O004605,2025-05-14 18:32:00,C00861,P0091,ST099,Online,3.0,2270.0,,mpesa,Completed,2.0
3872,O004126,2025-03-25 08:30:00,C00910,P0165,ST099,Online,2.0,45630.0,0.0,CARD,Completed,5.0
3873,O001712,2024-07-28 17:08:00,C00827,P0196,ST006,In-Store,2.0,20930.0,0.0,Cash,Completed,0.0
3874,O003976,2025-03-08 16:08:00,C00701,P0062,ST005,In-Store,1.0,20210.0,0.0,M-Pesa,Completed,0.0
3875,O002699,2024-11-08 19:02:00,C01060,P0139,ST099,Online,2.0,6700.0,0.1,M pesa,Completed,4.0
3876,O005170,2025-07-13 19:07:00,C00456,P0023,ST099,Online,1.0,,0.0,Cash,Cancelled,1.0
3877,O004973,2025-06-24 09:24:00,C01015,P0060,ST099,Online,1.0,20160.0,0.0,M-Pesa,Completed,3.0
3878,O002147,2024-09-14 19:56:00,C00318,P0033,ST019,In-Store,1.0,103260.0,0.0,CARD,Completed,0.0
3879,O003912,2025-03-01 15:59:00,C00505,P0107,ST012,In-Store,2.0,13230.0,0.2,CASH,Returned,0.0
3880,O004641,2025-05-19 09:27:00,C01079,P0189,ST099,Online,1.0,32140.0,0.0,Bank Transfer,Completed,1.0
3881,O003905,2025-02-28 11:02:00,C01323,P0056,ST021,In-Store,3.0,14270.0,0.0,Airtel Money,Completed,0.0
3882,O001217,2024-06-01 13:32:00,C00014,P0060,ST099,Online,1.0,20160.0,0.0,M pesa,Completed,1.0
3883,O004199,02-Apr-2025,C00722,P0056,ST022,In-Store,1.0,14270.0,0.0,Cash,Returned,0.0
3884,O000666,2024-03-26 20:34:00,C01186,P0056,ST099,Online,1.0,14270.0,0.0,mpesa,Completed,5.0
3885,O004541,07/05/2025,C00388,P0037,ST099,Online,1.0,42380.0,0.0,m-pesa,Completed,6.0
3886,O002188,2024-09-19 15:32:00,C00144,P0165,ST021,In-Store,1.0,45630.0,0.0,Airtel Money,Completed,0.0
3887,O003718,2025-02-03 19:58:00,C01037,P0188,ST018,In-Store,2.0,10310.0,0.1,Credit/Debit Card,Completed,0.0
3888,O006664,2025-12-04 09:09:00,C00921,P0051,ST015,In-Store,1.0,20210.0,0.25,M-Pesa,complete,0.0
3889,O000297,2024-02-07 10:22:00,C00471,P0009,ST021,In-Store,1.0,119240.0,0.05,Airtel Money,Completed,0.0
3890,O005241,2025-07-22 17:06:00,C00676,P0080,ST099,Online,2.0,4980.0,0.0,AIRTEL MONEY,Completed,6.0
3891,O001572,2024-07-13 09:05:00,C00191,P0165,ST010,In-Store,1.0,45630.0,0.0,M-Pesa,Completed,0.0
3892,O002372,2024-10-08 18:28:00,C00864,P0168,ST008,In-Store,1.0,31350.0,0.0,Airtel Money,Completed,0.0
3893,O006603,2025-11-29 15:12:00,C01076,P0146,ST019,In-Store,1.0,29570.0,0.0,Airtel-Money,Completed,0.0
3894,O005928,2025-10-01 15:02:00,C00447,P0183,ST005,In-Store,1.0,39320.0,0.0,M-Pesa,Completed,0.0
3895,O004259,2025-04-08 19:38:00,C01247,P0125,ST099,Online,1.0,5710.0,0.0,credit card,Completed,6.0
3896,O003006,2024-12-03 11:08:00,C01265,P0136,ST099,Online,1.0,1510.0,0.15,mpesa,Completed,2.0
3897,O004130,2025-03-26 20:59:00,C01034,P0056,ST099,Online,2.0,14270.0,,M-Pesa,returned,6.0
3898,O006846,2025-12-16 15:49:00,C00871,P0165,ST099,Online,1.0,45630.0,0.0,M-Pesa,Completed,3.0
3899,O002144,2024-09-14 12:03:00,C01042,P0134,ST015,In-Store,1.0,3150.0,0.1,M-Pesa,Completed,0.0
3900,O006728,2025-12-08 12:48:00,C01054,P0042,ST099,Online,1.0,123680.0,,MPESA ,Completed,5.0
3901,O001206,2024-05-31 15:11:00,C00130,P0112,ST006,In-Store,2.0,9880.0,0.0,Cash,Completed,0.0
3902,O001639,2024-07-20 11:12:00,C00795,P0196,ST099,Online,2.0,20930.0,0.1,Cash,COMPLETED,5.0
3903,O002629,2024-11-02 10:12:00,C01346,P0188,ST003,In-Store,1.0,10310.0,0.0,M-Pesa,complete,0.0
3904,O005695,2025-09-06 19:15:00,C00778,P0173,ST099,Online,1.0,19620.0,0.0,M-Pesa,Completed,6.0
3905,O003851,2025-02-21 17:53:00,C00356,P0010,ST012,In-Store,2.0,127120.0,0.0,Bank Transfer,Completed,0.0
3906,O003954,2025-03-06 12:19:00,C01290,P0024,ST099,Online,2.0,85100.0,0.0,Mpesa ,Completed,2.0
3907,O003732,2025-02-05 09:18:00,C01303,P0162,ST011,In-Store,2.0,42760.0,0.0,M-PESA,COMPLETED,0.0
3908,O006211,2025-10-27 18:16:00,C00330,P0107,ST009,In-Store,1.0,13230.0,0.0,Airtel Money,Completed,0.0
3909,O006978,21-Dec-2025,C00731,P0196,ST020,In-Store,1.0,20930.0,0.0,Credit/Debit Card,Completed,0.0
3910,O003265,2024-12-20 17:27:00,C00707,P0158,ST099,Online,1.0,36400.0,0.0,M-Pesa,Completed,4.0
3911,O005965,2025-10-04 16:06:00,C01030,P0169,ST099,Online,2.0,57960.0,0.05,M-Pesa,Completed,5.0
3912,O003382,2024-12-26 10:30:00,C00971,P0138,ST099,Online,1.0,4780.0,0.0,M-Pesa,Completed,5.0
3913,O005449,2025-08-12 20:22:00,C00103,P0036,ST004,In-Store,1.0,82830.0,,Airtel Money,RETURNED,0.0
3914,O003750,2025-02-08 08:40:00,C00405,P0160,ST022,In-Store,1.0,52970.0,0.0,CARD,Returned,0.0
3915,O006683,2025-12-05 19:34:00,C01142,P0071,ST099,Online,1.0,4850.0,0.0,M-Pesa,Completed,4.0
3916,O006758,2025-12-10 10:42:00,C01057,P0096,ST099,Online,1.0,6270.0,0.1,Mpesa ,Completed,2.0
3917,O001854,2024-08-13 12:57:00,C01257,P0152,ST099,Online,1.0,11580.0,0.15,M-Pesa,Completed,6.0
3918,O005178,2025/07/14,C01215,P0023,ST099,Online,2.0,122960.0,0.0,cash ,Completed,2.0
3919,O006348,2025-11-08 16:12:00,C00152,P0063,ST099,Online,1.0,1440.0,0.0,Credit/Debit Card,Completed,2.0
3920,O001985,2024-08-28 08:00:00,C00755,P0151,ST009,In-Store,1.0,47660.0,0.0,Card,Returned,0.0
3921,O002469,2024-10-18 08:10:00,C00002,P0005,ST015,In-Store,3.0,18960.0,0.0,M-Pesa,Completed,0.0
3922,O006522,2025-11-23 08:37:00,C00920,P0166,ST013,In-Store,1.0,36200.0,0.0,M-Pesa,Completed,0.0
3923,O006581,2025-11-28 08:30:00,C01054,P0158,ST012,In-Store,1.0,,0.0,Bank Transfer,Completed,0.0
3924,O003915,2025-03-02 09:56:00,C00361,P0001,ST002,In-Store,1.0,85060.0,,Bank Transfer,Completed,0.0
3925,O003450,2024-12-30 15:37:00,C00565,P0160,ST005,In-Store,1.0,52970.0,0.05,M-Pesa,Cancelled,0.0
3926,O000461,2024-03-02 08:47:00,C00219,P0150,ST022,In-Store,2.0,32640.0,,M-Pesa,Returned,0.0
3927,O002807,2024-11-17 17:16:00,C01147,P0070,ST099,Online,1.0,18010.0,0.05,Cash,Completed,5.0
3928,O003292,2024-12-21 12:56:00,C00699,P0160,ST099,Online,1.0,52970.0,0.0,mpesa,Completed,3.0
3929,O005862,2025-09-25 15:04:00,C00390,P0056,ST099,Online,1.0,14270.0,0.0,Mpesa,Completed,3.0
3930,O005990,2025-10-07 17:43:00,C00674,P0070,ST015,In-Store,1.0,18010.0,0.0,Credit/Debit Card,Completed,0.0
3931,O005734,2025-09-10 20:03:00,C00147 ,P0171,ST099,Online,1.0,48310.0,0.0,Credit/Debit Card,Completed,1.0
3932,O005667,2025-09-03 12:07:00,C00150,P0063,ST001,In-Store,1.0,1440.0,0.1,airtel money,Completed,0.0
3933,O002803,17/11/2024,C00636,P0192,ST022,In-Store,1.0,34850.0,0.0,Credit/Debit Card,Completed,0.0
3934,O005013,2025-06-28 19:31:00,C00503,P0012,ST099,Online,2.0,130340.0,0.0,Bank Transfer,Completed,3.0
3935,O000387,2024-02-21 18:53:00,C00224,P0010,ST099,Online,1.0,127120.0,0.0,mpesa,Completed,5.0
3936,O006460,2025-11-17 12:50:00,C00626,P0135,ST005,In-Store,1.0,3510.0,0.0,Bank Transfer,Completed,0.0
3937,O003515,2025-01-07 16:50:00,C00197,P0012,ST015,In-Store,1.0,130340.0,0.05,Airtel Money,Returned,0.0
3938,O005285,2025-07-27 19:08:00,C01328,P0056,ST099,Online,1.0,14270.0,0.0,M-Pesa,Returned,1.0
3939,O001754,2024-08-01 11:23:00,C00404,P0032,ST016,In-Store,2.0,112270.0,0.0,M-Pesa,Completed,0.0
3940,O002599,2024-10-30 12:05:00,C00022,P0151,ST099,Online,1.0,47660.0,0.05,M-Pesa,Completed,2.0
3941,O005562,2025-08-23 10:09:00,C00476,P0160,ST020,In-Store,1.0,52970.0,0.0,M-Pesa,Completed,0.0
3942,O002692,2024-11-08 11:59:00,C00213,P0148,ST022,In-Store,1.0,,0.0,Mpesa ,Completed,0.0
3943,O001415,2024-06-25 16:10:00,C00008,P0152,ST022,In-Store,1.0,11580.0,0.1,Cash,Completed,0.0
3944,O001168,2024-05-26 13:40:00,C00522,P0171,ST099,Online,3.0,48310.0,0.0,M-Pesa,complete,5.0
3945,O003147,2024-12-14 13:48:00,,P0061,ST010,In-Store,1.0,19410.0,0.0,M-Pesa,completed,0.0
3946,O006989,2025-12-22 10:32:00,C00930,P0135,ST024,In-Store,1.0,3510.0,0.0,CASH,Completed,0.0
3947,O005982,2025-10-06 17:59:00,C00701,P0160,ST099,Online,1.0,52970.0,0.0,M-Pesa,Completed,2.0
3948,O003620,2025-01-21 16:27:00,C00646,P0179,ST002,In-Store,2.0,40350.0,0.0,M-PESA,Completed,0.0
3949,O007002,2025-12-22 13:44:00,C00382,P0074,ST003,In-Store,1.0,1880.0,,Mpesa,Completed,0.0
3950,O006513,2025-11-22 11:23:00,C00492,P0091,ST023,In-Store,1.0,2270.0,0.0,MPESA ,Returned,0.0
3951,O006017,2025-10-09 19:40:00,C00799,P0061,ST011,In-Store,1.0,19410.0,0.0,M-Pesa,Completed,0.0
3952,O006825,2025-12-15 13:50:00,C01257,P0191,ST099,Online,2.0,20900.0,0.1,Cash,Completed,1.0
3953,O002517,2024-10-21 14:54:00,C00419,P0144,ST099,Online,1.0,30700.0,0.0,Mpesa ,complete,4.0
3954,O002444,2024-10-14 11:08:00,C00848,P0163,ST012,In-Store,1.0,41210.0,0.0,M-Pesa,COMPLETED,0.0
3955,O003057,2024-12-07 08:35:00,C00108,P0109,ST004,In-Store,1.0,6990.0,0.05,Bank Transfer,Returned,0.0
3956,O002538,2024-10-23 09:38:00,C01321,P0191,ST099,Online,1.0,20900.0,0.0,Mpesa ,Cancelled,6.0
3957,O002972,2024-12-01 08:31:00,C01262,P0020,ST099,Online,2.0,10070.0,0.1,M-Pesa,Completed,6.0
3958,O007058,2025-12-25 19:04:00,C00878,P0030,ST099,Online,1.0,62130.0,0.05,Cash,Completed,4.0
3959,O002472,2024-10-18 20:13:00,C00344,P0059,ST001,In-Store,1.0,16280.0,0.0,Mpesa,Completed,0.0
3960,O002564,2024-10-26 15:32:00,C00438,P0060,ST016,In-Store,2.0,20160.0,0.0,debit card,Completed,0.0
3961,O001934,2024-08-22 20:06:00,C00571,P0013,ST002,In-Store,2.0,30190.0,0.0,Airtel Money,Completed,0.0
3962,O000565,2024-03-15 18:24:00,C01214,P0012,ST099,Online,3.0,130340.0,0.0,M-Pesa,completed,4.0
3963,O005726,2025-09-09 11:52:00,C01309,P0158,ST099,Online,2.0,36400.0,0.0,cash ,Completed,4.0
3964,O001355,2024-06-18 12:27:00,C00392,P0023,ST013,In-Store,1.0,122960.0,0.0,M-Pesa,Completed,0.0
3965,O006082,2025-10-14 11:53:00,C00764,P0158,ST018,In-Store,1.0,36400.0,0.0,M-Pesa,Completed,0.0
3966,O000747,2024-04-07 08:29:00,C00155,P0091,ST011,In-Store,1.0,2270.0,0.0,Credit/Debit Card,Returned,0.0
3967,O000159,2024-01-20 17:46:00,C01065,P0174,ST099,Online,1.0,29840.0,0.0,Mpesa,Completed,3.0
3968,O000491,2024-03-05 12:17:00,C00202,P0040,ST099,Online,1.0,126140.0,0.0,M-Pesa,Completed,4.0
3969,O000348,2024-02-15 14:31:00,C00084,P0080,ST099,Online,1.0,4980.0,0.0,Cash,Completed,2.0
3970,O006611,2025-11-30 19:03:00,C00678,P0051,ST099,Online,2.0,20210.0,0.0,cash ,Completed,4.0
3971,O004488,2025-05-01 17:07:00,C00007,P0030,ST099,Online,1.0,62130.0,0.0,M-Pesa,Returned,5.0
3972,O001387,2024-06-22 17:26:00,C00080,P0025,ST021,In-Store,1.0,53630.0,0.1,Bank Transfer,Returned,0.0
3973,O001567,2024-07-12 13:28:00,C00116,P0053,ST099,Online,1.0,13410.0,0.0,debit card,Completed,4.0
3974,O001984,2024-08-28 13:56:00,C01036,P0162,ST099,Online,1.0,42760.0,0.0,M-PESA,Cancelled,3.0
3975,O004748,2025-05-29 17:18:00,C00053,P0135,ST016,In-Store,1.0,3510.0,,CASH,COMPLETED,0.0
3976,O002403,2024-10-11 14:31:00,,P0160,ST010,In-Store,3.0,52970.0,0.0,cash ,Returned,0.0
3977,O001517,2024-07-07 11:21:00,C00101,P0024,ST011,In-Store,1.0,85100.0,0.0,Cash,Returned,0.0
3978,O000801,2024-04-13 09:48:00,,P0086,ST099,Online,1.0,19730.0,0.0,M-Pesa,Completed,1.0
3979,O005304,2025-07-29 16:03:00,C00289,P0069,ST015,In-Store,1.0,20690.0,0.0,Bank Transfer,completed,0.0
3980,O000637,23-Mar-2024,C01130,P0070,ST003,In-Store,1.0,18010.0,0.0,M-Pesa,Completed,0.0
3981,O000352,2024-02-15 19:42:00,C00399,P0188,ST099,Online,2.0,10310.0,0.0,Credit/Debit Card,COMPLETED,2.0
3982,O004892,2025-06-14 15:47:00,C01240,P0033,ST014,In-Store,1.0,103260.0,0.0,M-Pesa,Returned,0.0
3983,O006652,2025-12-02 11:21:00,C00161,P0053,ST009,In-Store,1.0,13410.0,,M-Pesa,Completed,0.0
3984,O004925,2025-06-18 17:45:00,C00136,P0096,ST099,Online,1.0,6270.0,0.0,Cash,Completed,3.0
3985,O006939,2025-12-20 12:27:00,C00448,P0013,ST003,In-Store,1.0,30190.0,0.15,MPESA ,Completed,0.0
3986,O004665,2025-05-21 16:40:00,C00299,P0053,ST099,Online,1.0,13410.0,0.0,Bank Transfer,Completed,1.0
3987,O006545,2025-11-25 19:35:00,C01293,P0151,ST004,In-Store,1.0,47660.0,,Credit/Debit Card,Returned,0.0
3988,O002891,2024-11-25 14:21:00,C00410,P0092,ST099,Online,2.0,2840.0,0.0,Mpesa ,Returned,3.0
3989,O000971,2024-05-02 20:32:00,C01235,P0109 ,ST099,Online,1.0,6990.0,0.0,M-Pesa,Completed,1.0
3990,O002740,2024-11-11 08:22:00,C00221,P0139,ST021,In-Store,1.0,6700.0,0.0,credit card,Completed,0.0
3991,O003100,2024-12-10 12:20:00,C01140 ,P0040,ST016,In-Store,1.0,126140.0,0.0,M-Pesa,Completed,0.0
3992,O000575,2024-03-17 18:45:00,C00552,P0091,ST008,In-Store,1.0,2270.0,0.0,Cash,Completed,0.0
3993,O001289,2024-06-10 19:24:00,C00162,P0018,ST009,In-Store,1.0,79380.0,0.0,Bank Transfer,Completed,0.0
3994,O006616,2025-11-30 17:00:00,C01055,P0166,ST099,Online,1.0,36200.0,0.0,Mpesa,Returned,3.0
3995,O006593,2025-11-29 20:50:00,C00505,P0018,ST099,Online,2.0,79380.0,0.0,mpesa,Completed,2.0
3996,O001378,2024-06-21 20:59:00,C00823,P0183,ST005,In-Store,1.0,39320.0,0.0,M-Pesa,Completed,0.0
3997,O006974,2025-12-21 13:35:00,C01181,P0024,ST099,Online,1.0,85100.0,0.2,M-Pesa,Returned,6.0
3998,O003496,2025-01-05 19:18:00,C00443,P0056,ST099,Online,1.0,14270.0,0.0,M-Pesa,Completed,4.0
3999,O005975,2025-10-05 09:11:00,C00980,P0160,ST005,In-Store,1.0,52970.0,0.0,credit card,Completed,0.0
4000,O000028,2024-01-04 08:19:00,C00464,P0028 ,ST099,Online,1.0,6690.0,0.0,Airtel Money,Completed,5.0
4001,O005177,2025-07-14 16:34:00,C00140,P0135,ST099,Online,2.0,3510.0,0.0,Card,Completed,3.0
4002,O002213,2024-09-21 18:26:00,C00096,P0135,ST099,Online,1.0,3510.0,0.0,Credit/Debit Card,Completed,4.0
4003,O002702,2024-11-09 19:43:00,C00420,P0178,ST099,Online,2.0,31250.0,0.0,M-Pesa,Completed,5.0
4004,O002999,2024-12-03 20:54:00,C00544 ,P0010,ST099,Online,1.0,127120.0,0.0,Credit/Debit Card,Cancelled,4.0
4005,O006132,2025-10-19 13:04:00,C00196,P0025,ST099,Online,1.0,53630.0,0.1,Airtel Money,Completed,6.0
4006,O004098,2025-03-23 17:56:00,C00520,P0198,ST020,In-Store,2.0,35160.0,0.0,MPESA ,Completed,0.0
4007,O002853,2024-11-21 13:56:00,C00666,P0172,ST099,Online,2.0,38980.0,0.0,Bank Transfer,Completed,1.0
4008,O006863,2025-12-16 13:59:00,C01097,P0062 ,ST008,In-Store,1.0,20210.0,0.0,Bank Transfer,completed,0.0
4009,O005661,2025-09-03 09:34:00,C00421,P0156,ST099,Online,1.0,30350.0,0.0,CARD,Completed,1.0
4010,O004872,2025-06-12 19:51:00,C00946,P0060,ST099,Online,1.0,20160.0,0.0,CASH,Completed,4.0
4011,O006798,2025/12/13,C00287,P0176,ST099,Online,1.0,10760.0,0.15,mpesa,Completed,3.0
4012,O000548,2024-03-12 15:10:00,C00326,P0161,ST011,In-Store,2.0,49910.0,0.0,credit card,Returned,0.0
4013,O002626,2024-11-02 15:21:00,C01258,P0121,ST018,In-Store,2.0,5670.0,0.1,M-Pesa,Completed,0.0
4014,O005352,2025-08-02 12:26:00,C00390,P0116,ST014,In-Store,1.0,13190.0,0.0,Credit/Debit Card,complete,0.0
4015,O006814,2025-12-14 09:36:00,C01192,P0138,ST012,In-Store,1.0,4780.0,0.0,M-Pesa,Completed,0.0
4016,O004514,04-May-2025,C00002,P0108,ST010,In-Store,1.0,14950.0,0.0,Bank Transfer,Completed,0.0
4017,O001154,2024-05-25 16:14:00,C01044,P0033,ST099,Online,2.0,103260.0,0.0,M-Pesa,Completed,2.0
4018,O002586,2024-10-29 20:55:00,C00018,P0135,ST018,In-Store,2.0,3510.0,0.0,Airtel Money,Completed,0.0
4019,O006209,2025-10-26 11:11:00,C00254,P0152,ST099,Online,1.0,11580.0,0.1,Cash,Completed,3.0
4020,O006144,2025-10-21 10:12:00,C00480,P0077,ST012,In-Store,1.0,7450.0,,Mpesa ,Completed,0.0
4021,O005090,2025-07-05 11:49:00,,P0176,ST099,Online,1.0,10760.0,0.0,Cash,Completed,2.0
4022,O005292,2025-07-28 15:03:00,C00499,P0084,ST006,In-Store,4.0,17830.0,,Card,Completed,0.0
4023,O006307,2025-11-04 14:36:00,C00824,P0024,ST099,Online,1.0,85100.0,0.0,cash ,Returned,6.0
4024,O005666,2025-09-03 12:51:00,C00408,P0162,ST099,Online,1.0,42760.0,0.0,M-Pesa,Cancelled,5.0
4025,O003346,2024-12-23 19:41:00,C01137,P0129 ,ST012,In-Store,1.0,10150.0,0.1,M-Pesa,Completed,0.0
4026,O005325,2025/07/30,C00668,P0179,ST099,Online,1.0,40350.0,0.0,Credit/Debit Card,Completed,4.0
4027,O005906,2025-09-28 12:44:00,C00150,P0123,ST017,In-Store,2.0,7870.0,0.0,Airtel Money,Completed,0.0
4028,O006945,2025-12-20 14:05:00,C00176,P0094,ST013,In-Store,1.0,7010.0,0.0,M-Pesa,Completed,0.0
4029,O005498,2025-08-17 08:16:00,C00420,P0125,ST099,Online,4.0,5710.0,0.0,M-Pesa,Completed,4.0
4030,O006070,2025-10-12 08:35:00,C00389,P0192,ST001,In-Store,4.0,34850.0,0.0,m-pesa,Completed,0.0
4031,O002860,2024-11-21 09:24:00,C01007,P0160,ST003,In-Store,1.0,52970.0,0.0,Card,returned,0.0
4032,O004101,2025-03-23 17:35:00,C00836,P0016,ST018,In-Store,2.0,,0.0,Cash,Completed,0.0
4033,O003974,2025-03-08 13:17:00,C01163,P0183,ST099,Online,2.0,39320.0,0.0,M-Pesa,Completed,3.0
4034,O004782,2025-06-01 20:26:00,C00295,P0160,ST003,In-Store,1.0,52970.0,0.0,Bank Transfer,Completed,0.0
4035,O003709,2025-02-02 09:01:00,C00244,P0062,ST099,Online,1.0,20210.0,0.0,M-Pesa,Completed,3.0
4036,O000006,2024-01-02 19:59:00,C00881,P0175,ST099,Online,1.0,15740.0,0.0,M-Pesa,Returned,5.0
4037,O006000,2025-10-08 08:21:00,C01210,P0096,ST099,Online,1.0,6270.0,0.0,M-PESA,Completed,1.0
4038,O006563,2025-11-26 11:39:00,C01220,P0056,ST014,In-Store,1.0,14270.0,0.0,Mpesa,Completed,0.0
4039,O001583,2024-07-14 10:48:00,C00731,P0160,ST007,In-Store,2.0,52970.0,0.0,airtel money,Completed,0.0
4040,O003832,2025-02-19 15:43:00,C00001,P0010,ST021,In-Store,2.0,127120.0,0.0,Airtel-Money,Completed,0.0
4041,O004325,2025-04-15 13:54:00,C00229,P0123,ST022,In-Store,1.0,7870.0,0.0,Card,Completed,0.0
4042,O006094,2025-10-15 17:39:00,C00594,P0148,ST006,In-Store,1.0,32090.0,0.0,Card,Completed,0.0
4043,O003878,2025-02-25 19:10:00,C00380,P0169,ST024,In-Store,1.0,57960.0,0.0,MPESA ,complete,0.0
4044,O002933,2024-11-28 15:05:00,C00044,P0160,ST099,Online,1.0,52970.0,0.0,M-Pesa,Completed,5.0
4045,O006251,2025-10-31 17:42:00,C00744,P0159,ST003,In-Store,2.0,14960.0,0.0,Card,Completed,0.0
4046,O005702,2025-09-07 08:18:00,C00147,P0061,ST099,Online,4.0,19410.0,0.0,M-PESA,Completed,6.0
4047,O005181,2025-07-15 16:05:00,C00038,P0018,ST099,Online,1.0,79380.0,0.1,Cash,Completed,6.0
4048,O002272,2024-09-28 08:27:00,C00627,P0112,ST099,Online,4.0,9880.0,0.0,M-Pesa,Returned,4.0
4049,O003700,2025-01-31 20:30:00,C01321,P0060,ST003,In-Store,2.0,20160.0,0.0,M-Pesa,Completed,0.0
4050,O006842,2025-12-16 13:31:00,C00050,P0040,ST099,Online,1.0,126140.0,0.1,Bank Transfer,completed,3.0
4051,O001783,2024-08-04 08:28:00,C00678,P0086,ST002,In-Store,3.0,19730.0,0.0,Cash,Completed,0.0
4052,O006245,2025-10-30 15:56:00,C01214,P0176,ST150,Online,1.0,10760.0,0.0,Bank Transfer,Completed,4.0
4053,O003884,2025-02-26 17:25:00,C01074 ,P0027,ST012,In-Store,1.0,26240.0,0.0,Bank Transfer,Cancelled,0.0
4054,O001534,2024-07-08 16:32:00,C01031,P0010,ST024,In-Store,1.0,127120.0,0.05,Credit/Debit Card,Completed,0.0
4055,O005530,2025-08-20 20:38:00,C00294,P0029,ST019,In-Store,1.0,114610.0,0.0,M-Pesa,Completed,0.0
4056,O003167,2024-12-15 09:07:00,C01159,P0034,ST099,Online,2.0,32600.0,0.0,Credit/Debit Card,Completed,1.0
4057,O002228,2024-09-22 19:15:00,C00086,P0114,ST099,Online,4.0,3720.0,0.0,M-PESA,Completed,4.0
4058,O000684,2024-03-30 19:18:00,,P0070,ST099,Online,1.0,18010.0,0.0,Bank Transfer,Completed,5.0
4059,O000127,2024-01-15 10:44:00,C00200,P0071,ST021,In-Store,1.0,4850.0,0.15,M-Pesa,Completed,0.0
4060,O003872,2025-02-24 17:12:00,C00137,P0178,ST008,In-Store,1.0,31250.0,0.0,Card,Returned,0.0
4061,O004190,2025-03-31 20:22:00,C00288,P0023,ST099,Online,1.0,122960.0,0.0,Airtel Money,Completed,2.0
4062,O005740,2025-09-10 15:08:00,C00229,P0169,ST099,Online,1.0,57960.0,0.0,Mpesa,Completed,3.0
4063,O002525,2024-10-22 18:02:00,C00453,P0135,ST099,Online,1.0,3510.0,0.0,M-Pesa,Completed,4.0
4064,O001467,2024-07-01 11:01:00,C00825,P0135,ST099,Online,1.0,3510.0,0.0,Airtel-Money,Completed,4.0
4065,O000239,2024-01-29 10:44:00,C00607,P0007,ST099,Online,1.0,46260.0,0.0,M-Pesa,Completed,1.0
4066,O001762,2024-08-02 09:05:00,C00556,P0188,ST011,In-Store,1.0,10310.0,,Airtel Money,COMPLETED,0.0
4067,O002293,2024-09-29 20:27:00,C00244,P0159,ST007,In-Store,2.0,14960.0,0.0,Airtel Money,Completed,0.0
4068,O000067,2024-01-09 19:06:00,C00347,P0125,ST011,In-Store,1.0,5710.0,0.0,M-PESA,Completed,0.0
4069,O002167,2024-09-16 18:51:00,C00299,P0028,ST008,In-Store,1.0,6690.0,0.0,M-Pesa,Completed,0.0
4070,O000549,2024-03-13 12:24:00,C01189,P0197,ST013,In-Store,1.0,22390.0,0.0,M-Pesa,Completed,0.0
4071,O004082,2025-03-21 08:50:00,C00739,P0003,ST002,In-Store,1.0,26210.0,0.2,Cash,Completed,0.0
4072,O001795,2024-08-05 16:04:00,C00108,P0148,ST005,In-Store,1.0,32090.0,0.1,Bank Transfer,Completed,0.0
4073,O007078,2025-12-27 17:45:00,C01233,P0096,ST002,In-Store,1.0,6270.0,0.0,MPESA ,Completed,0.0
4074,O003581,2025-01-16 14:24:00,C01091,P0104,ST099,Online,1.0,3780.0,0.0,Credit/Debit Card,Returned,5.0
4075,O005614,2025-08-29 13:35:00,C00496,P0056,ST008,In-Store,1.0,14270.0,0.0,mpesa,Completed,0.0
4076,O001750,2024-08-01 16:27:00,C00353,P0156,ST013,In-Store,1.0,30350.0,0.0,AIRTEL MONEY,Completed,0.0
4077,O002269,2024-09-27 16:47:00,C01321,P0173,ST099,Online,1.0,19620.0,0.0,M-Pesa,COMPLETED,3.0
4078,O005642,2025-08-31 12:03:00,C00342,P0139,ST099,Online,1.0,6700.0,0.0,Credit/Debit Card,Completed,4.0
4079,O005535,2025-08-21 15:53:00,C00387,P0098,ST005,In-Store,2.0,10630.0,0.05,M-Pesa,Completed,0.0
4080,O000732,2024-04-03 15:48:00,C00691,P0172,ST099,Online,2.0,38980.0,0.1,Credit/Debit Card,Completed,2.0
4081,O004802,2025-06-03 18:54:00,C01104,P0173,ST024,In-Store,1.0,19620.0,0.0,M-PESA,Completed,0.0
4082,O005598,2025-08-27 08:38:00,C01346,P0095,ST017,In-Store,1.0,4260.0,0.0,M-Pesa,Completed,0.0
4083,O003805,2025-02-15 08:26:00,C01161,P0123,ST016,In-Store,1.0,7870.0,0.0,M-Pesa,Completed,0.0
4084,O001104,2024-05-18 15:14:00,C00404,P0112,ST001,In-Store,1.0,9880.0,0.1,MPESA ,Completed,0.0
4085,O002724,2024-11-10 11:10:00,C00920,P0150,ST099,Online,1.0,32640.0,0.15,Credit/Debit Card,Completed,1.0
4086,O005585,2025-08-26 18:10:00,C00024,P0034,ST023,In-Store,2.0,32600.0,0.0,Credit/Debit Card,Completed,0.0
4087,O000113,2024-01-14 09:14:00,C00986,P0173,ST099,Online,1.0,19620.0,0.1,M-Pesa,Cancelled,4.0
4088,O004544,2025-05-08 11:59:00,C01191,P0176,ST099,Online,1.0,10760.0,0.0,M-Pesa,Completed,4.0
4089,O001612,2024-07-17 08:10:00,C00254,P0158,ST004,In-Store,1.0,36400.0,0.0,Airtel Money,Cancelled,0.0
4090,O000221,2024-01-27 20:54:00,C01015,P0160,ST001,In-Store,3.0,52970.0,0.0,cash,Completed,0.0
4091,O000547,2024-03-12 16:18:00,C00321,P0074,ST099,Online,1.0,1880.0,0.15,Cash,Completed,5.0
4092,O000920,2024-04-25 18:01:00,C00075,P0096,ST002,In-Store,1.0,6270.0,0.0,Cash,Completed,0.0
4093,O004781,2025-06-01 15:21:00,C00540,P0146,ST099,Online,1.0,29570.0,0.1,Credit/Debit Card,Completed,3.0
4094,O000277,2024-02-03 19:19:00,C00915,P0025,ST099,Online,1.0,53630.0,0.0,Bank Transfer,Returned,6.0
4095,O006540,2025-11-24 11:38:00,,P0116,ST099,Online,1.0,13190.0,0.0,MPESA ,Completed,3.0
4096,O006468,2025-11-18 14:04:00,C01328,P0009,ST099,Online,2.0,119240.0,0.0,M-Pesa,completed,1.0
4097,O005658,2025-09-02 15:38:00,C00228,P0080,ST003,In-Store,3.0,4980.0,0.0,Bank Transfer,Completed,0.0
4098,O005251,2025-07-23 09:33:00,C01121,P0189,ST024,In-Store,1.0,32140.0,0.2,M-Pesa,Completed,0.0
4099,O006384,2025-11-10 14:02:00,C01060,P0086,ST015,In-Store,1.0,19730.0,0.0,M-Pesa,complete,0.0
4100,O001082,2024-05-15 15:58:00,C01229,P0040,ST099,Online,1.0,126140.0,0.1,M-Pesa,Returned,2.0
4101,O002182,2024-09-18 11:46:00,C00002,P0139,ST006,In-Store,1.0,6700.0,0.0,Credit/Debit Card,Completed,0.0
4102,O002806,2024-11-17 10:01:00,C00686,P0012,ST019,In-Store,1.0,130340.0,0.05,Cash,complete,0.0
4103,O002199,2024-09-20 11:22:00,C00688,P0183,ST011,In-Store,1.0,39320.0,0.0,M-PESA,Completed,0.0
4104,O003907,2025-03-01 15:52:00,C01345,P0070,ST099,Online,4.0,18010.0,0.2,Cash,Completed,1.0
4105,O003814,2025-02-16 14:11:00,C00070,P0154,ST099,Online,3.0,14610.0,0.0,MPESA ,Completed,2.0
4106,O005555,2025-08-23 12:23:00,C00835,P0096,ST099,Online,1.0,6270.0,0.0,M-Pesa,Completed,4.0
4107,O001670,2024-07-23 14:43:00,C00469,P0008,ST099,Online,2.0,94740.0,,M-Pesa,Returned,2.0
4108,O006358,2025-11-08 13:04:00,C00469,P0155,ST021,In-Store,2.0,13260.0,0.0,M-Pesa,Completed,0.0
4109,O004915,2025-06-17 14:16:00,C01327,P0108,ST014,In-Store,1.0,14950.0,0.0,Cash,Completed,0.0
4110,O006107,2025-10-17 16:11:00,C00592,P0013,ST099,Online,1.0,30190.0,,Airtel money,Completed,2.0
4111,O000480,2024-03-04 16:43:00,C00479,P0160,ST099,Online,1.0,52970.0,0.0,M-Pesa,Returned,3.0
4112,O002405,2024-10-11 14:18:00,C01244,P0062,ST006,In-Store,1.0,20210.0,0.0,M-Pesa,Completed,0.0
4113,O000639,2024-03-23 18:05:00,C00546,P0010,ST021,In-Store,1.0,127120.0,0.0,M-Pesa,Completed,0.0
4114,O004051,2025-03-17 19:05:00,C01326,P0092,ST099,Online,1.0,2840.0,0.0,AIRTEL MONEY,Returned,6.0
4115,O002380,2024-10-09 12:55:00,C00667,P0174,ST020,In-Store,1.0,29840.0,0.0,M-Pesa,Completed,0.0
4116,O001857,2024-08-14 19:26:00,C00615,P0091,ST014,In-Store,2.0,2270.0,0.0,Cash,Completed,0.0
4117,O006319,2025-11-05 08:08:00,C01323,P0022,ST007,In-Store,1.0,63380.0,0.0,Credit/Debit Card,Completed,0.0
4118,O001686,2024-07-26 15:09:00,C01032,P0016,ST099,Online,2.0,38090.0,0.0,Credit/Debit Card,Completed,4.0
4119,O001434,2024-06-27 14:41:00,C00674,P0096,ST010,In-Store,1.0,6270.0,0.1,Bank Transfer,Completed,0.0
4120,O006387,2025-11-11 09:51:00,C00431,P0196,ST019,In-Store,2.0,20930.0,0.0,Card,Completed,0.0
4121,O001742,2024-07-31 10:08:00,,P0125,ST004,In-Store,1.0,5710.0,0.0,M-Pesa,completed,0.0
4122,O004721,2025-05-26 12:25:00,C00108,P0032,ST099,Online,1.0,112270.0,0.0,Mpesa,Completed,4.0
4123,O001843,2024-08-12 09:18:00,,P0008,ST099,Online,1.0,94740.0,0.1,credit card,Completed,2.0
4124,O003542,2025-01-10 08:26:00,C01114,P0135,ST009,In-Store,1.0,3510.0,0.0,mpesa,Completed,0.0
4125,O001982,2024-08-27 08:23:00,C00424,P0135,ST005,In-Store,1.0,3510.0,0.0,M-Pesa,Returned,0.0
4126,O003511,2025-01-06 14:31:00,C00514,P0024,ST099,Online,1.0,85100.0,0.0,Mpesa,Completed,2.0
4127,O001452,2024-06-29 13:00:00,C00741,P0020,ST007,In-Store,3.0,10070.0,0.0,Card,Completed,0.0
4128,O003630,2025-01-23 20:26:00,C00957,P0168,ST002,In-Store,1.0,31350.0,0.0,Credit/Debit Card,completed,0.0
4129,O002567,2024-10-27 19:05:00,C00078,P0158,ST099,Online,1.0,36400.0,0.1,Airtel Money,Completed,6.0
4130,O006189,2025-10-25 14:39:00,C00674,P0104,ST015,In-Store,1.0,3780.0,0.0,Bank Transfer,completed,0.0
4131,O002750,2024-11-12 10:44:00,C00549,P0135,ST099,Online,1.0,3510.0,0.1,Mpesa,Completed,6.0
4132,O003414,2024-12-28 11:06:00,C00737,P0159,ST099,Online,3.0,14960.0,0.05,Bank Transfer,completed,2.0
4133,O004495,2025-05-03 17:58:00,C00042,P0096,ST099,Online,1.0,,0.0,Card,Completed,1.0
4134,O002673,2024-11-06 16:25:00,C01106,P0118,ST021,In-Store,1.0,9190.0,0.0,Credit/Debit Card,Returned,0.0
4135,O005033,2025-06-30 13:10:00,C00170,P0160,ST011,In-Store,1.0,52970.0,0.0,M-Pesa,complete,0.0
4136,O005749,2025-09-12 13:40:00,C00484,P0171,ST021,In-Store,1.0,48310.0,0.0,Airtel Money,Completed,0.0
4137,O004807,2025-06-04 10:48:00,C00243,P0060,ST099,Online,2.0,20160.0,0.0,mpesa,Completed,1.0
4138,O005144,2025-07-10 09:51:00,C00185,P0027,ST018,In-Store,1.0,26240.0,0.0,M-Pesa,complete,0.0
4139,O004154,2025-03-29 15:42:00,C00906,P0188,ST017,In-Store,1.0,10310.0,0.0,M-Pesa,Completed,0.0
4140,O001553,2024-07-11 15:14:00,C00663,P0059,ST099,Online,,16280.0,0.0,Bank Transfer,Returned,1.0
4141,O006900,2025-12-18 13:19:00,C00357,P0183,ST099,Online,1.0,39320.0,0.0,M-Pesa,Completed,6.0
4142,O004281,2025-04-11 16:55:00,C01173,P0135,ST021,In-Store,1.0,3510.0,0.0,M-Pesa,Completed,0.0
4143,O003710,2025-02-02 09:15:00,C01217,P0198,ST019,In-Store,1.0,35160.0,0.0,M-Pesa,Completed,0.0
4144,O003592,2025-01-18 12:26:00,C01152,P0060,ST022,In-Store,1.0,20160.0,0.0,M-Pesa,Completed,0.0
4145,O005826,2025-09-21 18:46:00,C00743,P0086,ST020,In-Store,1.0,19730.0,0.0,M pesa,Returned,0.0
4146,O003901,2025-02-28 14:49:00,C00442,P0160,ST014,In-Store,1.0,52970.0,0.2,M-Pesa,Completed,0.0
4147,O003209,2024-12-17 11:42:00,C00924,P0024,ST007,In-Store,2.0,85100.0,0.05,Credit/Debit Card,Completed,0.0
4148,O001603,2024-07-17 14:26:00,C00316,P0183,ST099,Online,3.0,39320.0,0.15,M-Pesa,Completed,3.0
4149,O000406,2024-02-23 14:59:00,C01342,P0183,ST099,Online,1.0,39320.0,0.0,Airtel Money,Completed,5.0
4150,O004208,2025-04-03 16:13:00,C00208,P0080,ST022,In-Store,3.0,4980.0,0.0,Airtel Money,Completed,0.0
4151,O006465,2025-11-17 15:02:00,C00968,P0042,ST099,Online,1.0,123680.0,0.0,Cash,Completed,3.0
4152,O004733,2025-05-27 18:11:00,C00458,P0063,ST020,In-Store,1.0,1440.0,0.0,m-pesa,Completed,0.0
4153,O006501,2025-11-22 15:33:00,C00447,P0151,ST009,In-Store,1.0,47660.0,0.0,debit card,Completed,0.0
4154,O006252,2025-10-31 08:35:00,C00975,P0030,ST013,In-Store,1.0,62130.0,0.0,debit card,Completed,0.0
4155,O001322,2024-06-14 16:44:00,C01226,P0017,ST001,In-Store,2.0,123410.0,0.0,M-Pesa,Completed,0.0
4156,O004075,2025-03-20 10:02:00,C00378,P0104,ST016,In-Store,1.0,3780.0,0.0,Cash,Returned,0.0
4157,O006908,2025-12-19 12:54:00,C00910,P0074,ST012,In-Store,1.0,1880.0,,M-Pesa,Completed,0.0
4158,O004809,2025-06-04 12:54:00,C00911,P0144,ST008,In-Store,1.0,30700.0,0.0,Airtel Money,Returned,0.0
4159,O000253,2024-02-01 16:43:00,C00626,P0087,ST008,In-Store,1.0,11890.0,0.0,Cash,Completed,0.0
4160,O004453,2025-04-27 19:23:00,C00017,P0005,ST020,In-Store,1.0,18960.0,0.0,M pesa,Completed,0.0
4161,O006615,2025-11-30 12:18:00,C00512,P0004,ST099,Online,1.0,38100.0,0.15,M-Pesa,Completed,3.0
4162,O005527,2025-08-20 15:09:00,C01270,P0161,ST001,In-Store,1.0,49910.0,0.0,M pesa,Completed,0.0
4163,O005653,2025-09-01 12:45:00,C00630,P0173,ST099,Online,2.0,19620.0,0.0,Mpesa ,Completed,4.0
4164,O003868,2025-02-23 11:15:00,C00483,P0093,ST017,In-Store,1.0,15030.0,0.05,M-Pesa,Returned,0.0
4165,O002543,2024-10-24 17:08:00,C01083,P0086,ST016,In-Store,1.0,19730.0,0.0,M-Pesa,Completed,0.0
4166,O001443,2024-06-28 20:44:00,C00546,P0159,ST020,In-Store,4.0,14960.0,0.0,Credit/Debit Card,complete,0.0
4167,O001143,2024-05-23 19:33:00,C00364,P0175,ST099,Online,1.0,15740.0,0.0,Credit/Debit Card,completed,4.0
4168,O002189,2024-09-19 08:24:00,C00910,P0016,ST023,In-Store,2.0,38090.0,0.0,cash,completed,0.0
4169,O004924,2025-06-18 14:13:00,C00631,P0134,ST099,Online,1.0,3150.0,0.15,M-Pesa,Completed,5.0
4170,O003536,2025-01-10 18:35:00,C01097,P0083,ST022,In-Store,1.0,14200.0,0.0,M-Pesa,Completed,0.0
4171,O006158,2025-10-23 08:37:00,,P0042,ST099,Online,1.0,123680.0,0.0,Mpesa,Completed,4.0
4172,O005889,2025-09-27 18:08:00,C00612,P0096,ST008,In-Store,1.0,6270.0,0.0,M-Pesa,Completed,0.0
4173,O004276,2025-04-10 11:55:00,,P0079,ST021,In-Store,1.0,17060.0,0.0,Airtel Money,Completed,0.0
4174,O004412,2025-04-23 17:04:00,C00819,P0084,ST099,Online,3.0,17830.0,0.0,Bank Transfer,Completed,4.0
4175,O001610,2024-07-17 18:14:00,C00806,P0175,ST019,In-Store,1.0,15740.0,0.1,Cash,Completed,0.0
4176,O001867,2024-08-15 19:29:00,C00393,P0183,ST004,In-Store,1.0,39320.0,0.0,Cash,Completed,0.0
4177,O005369,2025-08-04 15:30:00,,P0107,ST012,In-Store,1.0,13230.0,0.0,Airtel Money,Completed,0.0
4178,O000770,2024-04-09 08:26:00,C00772,P0079 ,ST003,In-Store,1.0,17060.0,0.0,M-Pesa,Completed,0.0
4179,O005425,2025-08-10 09:36:00,C00319,P0041,ST099,Online,2.0,83810.0,0.25,M-Pesa,Returned,4.0
4180,O006075,2025-10-13 12:41:00,C00381,P0159,ST099,Online,1.0,14960.0,0.0,Credit/Debit Card,Completed,4.0
4181,O000021,2024-01-04 09:26:00,C00987,P0176,ST004,In-Store,1.0,10760.0,0.0,Mpesa,Completed,0.0
4182,O002624,2024-11-02 19:52:00,C01086,P0010,ST099,Online,2.0,127120.0,0.0,Bank Transfer,Completed,6.0
4183,O001740,2024-07-31 17:42:00,C01099,P0198,ST099,Online,2.0,35160.0,0.1,Credit/Debit Card,Completed,3.0
4184,O005910,2025-09-29 11:28:00,C00271,P0151,ST020,In-Store,1.0,47660.0,0.05,M-Pesa,Completed,0.0
4185,O001545,2024-07-09 17:47:00,C00263,P0146,ST005,In-Store,4.0,29570.0,0.0,Bank Transfer,Completed,0.0
4186,O002817,2024-11-18 11:31:00,C00727,P0079,ST020,In-Store,1.0,17060.0,0.0,M-Pesa,Completed,0.0
4187,O004256,2025-04-08 18:17:00,C01257,P0104,ST099,Online,1.0,3780.0,0.0,Cash,Completed,3.0
4188,O001283,2024-06-09 11:21:00,C00674,P0151,ST099,Online,1.0,47660.0,0.0,Mpesa,Completed,6.0
4189,O005102,2025-07-06 17:53:00,C00890,P0141,ST099,Online,1.0,12880.0,0.0,AIRTEL MONEY,Completed,4.0
4190,O007101,2025-12-28 19:59:00,C00424,P0009,ST015,In-Store,3.0,119240.0,0.0,Mpesa,Completed,0.0
4191,O000169,2024-01-21 19:47:00,C00058,P0088,ST016,In-Store,1.0,10360.0,0.0,MPESA ,Completed,0.0
4192,O000579,2024-03-17 09:31:00,C01055,P0160,ST012,In-Store,1.0,52970.0,0.2,Credit/Debit Card,Returned,0.0
4193,O005877,2025-09-26 12:55:00,C00367,P0030,ST099,Online,1.0,62130.0,0.0,Mpesa,Returned,5.0
4194,O001543,2024-07-09 14:34:00,C00981,P0003,ST016,In-Store,2.0,26210.0,0.0,Cash,Completed,0.0
4195,O002547,2024-10-25 10:51:00,C00695,P0120,ST099,Online,1.0,10270.0,0.0,Airtel Money,Returned,3.0
4196,O001499,2024-07-05 17:53:00,C01085,P0030,ST007,In-Store,1.0,62130.0,0.0,Credit/Debit Card,Completed,0.0
4197,O000748,2024-04-07 18:15:00,C00267,P0066,ST007,In-Store,1.0,1630.0,0.0,Credit/Debit Card,Completed,0.0
4198,O004355,2025-04-18 14:26:00,C00103,P0013,ST020,In-Store,1.0,30190.0,0.0,M-Pesa,Completed,0.0
4199,O003127,2024-12-12 14:57:00,C00567,P0063,ST005,In-Store,1.0,1440.0,0.0,M-Pesa,Completed,0.0
4200,O004438,2025-04-26 11:42:00,C00405,P0031,ST099,Online,2.0,7910.0,0.0,m-pesa,Completed,4.0
4201,O001705,2024-07-27 18:51:00,C00963,P0122 ,ST017,In-Store,1.0,1050.0,0.0,airtel money,Completed,0.0
4202,O001482,2024-07-03 15:18:00,C00139,P0062,ST006,In-Store,1.0,20210.0,0.0,Mpesa,Completed,0.0
4203,O004938,2025-06-19 18:22:00,C01146,P0160,ST099,Online,,52970.0,0.1,Credit/Debit Card,Completed,1.0
4204,O005318,2025/07/30,C01161,P0095,ST099,Online,1.0,4260.0,0.0,Airtel Money,Completed,4.0
4205,O005315,2025-07-30 19:36:00,C00999,P0103,ST099,Online,1.0,15070.0,0.0,M-Pesa,Completed,3.0
4206,O000598,2024-03-18 08:03:00,C00971,P0070,ST099,Online,1.0,18010.0,0.0,M-Pesa,Completed,4.0
4207,O004525,2025-05-05 12:43:00,C00694,P0029,ST012,In-Store,1.0,114610.0,0.15,Bank Transfer,Completed,0.0
4208,O000537,2024-03-10 18:36:00,C00447,P0160,ST099,Online,1.0,52970.0,0.0,Mpesa ,complete,4.0
4209,O004994,2025-06-26 15:55:00,C00959,P0151,ST099,Online,1.0,47660.0,0.05,AIRTEL MONEY,Returned,6.0
4210,O001437,2024-06-28 16:33:00,C00329,P0160,ST099,Online,2.0,52970.0,0.0,M-Pesa,Completed,2.0
4211,O000357,2024-02-16 12:12:00,C01237,P0010,ST018,In-Store,2.0,127120.0,,Airtel-Money,Completed,0.0
4212,O002714,2024-11-09 17:32:00,C00267,P0160,ST099,Online,2.0,52970.0,0.0,Mpesa,Completed,5.0
4213,O001299,2024-06-12 11:12:00,C00900,P0091 ,ST021,In-Store,1.0,2270.0,0.0,Airtel money,Completed,0.0
4214,O004111,24-Mar-2025,C00725,P0086,ST009 ,In-Store,3.0,19730.0,0.0,M-Pesa,Completed,0.0
4215,O001007,2024-05-06 11:22:00,C01044,P0146,ST004,In-Store,2.0,29570.0,0.0,Airtel Money,Completed,0.0
4216,O001074,2024-05-14 09:06:00,C00518,P0160,ST099,Online,,52970.0,0.0,M-Pesa,Completed,4.0
4217,O002003,2024-08-29 12:39:00,C00213,P0084,ST008,In-Store,2.0,17830.0,0.1,M-Pesa,COMPLETED,0.0
4218,O002018,2024-08-31 20:36:00,C00388,P0016,ST024,In-Store,1.0,38090.0,0.0,Credit/Debit Card,Completed,0.0
4219,O001333,2024-06-15 14:01:00,C00811,P0146,ST099,Online,1.0,29570.0,0.1,Airtel Money,Completed,3.0
4220,O003564,2025-01-13 10:25:00,,P0165,ST003,In-Store,1.0,45630.0,0.0,Cash,Completed,0.0
4221,O001334,2024-06-15 10:51:00,C00250,P0016,ST015,In-Store,1.0,38090.0,0.0,M-PESA,canceled,0.0
4222,O006584,28/11/2025,C01097,P0125,ST099,Online,1.0,5710.0,,M-Pesa,Returned,6.0
4223,O000327,2024-02-13 16:33:00,C00467,P0194,ST099,Online,3.0,24550.0,0.0,Credit/Debit Card,Completed,6.0
4224,O001576,2024-07-13 11:24:00,C01092,P0188,ST099,Online,2.0,10310.0,0.0,M-Pesa,Completed,5.0
4225,O005715,2025-09-08 16:13:00,,P0155,ST099,Online,1.0,13260.0,0.0,m-pesa,Completed,2.0
4226,O001547,2024-07-10 14:31:00,C00579,P0114 ,ST099,Online,3.0,3720.0,0.0,M-Pesa,Completed,2.0
4227,O002267,2024-09-27 17:54:00,C01015,P0051,ST005,In-Store,3.0,20210.0,0.0,Airtel Money,Completed,0.0
4228,O003038,2024-12-06 09:49:00,C00536,P0151,ST008,In-Store,2.0,47660.0,0.25,M-PESA,Completed,0.0
4229,O006813,2025-12-14 17:17:00,C01072,P0160,ST010,In-Store,1.0,52970.0,0.2,M-Pesa,Completed,0.0
4230,O005424,2025-08-10 17:49:00,C00778,P0084,ST099,Online,1.0,17830.0,0.0,Airtel-Money,Completed,1.0
4231,O005978,2025-10-05 08:52:00,C00332,P0165,ST099,Online,1.0,45630.0,0.0,Cash,Completed,4.0
4232,O006857,2025-12-16 19:14:00,C00833,P0010,ST099,Online,1.0,127120.0,0.0,M-Pesa,COMPLETED,4.0
4233,O004512,2025-05-04 13:43:00,C00987,P0032,ST099,Online,2.0,112270.0,,Cash,Completed,6.0
4234,O006772,2025-12-11 11:26:00,,P0103,ST001,In-Store,1.0,15070.0,0.0,Airtel Money,Completed,0.0
4235,O003571,2025-01-15 11:00:00,,P0160,ST099,Online,2.0,52970.0,,mpesa,Completed,2.0
4236,O002693,2024-11-08 11:41:00,C01044,P0091,ST099,Online,2.0,2270.0,0.15,Mpesa ,Returned,1.0
4237,O003520,2025-01-07 16:51:00,C01213,P0070,ST015,In-Store,2.0,18010.0,0.0,M-Pesa,Completed,0.0
4238,O005689,2025-09-05 09:23:00,C01002,P0183,ST099,Online,2.0,39320.0,0.1,Bank Transfer,Returned,5.0
4239,O002761,2024-11-13 16:29:00,C01346,P0025,ST099,Online,1.0,53630.0,0.0,M-Pesa,completed,5.0
4240,O000561,2024-03-15 20:39:00,C00064,P0152,ST020,In-Store,1.0,11580.0,0.0,M-Pesa,Returned,0.0
4241,O005476,2025-08-15 11:14:00,C01215,P0089,ST008,In-Store,,7140.0,0.0,M-Pesa,complete,0.0
4242,O005671,2025-09-04 19:33:00,C00576,P0196,ST017,In-Store,2.0,20930.0,0.0,M pesa,Completed,0.0
4243,O004626,2025-05-18 19:45:00,C01064,P0159,ST020,In-Store,1.0,14960.0,0.05,Mpesa,Completed,0.0
4244,O001116,2024-05-19 19:48:00,C00952,P0146 ,ST024,In-Store,1.0,29570.0,0.0,Credit/Debit Card,Completed,0.0
4245,O006776,2025-12-11 20:01:00,C00907,P0139,ST099,Online,1.0,6700.0,0.05,MPESA ,Completed,3.0
4246,O003284,2024-12-20 12:41:00,C00440,P0158 ,ST019,In-Store,1.0,36400.0,0.0,Credit/Debit Card,Completed,0.0
4247,O005264,2025-07-24 14:52:00,C01077,P0091,ST099,Online,1.0,2270.0,0.15,CASH,Completed,1.0
4248,O003212,2024-12-17 12:18:00,C00933,P0005,ST003,In-Store,1.0,18960.0,0.25,M-Pesa,Completed,0.0
4249,O003233,2024-12-18 15:11:00,C01296,P0084,ST019,In-Store,1.0,17830.0,0.15,M-Pesa,Completed,0.0
4250,O005375,2025-08-05 20:23:00,C01098,P0053,ST024,In-Store,1.0,13410.0,0.0,Bank Transfer,Completed,0.0
4251,O004002,2025-03-12 20:16:00,C00410,P0175,ST004,In-Store,1.0,15740.0,0.0,CARD,Completed,0.0
4252,O003264,2024-12-20 19:03:00,C01233,P0084,ST099,Online,1.0,17830.0,0.0,M-Pesa,Completed,5.0
4253,O000125,2024-01-15 17:30:00,C00789,P0039,ST099,Online,1.0,75080.0,0.1,M-Pesa,Completed,2.0
4254,O003341,2024-12-23 20:28:00,C00817,P0183,ST018,In-Store,1.0,39320.0,0.0,Mpesa,Completed,0.0
4255,O002964,2024-12-01 08:25:00,,P0079,ST099,Online,1.0,17060.0,0.0,Cash,Completed,2.0
4256,O004498,2025-05-03 17:59:00,C00233,P0152,ST099,Online,1.0,11580.0,0.0,M-Pesa,Completed,2.0
4257,O001114,2024-05-19 17:19:00,C00737,P0139,ST012,In-Store,2.0,6700.0,0.0,M-Pesa,Completed,0.0
4258,O002955,2024-11-30 20:38:00,C00830,P0048,ST016,In-Store,2.0,21400.0,0.0,Mpesa ,Cancelled,0.0
4259,O000953,29/04/2024,C00227,P0025,ST099,Online,1.0,53630.0,0.0,m-pesa,Cancelled,5.0
4260,O005544,2025-08-21 14:39:00,C00395,P0135,ST099,Online,2.0,3510.0,0.0,debit card,Completed,4.0
4261,O003204,2024-12-17 17:43:00,C00313,P0176,ST099,Online,1.0,10760.0,0.2,Mpesa ,Completed,5.0
4262,O004684,2025-05-23 09:37:00,C00147,P0002,ST004,In-Store,1.0,91490.0,0.0,M-Pesa,Completed,0.0
4263,O001171,2024-05-26 19:16:00,,P0161,ST099,Online,1.0,49910.0,0.0,Cash,Completed,3.0
4264,O002915,2024-11-26 08:44:00,C00789,P0103,ST010,In-Store,1.0,15070.0,0.0,M-Pesa,Completed,0.0
4265,O005048,2025-07-02 12:31:00,C00808,P0106,ST099,Online,1.0,12940.0,0.0,Airtel Money,Returned,4.0
4266,O004931,2025-06-19 13:01:00,C00380,P0174,ST005,In-Store,2.0,29840.0,0.0,Credit/Debit Card,Completed,0.0
4267,O000344,2024-02-15 10:34:00,C01344,P0197,ST002,In-Store,1.0,22390.0,0.0,credit card,Completed,0.0
4268,O001374,2024-06-21 16:26:00,C00573,P0133,ST099,Online,1.0,8300.0,0.0,M-Pesa,returned,5.0
4269,O007024,2025-12-24 11:17:00,C00945,P0135,ST099,Online,1.0,3510.0,0.1,M-Pesa,Returned,5.0
4270,O001186,2024-05-28 08:47:00,C00505,P0136,ST009,In-Store,,,0.1,CARD,Completed,0.0
4271,O000419,2024-02-24 12:34:00,C01149,P0004,ST015,In-Store,2.0,38100.0,0.0,Credit/Debit Card,Completed,0.0
4272,O003960,2025-03-07 15:27:00,C00686,P0073,ST099,Online,4.0,21150.0,0.0,M-Pesa,completed,2.0
4273,O006631,2025-12-01 10:33:00,C01171,P0080,ST099,Online,1.0,4980.0,0.0,Credit/Debit Card,Completed,5.0
4274,O006261,2025-10-31 20:25:00,C00339,P0196,ST005,In-Store,1.0,20930.0,,Airtel Money,Completed,0.0
4275,O002835,2024-11-20 14:15:00,C00306,P0039,ST021,In-Store,1.0,,0.05,Airtel Money,Completed,0.0
4276,O002527,2024-10-22 15:50:00,C01315,P0080,ST018,In-Store,1.0,4980.0,0.0,M-Pesa,Completed,0.0
4277,O002886,2024-11-25 16:50:00,,P0157,ST009,In-Store,1.0,3390.0,0.0,Airtel Money,Completed,0.0
4278,O002594,2024-10-29 13:57:00,C01309,P0062,ST016,In-Store,,20210.0,0.0,Credit/Debit Card,Completed,0.0
4279,O001977,2024-08-27 15:44:00,C01038,P0158,ST024,In-Store,4.0,,0.0,mpesa,Completed,0.0
4280,O001632,2024-07-19 14:39:00,C01344,P0110,ST002,In-Store,2.0,9580.0,0.0,M pesa,Completed,0.0
4281,O003860,2025-02-23 14:21:00,C00022,P0077,ST099,Online,1.0,7450.0,0.05,AIRTEL MONEY,Completed,4.0
4282,O001952,2024-08-24 17:57:00,C00469,P0062,ST020,In-Store,1.0,20210.0,0.0,Credit/Debit Card,Completed,0.0
4283,O002792,2024-11-16 09:59:00,C00602,P0013,ST021,In-Store,1.0,30190.0,0.0,Credit/Debit Card,Completed,0.0
4284,O005032,2025-06-30 11:47:00,C01143,P0175,ST099,Online,1.0,15740.0,0.0,M-Pesa,Returned,3.0
4285,O000098,2024-01-12 12:42:00,C00306,P0135,ST010,In-Store,1.0,3510.0,0.0,M-Pesa,Completed,0.0
4286,O003345,2024-12-23 19:33:00,C00422,P0033,ST006,In-Store,2.0,103260.0,0.05,M-Pesa,Completed,0.0
4287,O001565,2024-07-12 19:54:00,C01069,P0144,ST010,In-Store,1.0,30700.0,0.0,M-Pesa,complete,0.0
4288,O001620,2024-07-18 15:47:00,C00491,P0062,ST008,In-Store,1.0,20210.0,0.0,M-PESA,Completed,0.0
4289,O001102,2024-05-18 13:59:00,C00890,P0125,ST022,In-Store,1.0,5710.0,0.0,Mpesa ,Completed,0.0
4290,O001690,2024-07-26 13:01:00,C00651,P0033,ST017,In-Store,1.0,103260.0,0.0,Credit/Debit Card,Completed,0.0
4291,O000831,2024-04-15 08:48:00,C00626,P0012,ST012,In-Store,2.0,130340.0,0.0,M-Pesa,Completed,0.0
4292,O000803,13-Apr-2024,C00911,P0096,ST019,In-Store,2.0,6270.0,0.0,mpesa,Completed,0.0
4293,O004944,2025-06-21 15:15:00,C00060,P0173,ST099,Online,2.0,19620.0,0.05,M-Pesa,Completed,5.0
4294,O003259,2024-12-19 17:36:00,C00737,P0002,ST014,In-Store,2.0,91490.0,0.15,M-Pesa,Completed,0.0
4295,O001981,2024-08-27 18:01:00,C00396,P0189,ST006,In-Store,1.0,32140.0,0.0,M-Pesa,Completed,0.0
4296,O005589,2025-08-26 19:13:00,C00849,P0033,ST099,Online,2.0,103260.0,0.0,Cash,Completed,2.0
4297,O003784,2025-02-12 16:35:00,C00399,P0008,ST023,In-Store,2.0,94740.0,0.0,M-Pesa,Completed,0.0
4298,O002019,2024-08-31 17:37:00,C01191,P0183,ST099,Online,1.0,,0.0,Mpesa ,complete,5.0
4299,O006839,2025-12-16 13:21:00,C00184,P0012,ST099,Online,2.0,130340.0,0.0,Airtel Money,Completed,3.0
4300,O000313,2024-02-10 20:14:00,C00178,P0128,ST099,Online,2.0,13910.0,0.15,M-Pesa,Completed,3.0
4301,O005286,2025-07-27 09:56:00,C00368,P0146,ST099,Online,1.0,29570.0,0.0,M-Pesa,Completed,6.0
4302,O004932,2025-06-19 08:33:00,,P0135,ST099,Online,1.0,3510.0,0.0,M-Pesa,Completed,6.0
4303,O006095,2025-10-16 15:06:00,C00987,P0089 ,ST007,In-Store,1.0,7140.0,0.0,M-Pesa,complete,0.0
4304,O002774,2024-11-15 17:01:00,C01330,P0184,ST099,Online,1.0,20390.0,0.0,Mpesa,Cancelled,3.0
4305,O000627,2024-03-22 13:00:00,C00133,P0165,ST022,In-Store,1.0,45630.0,0.0,cash ,Completed,0.0
4306,O002451,2024-10-15 17:15:00,C00930,P0141,ST099,Online,1.0,12880.0,,M-Pesa,Completed,4.0
4307,O002969,2024-12-01 13:47:00,C00358,P0151,ST099,Online,2.0,47660.0,0.05,MPESA ,Completed,4.0
4308,O003508,2025-01-06 12:17:00,C00805,P0161,ST099,Online,2.0,49910.0,0.0,M-Pesa,Completed,4.0
4309,O004027,2025-03-15 13:57:00,C00279,P0060,ST099,Online,1.0,20160.0,0.0,Mpesa ,completed,4.0
4310,O001291,2024-06-11 19:16:00,C01187,P0150,ST013,In-Store,1.0,32640.0,0.0,debit card,Returned,0.0
4311,O006232,2025-10-29 16:35:00,C00302,P0096,ST014,In-Store,2.0,6270.0,0.1,Bank Transfer,Completed,0.0
4312,O001682,25/07/2024,C00879,P0188,ST022,In-Store,1.0,10310.0,0.0,M-PESA,Completed,0.0
4313,O004863,2025-06-11 09:25:00,C01262,P0158,ST002,In-Store,1.0,36400.0,0.1,M-Pesa,Completed,0.0
4314,O007110,2025-12-29 10:36:00,C00398,P0025,ST099,Online,1.0,53630.0,0.0,M-Pesa,complete,1.0
4315,O001059,2024-05-12 17:56:00,C00078,P0146,ST021,In-Store,1.0,29570.0,0.0,Credit/Debit Card,Completed,0.0
4316,O005195,2025-07-17 09:51:00,C00482,P0175,ST099,Online,1.0,15740.0,0.0,CARD,Completed,3.0
4317,O006233,2025-10-29 14:08:00,C00032,P0061,ST099,Online,1.0,19410.0,0.0,cash ,Returned,1.0
4318,O000727,2024-04-03 09:56:00,C00606,P0194,ST004,In-Store,1.0,24550.0,0.0,M-Pesa,Completed,0.0
4319,O001902,2024-08-18 14:31:00,C01013,P0064,ST011,In-Store,1.0,6160.0,0.0,M-Pesa,Completed,0.0
4320,O002783,2024-11-16 18:30:00,C00256,P0060,ST099,Online,1.0,20160.0,0.0,Cash,Completed,4.0
4321,O000659,2024-03-25 10:55:00,C01022,P0060,ST010 ,In-Store,2.0,20160.0,0.0,M pesa,Completed,0.0
4322,O004830,2025-06-07 09:23:00,C00769,P0135,ST013,In-Store,2.0,3510.0,0.0,Credit/Debit Card,Completed,0.0
4323,O006055,2025-10-11 20:37:00,C00375,P0175,ST099,Online,1.0,15740.0,0.0,m-pesa,Completed,1.0
4324,O003379,2024-12-25 18:53:00,C01176,P0160,ST099,Online,2.0,52970.0,0.0,CASH,Returned,5.0
4325,O002818,2024-11-18 16:22:00,C00699,P0061,ST006,In-Store,1.0,19410.0,0.0,CARD,Completed,0.0
4326,O005307,2025-07-29 13:02:00,C00281,P0135,ST006,In-Store,1.0,3510.0,0.1,Credit/Debit Card,Completed,0.0
4327,O006089,2025-10-15 20:37:00,C01103,P0058,ST012,In-Store,1.0,17000.0,0.0,M-Pesa,Completed,0.0
4328,O001734,2024-07-30 15:40:00,C01036,P0160,ST016,In-Store,2.0,52970.0,0.0,M-Pesa,Completed,0.0
4329,O005701,2025-09-07 10:52:00,C01349,P0030,ST014,In-Store,1.0,62130.0,0.0,M-Pesa,Completed,0.0
4330,O004350,2025-04-18 13:43:00,C01088,P0165,ST004,In-Store,1.0,45630.0,0.0,Cash,Completed,0.0
4331,O006014,2025-10-09 18:35:00,C00281,P0172 ,ST021,In-Store,1.0,38980.0,0.0,Cash,Completed,0.0
4332,O006769,2025-12-11 10:46:00,C00341,P0183,ST021,In-Store,1.0,39320.0,0.0,Airtel-Money,Completed,0.0
4333,O000468,2024-03-03 18:54:00,C01125,P0160,ST004,In-Store,1.0,52970.0,0.0,Airtel Money,complete,0.0
4334,O003302,2024-12-21 17:50:00,C00522,P0018,ST020,In-Store,1.0,79380.0,0.0,M pesa,COMPLETED,0.0
4335,O006015,2025-10-09 13:08:00,C00213,P0098,ST099,Online,1.0,10630.0,0.0,Airtel Money,Completed,3.0
4336,O004940,2025-06-20 20:33:00,C00456,P0135,ST099,Online,1.0,3510.0,0.0,M-Pesa,Completed,1.0
4337,O006045,2025-10-11 17:05:00,C00244,P0008,ST020,In-Store,1.0,94740.0,0.0,M-Pesa,Completed,0.0
4338,O005500,2025-08-17 19:02:00,C00617,P0083,ST099,Online,1.0,14200.0,0.0,Airtel Money,Completed,4.0
4339,O006831,2025-12-15 18:28:00,C00292,P0160,ST011,In-Store,2.0,52970.0,0.0,M-Pesa,Completed,0.0
4340,O002295,2024-09-30 15:29:00,C00585,P0091,ST021,In-Store,1.0,2270.0,0.0,Bank Transfer,Completed,0.0
4341,O003819,2025-02-17 08:09:00,C00485,P0080,ST099,Online,1.0,4980.0,0.0,Bank Transfer,Completed,5.0
4342,O002442,2024-10-14 17:38:00,C00488,P0086,ST004,In-Store,1.0,19730.0,0.0,Airtel Money,Cancelled,0.0
4343,O000600,2024-03-19 08:28:00,C00169,P0096,ST099,Online,1.0,6270.0,0.2,M-Pesa,Completed,2.0
4344,O004837,2025-06-08 10:28:00,C00503,P0010,ST013,In-Store,1.0,127120.0,0.1,M-Pesa,Completed,0.0
4345,O005366,2025-08-04 15:09:00,C00953,P0063,ST022,In-Store,2.0,1440.0,0.0,Credit/Debit Card,Completed,0.0
4346,O000206,2024-01-26 09:00:00,C00893,P0123,ST005,In-Store,,7870.0,0.0,Mpesa,completed,0.0
4347,O002238,2024-09-23 18:09:00,C00044,P0071,ST099,Online,1.0,4850.0,0.0,Credit/Debit Card,completed,2.0
4348,O005976,2025-10-05 17:40:00,C00395,P0088,ST099,Online,1.0,10360.0,0.0,Airtel Money,Cancelled,3.0
4349,O004430,2025-04-25 18:00:00,,P0139,ST003,In-Store,3.0,6700.0,0.1,M-Pesa,Completed,0.0
4350,O000933,2024-04-27 16:53:00,C00573,P0125,ST018,In-Store,2.0,5710.0,0.0,Mpesa ,Completed,0.0
4351,O003328,2024-12-22 08:04:00,C01301,P0131,ST099,Online,1.0,1830.0,0.0,M-Pesa,complete,1.0
4352,O001790,2024-08-05 17:16:00,C00043,P0160,ST009,In-Store,1.0,52970.0,0.0,MPESA ,Completed,0.0
4353,O000854,2024-04-18 17:43:00,C01050,P0156,ST008,In-Store,1.0,30350.0,0.0,M-Pesa,Completed,0.0
4354,O006076,2025-10-13 18:08:00,C00517,P0023,ST099,Online,2.0,122960.0,0.1,cash,COMPLETED,2.0
4355,O002252,2024-09-25 12:12:00,C01341,P0023,ST017,In-Store,2.0,122960.0,0.05,cash,Completed,0.0
4356,O002160,2024-09-15 15:09:00,C00531,P0001,ST017,In-Store,2.0,85060.0,0.0,Bank Transfer,completed,0.0
4357,O005760,2025-09-13 13:46:00,C00361,P0084,ST099,Online,2.0,17830.0,0.0,Bank Transfer,Completed,2.0
4358,O000859,2024-04-18 09:38:00,C00486,P0004,ST099,Online,4.0,38100.0,0.0,M-Pesa,Completed,2.0
4359,O005712,2025-09-07 08:15:00,C00332,P0148,ST002,In-Store,1.0,32090.0,0.0,M-Pesa,Returned,0.0
4360,O000379,2024-02-19 12:22:00,C00701,P0033,ST020,In-Store,2.0,103260.0,0.05,Cash,Completed,0.0
4361,O003390,2024-12-26 15:25:00,C00919,P0198,ST018,In-Store,1.0,35160.0,0.0,M-Pesa,Completed,0.0
4362,O001532,2024-07-08 15:36:00,C00369,P0020,ST099,Online,1.0,10070.0,0.0,m-pesa,Completed,4.0
4363,O001809,2024-08-07 15:29:00,C00212,P0012,ST003,In-Store,1.0,130340.0,0.0,Cash,Returned,0.0
4364,O001391,2024-06-22 10:53:00,C01100,P0173,ST019,In-Store,2.0,19620.0,0.0,credit card,Completed,0.0
4365,O004543,2025-05-07 15:01:00,C00281,P0070,ST099,Online,1.0,18010.0,0.0,M-Pesa,completed,4.0
4366,O002578,2024-10-28 15:10:00,C00634,P0063,ST001,In-Store,1.0,1440.0,0.0,Bank Transfer,Completed,0.0
4367,O004426,2025-04-25 15:32:00,C00877,P0017,ST001,In-Store,1.0,123410.0,0.0,M-Pesa,Completed,0.0
4368,O003559,2025-01-13 08:06:00,C00671,P0122,ST099,Online,1.0,1050.0,0.0,M-Pesa,Completed,2.0
4369,O001326,2024-06-15 10:40:00,C00449,P0183,ST022,In-Store,1.0,39320.0,0.0,mpesa,Completed,0.0
4370,O001180,2024-05-27 13:44:00,C00271,P0150,ST009,In-Store,3.0,32640.0,,cash,completed,0.0
4371,O000793,2024-04-12 11:54:00,,P0069,ST004,In-Store,4.0,20690.0,0.0,credit card,Completed,0.0
4372,O007128,2025-12-31 16:07:00,C00677,P0160,ST001,In-Store,2.0,52970.0,0.0,M-Pesa,Completed,0.0
4373,O005514,2025-08-19 09:20:00,,P0049,ST099,Online,1.0,9240.0,0.0,Credit/Debit Card,Completed,5.0
4374,O004741,2025-05-28 19:28:00,C00138,P0166,ST012,In-Store,2.0,36200.0,0.0,Credit/Debit Card,Completed,0.0
4375,O007127,2025-12-31 08:25:00,C00660,P0005,ST012,In-Store,1.0,18960.0,0.0,M-Pesa,Completed,0.0
4376,O005700,06/09/2025,C00024,P0021,ST016,In-Store,1.0,135600.0,0.0,CARD,Completed,0.0
4377,O007091,27-Dec-2025,C01076,P0176,ST009,In-Store,2.0,10760.0,0.0,Airtel-Money,Completed,0.0
4378,O004779,2025-06-01 15:10:00,C00939,P0062,ST007,In-Store,1.0,20210.0,0.0,M-Pesa,Completed,0.0
4379,O003470,2025-01-01 18:08:00,C01106,P0120,ST099,Online,1.0,10270.0,0.0,mpesa,Completed,3.0
4380,O003835,2025-02-19 09:41:00,C01081,P0120,ST099,Online,1.0,10270.0,0.0,Card,Completed,1.0
4381,O003685,2025-01-29 14:42:00,C00389,P0056,ST004,In-Store,1.0,14270.0,0.0,Mpesa,Completed,0.0
4382,O005895,2025-09-27 16:20:00,C01128,P0091,ST013,In-Store,1.0,2270.0,0.0,M-Pesa,Completed,0.0
4383,O001803,2024-08-06 09:59:00,C00381,P0096,ST010,In-Store,1.0,6270.0,0.0,Cash,Completed,0.0
4384,O004487,01-May-2025,C00053,P0146,ST099,Online,1.0,29570.0,0.0,Airtel-Money,Completed,2.0
4385,O001830,11/08/2024,C00956,P0060,ST005,In-Store,1.0,20160.0,0.0,Bank Transfer,completed,0.0
4386,O007026,2025-12-24 09:04:00,C00182,P0171,ST009,In-Store,1.0,48310.0,0.0,Cash,Completed,0.0
4387,O001030,2024-05-09 13:32:00,C00428,P0135,ST022,In-Store,1.0,3510.0,0.15,Airtel Money,Completed,0.0
4388,O005269,2025-07-25 14:37:00,C01280,P0187,ST099,Online,1.0,10220.0,0.0,Cash,Completed,5.0
4389,O001687,2024-07-26 15:07:00,C00586,P0174,ST013,In-Store,1.0,29840.0,0.0,Mpesa ,Returned,0.0
4390,O004953,2025/06/21,C00527,P0148,ST020,In-Store,3.0,32090.0,0.1,m-pesa,completed,0.0
4391,O005752,2025-09-12 18:10:00,C00332,P0056,ST014,In-Store,1.0,14270.0,0.0,M-Pesa,Returned,0.0
4392,O005058,2025-07-03 10:51:00,C00189,P0126,ST021,In-Store,1.0,12920.0,0.0,M-Pesa,Completed,0.0
4393,O007136,2025-12-31 20:53:00,C00764,P0119,ST099,Online,1.0,10780.0,0.0,M-Pesa,Completed,3.0
4394,O004209,2025-04-03 18:16:00,C00991,P0156,ST004,In-Store,1.0,30350.0,0.0,M-Pesa,Completed,0.0
4395,O003524,2025-01-08 11:01:00,C00410,P0071,ST008,In-Store,3.0,4850.0,0.05,M-Pesa,Completed,0.0
4396,O001409,2024-06-24 19:28:00,,P0045,ST099,Online,1.0,20960.0,0.0,Credit/Debit Card,Cancelled,4.0
4397,O004007,2025-03-13 10:53:00,C00487,P0010,ST099,Online,1.0,127120.0,0.0,M-Pesa,Completed,3.0
4398,O004483,2025-04-30 18:34:00,C00396,P0255,ST099,Online,1.0,47660.0,0.05,Cash,RETURNED,5.0
4399,O005622,2025-08-30 17:39:00,C00668,P0024,ST099,Online,1.0,85100.0,0.0,Airtel Money,Completed,1.0
4400,O001900,2024-08-18 10:05:00,C01037,P0062,ST004,In-Store,1.0,20210.0,0.0,Bank Transfer,Returned,0.0
4401,O001368,2024-06-19 20:44:00,C00489,P0134,ST009,In-Store,2.0,3150.0,0.0,Credit/Debit Card,complete,0.0
4402,O002057,2024-09-03 19:44:00,C00568,P0196,ST001,In-Store,4.0,20930.0,0.0,Mpesa,Completed,0.0
4403,O004669,2025-05-21 08:48:00,C00082,P0135,ST017,In-Store,1.0,3510.0,0.0,M-Pesa,Completed,0.0
4404,O000807,13/04/2024,C00215,P0183,ST008,In-Store,1.0,39320.0,0.0,M-Pesa,Completed,0.0
4405,O003643,2025-01-24 19:13:00,C00961,P0084,ST099,Online,1.0,17830.0,0.25,M-Pesa,Completed,2.0
4406,O005673,2025-09-04 12:57:00,C00075,P0060,ST099,Online,1.0,20160.0,0.0,M-Pesa,Returned,4.0
4407,O004167,2025-03-29 17:22:00,C00456,P0054,ST008,In-Store,1.0,7300.0,0.0,M-Pesa,Completed,0.0
4408,O002351,2024-10-06 18:08:00,C00560,P0160,ST003,In-Store,1.0,52970.0,0.0,CASH,Completed,0.0
4409,O000853,2024-04-18 17:12:00,C00440,P0059,ST099,Online,1.0,16280.0,0.2,Bank Transfer,Completed,1.0
4410,O000048,2024-01-06 14:01:00,C00345,P0159,ST099,Online,1.0,14960.0,0.1,Mpesa,complete,2.0
4411,O005852,2025-09-24 10:06:00,C01240,P0176,ST005,In-Store,1.0,10760.0,,M-Pesa,Completed,0.0
4412,O003526,2025-01-08 17:55:00,C00306,P0010,ST013,In-Store,1.0,127120.0,0.0,M-PESA,Completed,0.0
4413,O004218,2025-04-03 11:27:00,C00483,P0003,ST013,In-Store,1.0,26210.0,0.0,M-Pesa,Completed,0.0
4414,O004724,2025-05-26 15:17:00,C01249,P0045,ST099,Online,3.0,20960.0,0.05,Airtel Money,Completed,2.0
4415,O006167,2025-10-23 18:43:00,C00216,P0016,ST004,In-Store,2.0,38090.0,0.05,M-Pesa,completed,0.0
4416,O004289,12-Apr-2025,C00674,P0017,ST099,Online,1.0,123410.0,0.0,M-Pesa,Completed,5.0
4417,O005974,2025-10-05 08:15:00,C00410,P0088,ST003,In-Store,1.0,10360.0,0.0,M-Pesa,Completed,0.0
4418,O006249,2025-10-30 11:33:00,C00848,P0163,ST024,In-Store,,41210.0,0.0,Airtel-Money,Returned,0.0
4419,O001146,2024-05-23 11:55:00,C00663,P0198,ST006,In-Store,2.0,35160.0,0.0,MPESA ,Completed,0.0
4420,O002687,2024-11-07 11:11:00,C01038,P0108,ST007,In-Store,2.0,14950.0,0.0,Mpesa ,Completed,0.0
4421,O003308,2024-12-21 20:52:00,C00087,P0198,ST014,In-Store,4.0,35160.0,0.0,Airtel money,Completed,0.0
4422,O006976,2025-12-21 14:50:00,C00567,P0039,ST008,In-Store,1.0,75080.0,0.0,M-Pesa,Completed,0.0
4423,O005198,2025-07-17 18:17:00,C01048,P0084,ST099,Online,1.0,17830.0,0.05,m-pesa,Completed,6.0
4424,O006514,2025-11-22 14:57:00,C00588,P0096,ST012,In-Store,1.0,6270.0,0.0,Cash,Completed,0.0
4425,O006920,2025-12-19 19:35:00,C00465,P0025,ST004,In-Store,1.0,53630.0,0.0,M-Pesa,Cancelled,0.0
4426,O000333,2024-02-13 16:37:00,C00065,P0138,ST024,In-Store,1.0,4780.0,0.0,M-Pesa,Completed,0.0
4427,O002055,2024-09-03 14:22:00,C00827,P0135,ST099,Online,2.0,3510.0,0.0,Credit/Debit Card,complete,3.0
4428,O002658,2024-11-04 09:50:00,C00552,P0091,ST010,In-Store,1.0,2270.0,0.0,M-Pesa,Completed,0.0
4429,O004856,2025-06-10 11:50:00,C01245,P0174,ST016,In-Store,1.0,29840.0,0.0,Credit/Debit Card,Completed,0.0
4430,O005937,2025-10-02 12:54:00,C00699,P0051,ST099,Online,1.0,20210.0,0.25,M-Pesa,Completed,5.0
4431,O002097,2024-09-09 10:19:00,C01192,P0184,ST099,Online,1.0,20390.0,0.0,MPESA ,Completed,5.0
4432,O003001,2024-12-03 10:54:00,C00015,P0135,ST099,Online,2.0,3510.0,0.2,M-Pesa,Completed,4.0
4433,O002581,2024-10-28 20:39:00,C00660,P0010,ST099,Online,1.0,127120.0,0.0,M-Pesa,complete,5.0
4434,O000279,2024-02-04 14:36:00,C01226,P0086,ST099,Online,2.0,19730.0,0.0,debit card,Completed,1.0
4435,O000522,2024-03-09 08:06:00,C00668,P0046,ST022,In-Store,1.0,17890.0,0.0,Credit/Debit Card,Completed,0.0
4436,O003219,2024-12-17 16:56:00,,P0128,ST099,Online,1.0,13910.0,0.0,M-Pesa,Completed,2.0
4437,O003782,2025-02-11 17:14:00,C01331,P0105,ST099,Online,2.0,15970.0,0.0,M pesa,Completed,2.0
4438,O006725,2025-12-08 14:55:00,C00380,P0108,ST099,Online,1.0,14950.0,,M-Pesa,Completed,2.0
4439,O006636,2025-12-02 10:44:00,C00403,P0156,ST099,Online,3.0,30350.0,0.0,Credit/Debit Card,Completed,3.0
4440,O006217,2025-10-27 12:10:00,C01106,P0179,ST013,In-Store,2.0,40350.0,0.0,Bank Transfer,Returned,0.0
4441,O005511,2025-08-18 19:51:00,C01325,P0050,ST099 ,Online,1.0,1870.0,0.0,M-Pesa,COMPLETED,2.0
4442,O006081,2025-10-14 20:06:00,C00922,P0058,ST099,Online,1.0,,0.0,M-Pesa,Completed,6.0
4443,O000785,2024-04-11 15:30:00,C00425,P0023,ST099,Online,1.0,122960.0,0.0,credit card,Completed,5.0
4444,O001123,2024-05-20 08:15:00,C00479,P0159,ST099,Online,2.0,14960.0,0.15,Cash,Completed,6.0
4445,O004299,2025/04/13,C01185,P0111,ST099,Online,1.0,3840.0,0.15,M-Pesa,Cancelled,1.0
4446,O001595,2024-07-16 16:09:00,C00719,P0080,ST020,In-Store,1.0,4980.0,0.0,CASH,Completed,0.0
4447,O004180,2025-03-30 09:15:00,C01188,P0160,ST009,In-Store,1.0,52970.0,0.0,M-Pesa,Completed,0.0
4448,O004142,2025-03-27 13:16:00,C00303,P0104,ST099,Online,1.0,3780.0,,Cash,Returned,2.0
4449,O004211,2025-04-03 09:44:00,C00471,P0033,ST006,In-Store,1.0,103260.0,0.0,AIRTEL MONEY,Completed,0.0
4450,O006381,2025-11-10 15:20:00,C00566,P0084,ST099,Online,1.0,17830.0,0.0,M-PESA,Completed,6.0
4451,O004292,2025-04-12 16:03:00,C01237,P0152,ST011,In-Store,1.0,11580.0,0.0,M-Pesa,Completed,0.0
4452,O006679,2025-12-05 18:51:00,C01111,P0135,ST016,In-Store,1.0,3510.0,0.05,M-Pesa,Completed,0.0
4453,O006356,2025-11-08 10:11:00,C00649,P0161,ST019,In-Store,1.0,49910.0,0.0,M-Pesa,Completed,0.0
4454,O005927,30-Sep-2025,,P0002,ST099,Online,-2.0,91490.0,0.0,Mpesa,Completed,4.0
4455,O005190,2025-07-16 15:24:00,C00205,P0024,ST099,Online,1.0,85100.0,0.0,M-Pesa,completed,6.0
4456,O005220,2025-07-19 14:15:00,C00064,P0060,ST010,In-Store,2.0,20160.0,0.15,M-Pesa,Completed,0.0
4457,O002733,2024-11-10 15:06:00,C00800,P0009,ST099,Online,1.0,119240.0,0.0,m-pesa,Completed,4.0
4458,O000403,2024-02-23 17:44:00,C01127,P0188,ST017,In-Store,1.0,10310.0,0.0,Credit/Debit Card,Completed,0.0
4459,O004857,2025-06-10 16:00:00,C00696,P0062,ST009,In-Store,1.0,20210.0,0.0,MPESA ,Completed,0.0
4460,O001683,2024-07-25 09:16:00,C00345,P0062,ST023,In-Store,1.0,20210.0,0.15,M-Pesa,Returned,0.0
4461,O001016,2024-05-07 17:48:00,C00410,P0004,ST099,Online,1.0,38100.0,0.0,M-Pesa,Completed,6.0
4462,O000925,2024-04-25 13:04:00,C00279,P0156,ST099,Online,2.0,30350.0,0.0,M pesa,Completed,3.0
4463,O007080,2025-12-27 08:39:00,C01028,P0154,ST099,Online,2.0,14610.0,0.0,M-Pesa,complete,3.0
4464,O001313,2024-06-14 19:42:00,C01321,P0150,ST099,Online,1.0,32640.0,0.0,Cash,Completed,2.0
4465,O006505,2025-11-22 17:25:00,C00079,P0061,ST099,Online,1.0,19410.0,0.05,M-Pesa,Completed,6.0
4466,O003480,2025-01-03 18:14:00,C01063,P0025,ST010,In-Store,1.0,53630.0,0.0,Credit/Debit Card,Returned,0.0
4467,O003324,2024-12-22 15:49:00,C00090,P0074,ST012,In-Store,2.0,1880.0,0.0,Cash,COMPLETED,0.0
4468,O004919,2025-06-17 19:03:00,C01184,P0125,ST099,Online,3.0,5710.0,0.0,cash ,Completed,6.0
4469,O000175,2024-01-22 17:57:00,C00184,P0125,ST019,In-Store,1.0,5710.0,0.0,M-Pesa,Completed,0.0
4470,O006734,2025-12-08 11:49:00,C01164,P0023,ST022,In-Store,1.0,122960.0,0.0,Cash,Completed,0.0
4471,O004140,2025-03-27 20:54:00,C00081,P0098,ST023,In-Store,1.0,10630.0,0.25,M pesa,Completed,0.0
4472,O000339,2024-02-14 08:18:00,C01054,P0083,ST004,In-Store,1.0,14200.0,0.0,M-Pesa,Completed,0.0
4473,O003043,2024-12-06 17:22:00,C00782,P0160,ST008,In-Store,4.0,52970.0,0.1,Airtel Money,Completed,0.0
4474,O005939,2025-10-02 10:25:00,C00438,P0080,ST099,Online,1.0,4980.0,0.05,Cash,Completed,3.0
4475,O003800,2025-02-15 10:06:00,C00909,P0151,ST023,In-Store,1.0,47660.0,,Airtel Money,Completed,0.0
4476,O006274,2025-11-01 09:35:00,C00299,P0074,ST099,Online,1.0,1880.0,0.0,AIRTEL MONEY,RETURNED,5.0
4477,O003378,2024-12-25 17:21:00,C00340,P0060,ST099,Online,2.0,20160.0,,M-Pesa,Completed,3.0
4478,O002608,2024-10-31 19:09:00,C00633,P0150,ST024,In-Store,1.0,32640.0,0.0,Bank Transfer,Completed,0.0
4479,O001557,2024-07-11 09:22:00,C01063,P0061 ,ST023,In-Store,1.0,19410.0,0.0,cash ,Completed,0.0
4480,O004888,2025-06-14 17:11:00,C00255,P0165,ST099,Online,1.0,456300.0,0.1,M-Pesa,complete,3.0
4481,O003373,2024-12-25 11:21:00,C00056,P0178,ST010,In-Store,3.0,,0.0,M-Pesa,Completed,0.0
4482,O000966,2024-04-30 18:38:00,C01179,P0070,ST017,In-Store,3.0,18010.0,0.2,M-Pesa,Completed,0.0
4483,O002391,2024-10-10 15:29:00,C00282,P0155,ST099 ,Online,1.0,13260.0,0.0,M-Pesa,Cancelled,3.0
4484,O003371,2024-12-25 14:34:00,C00744,P0126,ST004,In-Store,1.0,12920.0,0.1,Bank Transfer,Completed,0.0
4485,O000234,2024-01-28 16:00:00,C00724,P0108,ST019,In-Store,1.0,14950.0,0.0,CARD,Completed,0.0
4486,O001294,2024-06-12 19:58:00,C00255,P0071,ST099,Online,1.0,4850.0,0.0,M-Pesa,Returned,5.0
4487,O000073,2024-01-10 20:16:00,C01288,P0088,ST013,In-Store,1.0,10360.0,0.0,M-Pesa,Completed,0.0
4488,O007054,2025-12-25 19:03:00,C00155,P0151,ST099,Online,1.0,47660.0,0.0,MPESA ,Completed,5.0
4489,O000230,2024-01-28 16:17:00,C01290,P0194,ST099,Online,2.0,24550.0,0.0,Cash,Completed,2.0
4490,O000256,2024-02-01 16:57:00,C01033,P0070,ST012,In-Store,3.0,18010.0,0.0,M-Pesa,Completed,0.0
4491,O004903,2025-06-15 17:42:00,C00430,P0144,ST099,Online,3.0,30700.0,,Bank Transfer,completed,3.0
4492,O002884,2024-11-24 15:34:00,C00016 ,P0144,ST099,Online,2.0,30700.0,0.1,M-Pesa,Completed,6.0
4493,O005088,2025-07-05 20:46:00,,P0084,ST099,Online,1.0,17830.0,0.15,Cash,Completed,5.0
4494,O003586,2025-01-17 08:43:00,C00810,P0039,ST099,Online,1.0,75080.0,0.0,M-Pesa,Completed,4.0
4495,O000157,2024-01-20 12:37:00,C00468,P0168,ST011,In-Store,1.0,31350.0,0.1,Cash,Completed,0.0
4496,O005655,2025-09-01 13:07:00,C00552,P0012,ST099,Online,1.0,,0.0,M-Pesa,Completed,3.0
4497,O000862,2024-04-18 10:14:00,C00007,P0018,ST009,In-Store,1.0,79380.0,0.0,M-Pesa,Completed,0.0
4498,O004824,2025-06-07 14:28:00,C00851,P0036,ST007,In-Store,1.0,82830.0,0.0,M pesa,Completed,0.0
4499,O005958,2025-10-04 18:31:00,C00369,P0156,ST013,In-Store,2.0,30350.0,0.0,Mpesa ,returned,0.0
4500,O003481,2025-01-03 10:06:00,C01175,P0176,ST017,In-Store,2.0,10760.0,0.2,MPESA ,Completed,0.0
4501,O001404,2024-06-23 10:21:00,C00623,P0159,ST099,Online,2.0,14960.0,0.0,CASH,Completed,3.0
4502,O002561,2024-10-26 14:35:00,C00353,P0161,ST099,Online,2.0,49910.0,0.1,M-Pesa,Returned,1.0
4503,O006529,2025-11-24 10:58:00,C00512,P0071,ST099,Online,1.0,4850.0,0.0,M-Pesa,Completed,3.0
4504,O006884,2025-12-17 16:36:00,C00739,P0061,ST014,In-Store,1.0,19410.0,0.05,Credit/Debit Card,Completed,0.0
4505,O000391,2024-02-21 12:38:00,C01123,P0125,ST001,In-Store,1.0,5710.0,0.0,M-Pesa,Completed,0.0
4506,O002716,2024-11-09 20:35:00,C00695,P0018,ST099,Online,1.0,79380.0,0.0,Airtel Money,Completed,3.0
4507,O006576,2025-11-28 14:10:00,C00339,P0152,ST010,In-Store,1.0,11580.0,0.0,M-Pesa,Returned,0.0
4508,O004006,2025-03-13 18:32:00,C00826,P0021,ST099,Online,1.0,135600.0,0.1,mpesa,Completed,1.0
4509,O001406,2024-06-24 10:45:00,C00200,P0163,ST006,In-Store,2.0,41210.0,0.0,M-Pesa,Completed,0.0
4510,O005420,2025-08-09 12:45:00,C01229,P0027,ST099,Online,1.0,26240.0,0.0,M pesa,Completed,3.0
4511,O001461,2024-07-01 20:49:00,C01266,P0083,ST099,Online,4.0,14200.0,0.0,Credit/Debit Card,Completed,2.0
4512,O000780,2024-04-11 14:33:00,C01191,P0161,ST099,Online,1.0,49910.0,0.0,M-Pesa,Returned,5.0
4513,O001491,2024-07-04 11:58:00,C01004,P0043,ST099,Online,1.0,20360.0,0.0,m-pesa,Completed,3.0
4514,O004623,2025-05-17 08:36:00,C00966,P0002,ST099,Online,2.0,91490.0,0.0,M-Pesa,Returned,2.0
4515,O006791,2025-12-12 09:04:00,C00346,P0005,ST099,Online,1.0,18960.0,0.0,M-Pesa,Completed,3.0
4516,O001163,2024-05-25 09:28:00,C00339,P0196,ST020,In-Store,3.0,20930.0,0.0,mpesa,Completed,0.0
4517,O002480,2024-10-19 13:35:00,C00398,P0174,ST017,In-Store,1.0,29840.0,0.0,Bank Transfer,Completed,0.0
4518,O004680,2025-05-23 14:47:00,C01011,P0016,ST099,Online,2.0,38090.0,0.0,Mpesa,complete,3.0
4519,O002217,2024-09-22 14:14:00,C00178,P0135,ST099,Online,3.0,3510.0,0.0,M-Pesa,Completed,6.0
4520,O004109,2025-03-23 08:29:00,C01032,P0194,ST099,Online,1.0,24550.0,0.0,Cash,Completed,4.0
4521,O001481,2024-07-03 09:05:00,C01155,P0051,ST001,In-Store,1.0,20210.0,0.0,Credit/Debit Card,Returned,0.0
4522,O002007,2024-08-30 12:34:00,C00478,P0197,ST022,In-Store,1.0,22390.0,0.0,Airtel Money,Completed,0.0
4523,O005459,2025-08-14 08:04:00,C00799,P0060,ST010,In-Store,1.0,20160.0,0.0,Airtel Money,complete,0.0
4524,O006597,2025-11-29 12:32:00,C00268,P0108,ST099,Online,1.0,14950.0,0.0,M-Pesa,Completed,6.0
4525,O005706,2025-09-07 11:23:00,C00848,P0142,ST021,In-Store,1.0,5880.0,0.0,M-Pesa,Completed,0.0
4526,O001721,2024-07-28 10:09:00,C00813,P0104 ,ST007,In-Store,1.0,3780.0,0.0,M-Pesa,Completed,0.0
4527,O006669,2025-12-04 13:10:00,C00381,P0125,ST099,Online,1.0,5710.0,0.05,M-Pesa,Completed,2.0
4528,O002187,2024-09-19 09:47:00,C00205,P0048,ST013,In-Store,2.0,21400.0,0.0,Mpesa ,Completed,0.0
4529,O007017,2025-12-23 15:59:00,C01093,P0033,ST099,Online,2.0,103260.0,0.05,cash,COMPLETED,3.0
4530,O003168,15-Dec-2024,C01230,P0152,ST099,Online,2.0,11580.0,0.0,Mpesa ,Completed,1.0
4531,O001782,2024-08-04 13:05:00,C01025,P0011,ST020,In-Store,2.0,25490.0,0.0,Airtel Money,Returned,0.0
4532,O004501,2025-05-03 17:39:00,C00922,P0129,ST099,Online,1.0,10150.0,0.15,M-Pesa,Returned,3.0
4533,O004253,2025-04-08 14:37:00,C00237,P0156,ST011,In-Store,2.0,30350.0,0.0,Airtel money,Returned,0.0
4534,O002746,2024-11-11 19:02:00,C01324,P0036,ST015,In-Store,1.0,82830.0,0.05,M-Pesa,completed,0.0
4535,O000856,2024-04-18 10:42:00,,P0087,ST012,In-Store,1.0,11890.0,0.0,debit card,COMPLETED,0.0
4536,O003987,2025/03/09,C00745,P0183,ST099,Online,1.0,39320.0,0.0,Cash,Cancelled,5.0
4537,O004380,2025-04-20 08:23:00,C00689,P0060,ST099,Online,1.0,20160.0,0.0,M-Pesa,Completed,2.0
4538,O000282,2024-02-05 15:07:00,C00938,P0025,ST099,Online,1.0,53630.0,0.0,Cash,complete,4.0
4539,O004710,2025-05-25 12:42:00,C00161,P0060,ST099,Online,1.0,,0.0,M-Pesa,Returned,3.0
4540,O004067,2025-03-19 09:58:00,C01129,P0081,ST099,Online,2.0,14340.0,0.0,Airtel money,completed,5.0
4541,O004912,2025-06-16 15:54:00,C01255,P0172,ST099,Online,1.0,38980.0,0.15,Bank Transfer,completed,4.0
4542,O004308,2025-04-14 09:43:00,C01087,P0074,ST005,In-Store,2.0,1880.0,0.0,M-Pesa,Completed,0.0
4543,O000586,2024-03-17 15:34:00,C00376,P0083,ST099,Online,1.0,14200.0,0.0,MPESA ,Completed,4.0
4544,O001970,2024-08-25 17:31:00,C00890,P0060,ST021,In-Store,1.0,20160.0,0.0,M-Pesa,Completed,0.0
4545,O003523,2025-01-08 12:12:00,C00307,P0189,ST099,Online,1.0,32140.0,,Airtel Money,Completed,6.0
4546,O003889,2025-02-27 09:50:00,C00488,P0184,ST099,Online,1.0,20390.0,,M-Pesa,Completed,2.0
4547,O004349,2025-04-18 17:34:00,C01225,P0175,ST099,Online,1.0,15740.0,0.0,mpesa,Completed,2.0
4548,O002259,2024-09-26 16:12:00,C00271,P0025,ST099,Online,1.0,53630.0,0.1,credit card,Completed,1.0
4549,O000515,2024-03-08 17:31:00,C01183 ,P0194,ST023,In-Store,1.0,24550.0,0.0,mpesa,Returned,0.0
4550,O002754,2024-11-12 09:45:00,C00221,P0069,ST099,Online,1.0,20690.0,0.2,M-Pesa,completed,1.0
4551,O004950,2025-06-21 12:11:00,C00681,P0056,ST099,Online,1.0,14270.0,0.05,M-Pesa,Completed,1.0
4552,O002579,2024-10-28 18:02:00,C01076,P0017,ST099,Online,2.0,123410.0,0.0,M-Pesa,Cancelled,1.0
4553,O003846,2025-02-21 08:20:00,C00747,P0077,ST099,Online,2.0,7450.0,0.0,Cash,Completed,5.0
4554,O006200,2025-10-26 19:55:00,C00638,P0183,ST099,Online,1.0,39320.0,0.0,MPESA ,Completed,5.0
4555,O001464,2024-07-01 10:17:00,C00494,P0197,ST099,Online,1.0,22390.0,0.0,M-Pesa,Completed,2.0
4556,O006269,2025-11-01 16:23:00,C00569,P0042,ST016,In-Store,1.0,123680.0,0.0,Credit/Debit Card,Completed,0.0
4557,O006847,2025-12-16 14:25:00,C00244,P0051,ST099,Online,1.0,20210.0,0.1,Bank Transfer,Completed,2.0
4558,O000826,2024-04-15 13:10:00,C00235,P0060,ST006,In-Store,1.0,20160.0,0.0,Credit/Debit Card,Completed,0.0
4559,O001626,2024-07-19 09:56:00,C01262,P0024,ST099,Online,1.0,85100.0,0.0,Bank Transfer,Completed,4.0
4560,O000937,2024-04-27 08:03:00,C00321,P0025,ST002,In-Store,1.0,53630.0,0.0,M-PESA,Completed,0.0
4561,O003109,2024-12-10 19:59:00,C01015,P0020,ST099,Online,1.0,10070.0,0.1,Bank Transfer,Completed,4.0
4562,O000066,2024-01-09 19:17:00,C01123,P0063,ST007,In-Store,2.0,1440.0,0.2,M-Pesa,complete,0.0
4563,O000388,2024-02-21 15:27:00,C01188,P0160,ST099,Online,1.0,52970.0,0.0,AIRTEL MONEY,Completed,1.0
4564,O003489,2025-01-04 08:44:00,C00258,P0074,ST024,In-Store,1.0,1880.0,0.0,mpesa,Completed,0.0
4565,O001974,2024-08-26 11:22:00,C00908,P0062,ST021,In-Store,1.0,20210.0,0.0,M-Pesa,Completed,0.0
4566,O000706,2024-03-31 08:57:00,C00396,P0010,ST012,In-Store,2.0,127120.0,0.0,cash,Returned,0.0
4567,O003041,2024-12-06 16:03:00,C01130,P0194,ST009,In-Store,4.0,24550.0,,M-Pesa,CANCELLED,0.0
4568,O000752,2024-04-07 08:46:00,C01016,P0060,ST008,In-Store,1.0,20160.0,0.0,CARD,Completed,0.0
4569,O003646,2025-01-24 10:19:00,,P0084,ST099,Online,2.0,17830.0,0.0,M-Pesa,Completed,6.0
4570,O003963,2025-03-07 13:13:00,C01162,P0109,ST006,In-Store,1.0,6990.0,0.0,M-Pesa,Completed,0.0
4571,O002233,2024-09-23 16:38:00,C01240,P0188,ST019,In-Store,1.0,10310.0,0.0,Cash,Completed,0.0
4572,O005688,2025-09-05 20:01:00,C00285,P0174,ST099,Online,1.0,29840.0,0.0,M-Pesa,Completed,3.0
4573,O004324,2025-04-15 20:19:00,C00250,P0080,ST008,In-Store,1.0,4980.0,0.1,M-Pesa,complete,0.0
4574,O001037,2024-05-10 11:14:00,C00202,P0033,ST008,In-Store,2.0,103260.0,0.0,m-pesa,Returned,0.0
4575,O003551,2025-01-12 10:03:00,C00167,P0129,ST013,In-Store,1.0,10150.0,0.0,Credit/Debit Card,Returned,0.0
4576,O003223,2024-12-18 20:22:00,C00971,P0058,ST008,In-Store,2.0,17000.0,0.0,M pesa,Completed,0.0
4577,O005223,2025-07-19 18:02:00,C00574,P0194,ST011,In-Store,1.0,24550.0,0.0,M-Pesa,Completed,0.0
4578,O001099,2024-05-17 15:16:00,C01106,P0060,ST013,In-Store,1.0,20160.0,0.0,M-Pesa,Completed,0.0
4579,O005041,2025-07-01 10:30:00,C01241,P0041,ST017,In-Store,1.0,83810.0,0.0,M-Pesa,Completed,0.0
4580,O004017,2025-03-14 11:51:00,C01182,P0028,ST002,In-Store,3.0,6690.0,0.0,Airtel-Money,Completed,0.0
4581,O000186,2024-01-23 20:10:00,C00907,P0146,ST001,In-Store,1.0,29570.0,0.0,M-Pesa,Completed,0.0
4582,O000946,2024-04-28 13:50:00,C01347,P0030,ST099,Online,1.0,62130.0,0.0,Bank Transfer,Completed,5.0
4583,O001057,2024-05-12 10:17:00,C00183,P0021,ST022,In-Store,1.0,135600.0,0.0,mpesa,Cancelled,0.0
4584,O003301,2024-12-21 11:01:00,C00215,P0088,ST099,Online,1.0,10360.0,0.0,Cash,Completed,4.0
4585,O004273,2025-04-10 12:03:00,C01097,P0152,ST099,Online,2.0,11580.0,0.0,Cash,Completed,4.0
4586,O002831,2024-11-19 20:24:00,C00719,P0030,ST011,In-Store,1.0,62130.0,0.0,M-Pesa,Completed,0.0
4587,O002254,2024-09-25 19:07:00,C00975,P0131,ST023,In-Store,1.0,1830.0,0.0,Bank Transfer,Completed,0.0
4588,O000272,2024-02-03 14:40:00,C01227,P0070,ST015,In-Store,1.0,18010.0,0.0,Bank Transfer,Cancelled,0.0
4589,O003664,2025-01-26 10:57:00,C00600,P0034,ST005,In-Store,1.0,32600.0,0.0,cash,Completed,0.0
4590,O005129,2025-07-09 13:43:00,C01061,P0028,ST016,In-Store,2.0,6690.0,0.05,Mpesa ,Completed,0.0
4591,O005411,2025-08-09 13:26:00,C01083,P0188,ST099,Online,1.0,10310.0,0.0,Mpesa ,Completed,2.0
4592,O004293,2025-04-13 13:56:00,C00215,P0086,ST099,Online,1.0,19730.0,0.0,M pesa,Completed,6.0
4593,O000711,2024-04-01 19:59:00,C00429,P0188,ST018,In-Store,1.0,10310.0,0.0,Card,Completed,0.0
4594,O002402,2024-10-11 20:54:00,,P0138,ST017,In-Store,1.0,4780.0,0.0,Cash,Completed,0.0
4595,O004266,2025-04-10 16:13:00,C00548,P0190,ST018,In-Store,1.0,24360.0,0.0,Airtel Money,Completed,0.0
4596,O001362,2024-06-19 10:21:00,C00495,P0012,ST005,In-Store,2.0,130340.0,0.0,M pesa,Completed,0.0
4597,O005647,2025-08-31 13:52:00,C00379,P0010,ST021,In-Store,1.0,127120.0,0.0,M-Pesa,Completed,0.0
4598,O000875,2024-04-20 08:11:00,C00988,P0155,ST099,Online,3.0,13260.0,0.0,M-Pesa,completed,3.0
4599,O003754,2025-02-08 11:43:00,C00792,P0119,ST005,In-Store,1.0,10780.0,0.15,Cash,Completed,0.0
4600,O000927,26-Apr-2024,C01303,P0172,ST012,In-Store,1.0,38980.0,0.15,Cash,Completed,0.0
4601,O006592,29/11/2025,C00915,P0080,ST099,Online,4.0,4980.0,0.0,M-Pesa,Completed,4.0
4602,O000984,2024-05-03 09:23:00,C00681,P0040,ST015,In-Store,1.0,126140.0,0.0,Cash,Returned,0.0
4603,O006936,20-Dec-2025,C01280,P0024,ST016,In-Store,1.0,85100.0,0.1,M pesa,Completed,0.0
4604,O002641,2024-11-03 20:25:00,C01262,P0070,ST013,In-Store,2.0,18010.0,0.0,Mpesa,Completed,0.0
4605,O004568,2025-05-10 15:00:00,C00941,P0151,ST016,In-Store,1.0,47660.0,0.0,Credit/Debit Card,Completed,0.0
4606,O001067,2024-05-13 18:58:00,C00039,P0028,ST099,Online,1.0,6690.0,0.0,M-Pesa,Completed,2.0
4607,O006568,2025-11-27 14:28:00,C00442,P0165,ST016,In-Store,2.0,45630.0,0.0,M-Pesa,Completed,0.0
4608,O000427,2024-02-26 16:50:00,C00108,P0002,ST099,Online,1.0,,0.0,Mpesa ,Completed,4.0
4609,O003364,2024-12-24 20:15:00,C00939,P0165,ST006,In-Store,1.0,45630.0,0.0,M-Pesa,Completed,0.0
4610,O001327,2024-06-15 12:35:00,C00201 ,P0038,ST099,Online,2.0,65560.0,0.0,Cash,Completed,3.0
4611,O003281,2024-12-20 19:38:00,C00112,P0148,ST004,In-Store,3.0,32090.0,0.0,Cash,Completed,0.0
4612,O002275,28-Sep-2024,C00911,P0194,ST015,In-Store,1.0,24550.0,0.0,M-Pesa,Completed,0.0
4613,O003408,2024/12/27,C01238,P0096,ST019,In-Store,1.0,6270.0,0.0,Mpesa ,Completed,0.0
4614,O000812,2024-04-14 20:44:00,C00919,P0031,ST003,In-Store,1.0,7910.0,0.0,M-Pesa,Completed,0.0
4615,O006143,2025-10-21 09:54:00,C00675,P0125,ST023,In-Store,1.0,5710.0,0.0,Airtel Money,Returned,0.0
4616,O004694,2025-05-24 16:24:00,C01004,P0060,ST016,In-Store,1.0,20160.0,0.0,m-pesa,Cancelled,0.0
4617,O003535,2025-01-09 13:42:00,C00393,P0013,ST018,In-Store,3.0,30190.0,0.0,Airtel Money,Completed,0.0
4618,O005114,2025-07-07 11:39:00,C01190,P0044,ST013,In-Store,3.0,9920.0,0.0,Credit/Debit Card,Completed,0.0
4619,O000809,2024-04-13 15:26:00,C00863,P0196,ST002,In-Store,1.0,20930.0,0.0,Cash,Completed,0.0
4620,O005782,2025-09-16 09:02:00,C00002,P0071,ST001,In-Store,1.0,4850.0,0.1,Cash,Completed,0.0
4621,O006785,12-Dec-2025,C01080,P0096,ST012,In-Store,1.0,6270.0,0.0,M-Pesa,Completed,0.0
4622,O006570,27-Nov-2025,C01000,P0060,ST099,Online,1.0,20160.0,0.0,M-Pesa,Completed,6.0
4623,O001267,2024-06-08 17:10:00,C00344,P0017,ST017,In-Store,1.0,123410.0,0.0,M-Pesa,Completed,0.0
4624,O005703,2025-09-07 08:34:00,C00768,P0139,ST013,In-Store,1.0,6700.0,,Credit/Debit Card,Completed,0.0
4625,O006841,2025-12-16 17:24:00,C00920,P0079,ST020,In-Store,1.0,17060.0,0.0,M-Pesa,Completed,0.0
4626,O003807,2025-02-15 18:25:00,C00591,P0010,ST024,In-Store,2.0,127120.0,0.0,Cash,Completed,0.0
4627,O005027,2025-06-30 13:50:00,C00179,P0002,ST014,In-Store,1.0,91490.0,0.0,Airtel Money,Completed,0.0
4628,O002678,2024-11-06 09:05:00,C00113,P0004,ST015,In-Store,1.0,38100.0,,Mpesa,complete,0.0
4629,O003968,2025-03-07 18:12:00,C00727,P0012,ST099,Online,1.0,130340.0,0.0,Airtel money,Completed,2.0
4630,O000414,2024-02-24 13:43:00,C01231,P0161,ST002,In-Store,1.0,49910.0,0.0,M-Pesa,Completed,0.0
4631,O006154,2025-10-22 09:46:00,C01320,P0016,ST005,In-Store,1.0,38090.0,0.0,M-Pesa,Completed,0.0
4632,O002625,2024-11-02 09:02:00,C00367,P0189,ST005,In-Store,1.0,32140.0,0.0,Bank Transfer,Completed,0.0
4633,O002030,2024/08/31,C00599,P0140,ST018,In-Store,1.0,13940.0,0.0,cash ,Completed,0.0
4634,O006662,2025-12-03 19:54:00,C01235,P0030,ST021 ,In-Store,1.0,62130.0,0.0,M-Pesa,Cancelled,0.0
4635,O001963,2024-08-25 14:31:00,C00409,P0103,ST099,Online,1.0,,0.15,Credit/Debit Card,Completed,4.0
4636,O002539,2024-10-24 18:34:00,C00108,P0138,ST011,In-Store,1.0,4780.0,0.15,Card,Completed,0.0
4637,O006077,2025-10-13 10:32:00,C00999,P0146,ST010,In-Store,1.0,29570.0,0.0,Cash,Completed,0.0
4638,O004221,2025-04-04 19:12:00,C00848,P0180,ST099,Online,3.0,18660.0,0.0,Cash,Completed,6.0
4639,O000956,2024-04-29 15:25:00,C00158,P0160,ST099,Online,1.0,52970.0,0.0,Cash,completed,3.0
4640,O000081,2024-01-11 16:32:00,C00543,P0023 ,ST003,In-Store,1.0,122960.0,0.0,M-Pesa,Completed,0.0
4641,O005465,2025-08-14 20:36:00,,P0111,ST009,In-Store,3.0,3840.0,0.0,Bank Transfer,Cancelled,0.0
4642,O000959,2024-04-29 18:46:00,,P0007,ST099,Online,1.0,46260.0,0.0,Bank Transfer,Completed,5.0
4643,O005529,2025-08-20 10:13:00,C01107,P0121,ST023,In-Store,1.0,5670.0,0.0,Credit/Debit Card,Completed,0.0
4644,O001825,2024-08-10 16:51:00,C00469,P0189,ST099,Online,1.0,32140.0,0.05,M-Pesa,Completed,5.0
4645,O005607,2025-08-28 18:53:00,,P0021,ST004,In-Store,1.0,135600.0,0.15,cash ,Completed,0.0
4646,O006360,2025-11-08 17:12:00,C00394,P0135,ST006,In-Store,1.0,3510.0,0.0,Airtel Money,Completed,0.0
4647,O001269,2024-06-08 18:06:00,C00232,P0080,ST019,In-Store,1.0,4980.0,0.0,cash ,Completed,0.0
4648,O000849,2024-04-17 09:40:00,C00140,P0033,ST008,In-Store,2.0,103260.0,0.0,MPESA ,completed,0.0
4649,O003632,2025-01-23 13:26:00,C00051,P0005,ST099,Online,1.0,18960.0,0.0,cash ,Returned,2.0
4650,O006477,2025-11-19 12:27:00,C00309,P0160,ST016,In-Store,2.0,52970.0,0.0,Cash,Completed,0.0
4651,O003958,2025-03-06 15:13:00,C00958,P0058,ST099,Online,1.0,17000.0,0.1,Bank Transfer,Completed,1.0
4652,O005314,2025-07-30 20:51:00,C01143,P0151,ST099,Online,2.0,47660.0,0.0,Airtel Money,Completed,1.0
4653,O006569,2025-11-27 10:30:00,,P0188,ST008,In-Store,1.0,10310.0,0.0,M-Pesa,Completed,0.0
4654,O000046,2024-01-06 15:29:00,C00092,P0010,ST099,Online,2.0,127120.0,0.0,M-Pesa,Completed,5.0
4655,O000505,2024-03-07 13:04:00,C00087,P0023,ST021,In-Store,2.0,122960.0,0.0,cash,complete,0.0
4656,O006050,2025-10-11 10:56:00,C01350,P0135,ST005,In-Store,4.0,3510.0,0.0,MPESA ,COMPLETED,0.0
4657,O005076,2025-07-05 11:46:00,C00332,P0004,ST099,Online,1.0,38100.0,0.0,M-Pesa,Completed,4.0
4658,O006240,2025-10-30 19:59:00,C01262,P0096,ST011,In-Store,1.0,6270.0,0.0,M-Pesa,Completed,0.0
4659,O001295,2024-06-12 19:12:00,C00438,P0053,ST099,Online,3.0,13410.0,,Mpesa ,Completed,3.0
4660,O004083,2025-03-21 20:42:00,C01213,P0012,ST022,In-Store,1.0,130340.0,0.0,Airtel Money,Cancelled,0.0
4661,O006792,2025-12-12 20:39:00,C01100,P0062,ST099,Online,2.0,20210.0,0.0,Bank Transfer,Completed,3.0
4662,O004542,2025-05-07 13:47:00,C00798,P0150,ST012,In-Store,1.0,32640.0,0.0,Cash,Completed,0.0
4663,O001654,2024-07-22 12:24:00,C00152,P0059,ST099,Online,1.0,16280.0,0.0,Credit/Debit Card,Returned,2.0
4664,O003061,2024-12-07 14:50:00,C00407,P0107,ST011 ,In-Store,1.0,13230.0,0.1,M-Pesa,complete,0.0
4665,O000833,2024-04-16 15:15:00,C00911,P0005,ST099,Online,1.0,18960.0,0.0,Credit/Debit Card,Completed,3.0
4666,O006185,2025-10-25 14:36:00,C00987 ,P0173,ST099,Online,1.0,19620.0,0.0,Cash,Completed,4.0
4667,O006451,2025-11-16 20:13:00,C01322,P0096,ST099,Online,2.0,6270.0,0.0,Cash,complete,4.0
4668,O001822,2024-08-09 09:55:00,C01307,P0074,ST004,In-Store,2.0,1880.0,0.1,cash,Completed,0.0
4669,O000914,2024-04-25 10:47:00,C00248,P0144,ST099,Online,1.0,30700.0,0.0,mpesa,Completed,4.0
4670,O000735,2024-04-05 11:11:00,C01158,P0160,ST014,In-Store,1.0,52970.0,0.0,cash,Completed,0.0
4671,O004204,2025-04-02 20:52:00,C01100,P0066,ST099,Online,1.0,1630.0,0.0,Cash,COMPLETED,2.0
4672,O006964,2025-12-21 19:42:00,C00287,P0020,ST099,Online,1.0,10070.0,0.0,M-Pesa,Returned,2.0
4673,O005603,2025-08-28 09:31:00,C00603,P0034,ST019,In-Store,1.0,32600.0,0.15,MPESA ,Completed,0.0
4674,O005197,17/07/2025,,P0128,ST003,In-Store,1.0,13910.0,0.0,Cash,Completed,0.0
4675,O005391,2025-08-06 12:05:00,C00417,P0030,ST099,Online,1.0,62130.0,0.0,m-pesa,Completed,2.0
4676,O006794,2025-12-13 20:38:00,C00928,P0079,ST004,In-Store,3.0,17060.0,0.05,MPESA ,Completed,0.0
4677,O000069,2024-01-09 10:51:00,C00727,P0160,ST007,In-Store,1.0,52970.0,0.0,debit card,COMPLETED,0.0
4678,O000758,2024-04-08 15:14:00,C01129,P0053,ST099,Online,1.0,13410.0,0.0,Cash,Completed,6.0
4679,O000912,2024-04-24 14:12:00,C00695,P0086,ST016,In-Store,2.0,19730.0,0.0,M-Pesa,Completed,0.0
4680,O003165,2024-12-15 09:39:00,C01085,P0063,ST099,Online,2.0,1440.0,0.0,Credit/Debit Card,Completed,2.0
4681,O005902,2025-09-28 18:04:00,C00802,P0198,ST099,Online,1.0,35160.0,0.0,Airtel Money,Completed,6.0
4682,O006585,2025-11-28 19:38:00,C00146,P0146,ST099,Online,1.0,29570.0,0.0,Cash,completed,6.0
4683,O006366,2025-11-09 16:30:00,C00313,P0189,ST099,Online,1.0,32140.0,0.0,Cash,Completed,3.0
4684,O000292,2024-02-07 18:26:00,C00893,P0165,ST022,In-Store,1.0,45630.0,0.0,M-Pesa,Completed,0.0
4685,O004655,2025-05-20 12:38:00,C00140,P0088,ST022,In-Store,1.0,10360.0,0.0,Mpesa,Completed,0.0
4686,O001579,2024-07-14 15:32:00,C00018,P0086,ST003,In-Store,1.0,19730.0,0.0,Airtel Money,returned,0.0
4687,O002087,2024-09-08 15:08:00,C00026,P0183,ST021,In-Store,1.0,39320.0,0.15,M-Pesa,Completed,0.0
4688,O006759,2025-12-10 15:29:00,C00882,P0155,ST009,In-Store,1.0,13260.0,0.0,Airtel Money,returned,0.0
4689,O000399,2024-02-22 14:12:00,C01122,P0023,ST099,Online,1.0,,0.0,Mpesa ,Completed,5.0
4690,O004114,2025-03-24 15:06:00,C00001,P0034,ST015 ,In-Store,1.0,32600.0,,M-Pesa,Completed,0.0
4691,O006943,2025-12-20 18:40:00,C00285,P0020,ST099,Online,1.0,10070.0,0.05,M-Pesa,Completed,3.0
4692,O000719,2024-04-02 08:03:00,C00147,P0007,ST099,Online,1.0,46260.0,0.0,Mpesa,Completed,1.0
4693,O001252,2024-06-07 13:41:00,C01215,P0041,ST021,In-Store,2.0,83810.0,0.0,Credit/Debit Card,Completed,0.0
4694,O004291,2025-04-12 20:41:00,C00548,P0009,ST099,Online,1.0,119240.0,0.0,cash ,Completed,5.0
4695,O005002,2025-06-26 10:04:00,C00145,P0148,ST024,In-Store,1.0,32090.0,0.0,Cash,Completed,0.0
4696,O000201,2024-01-25 20:42:00,C00293,P0057,ST099,Online,3.0,2110.0,0.0,M pesa,Returned,3.0
4697,O004394,2025-04-21 17:14:00,C00032,P0175,ST153,Online,1.0,15740.0,0.0,Credit/Debit Card,Completed,1.0
4698,O002162,2024-09-15 16:17:00,C00375,P0152,ST012,In-Store,1.0,11580.0,,Mpesa,Completed,0.0
4699,O004290,2025-04-12 16:10:00,C01257,P0086,ST017,In-Store,2.0,19730.0,0.0,M-Pesa,Completed,0.0
4700,O005961,2025-10-04 08:02:00,C01076,P0062,ST099,Online,1.0,20210.0,0.0,M-Pesa,completed,5.0
4701,O006840,2025-12-16 13:11:00,C00203,P0098,ST099,Online,1.0,10630.0,0.0,Cash,Completed,4.0
4702,O006255,2025-10-31 18:25:00,C00603,P0071,ST010,In-Store,2.0,4850.0,0.1,Card,Completed,0.0
4703,O005378,2025-08-05 18:46:00,C00701,P0060,ST010,In-Store,1.0,20160.0,,Mpesa,Completed,0.0
4704,O000008,2024-01-02 13:36:00,C00571,P0111,ST099,Online,1.0,3840.0,0.0,M-Pesa,Completed,1.0
4705,O000179,2024-01-22 14:19:00,C00780,P0033,ST013,In-Store,2.0,103260.0,0.0,M-Pesa,Completed,0.0
4706,O000404,2024-02-23 20:03:00,C00984,P0062,ST018,In-Store,1.0,20210.0,0.05,mpesa,Completed,0.0
4707,O002354,2024-10-06 14:12:00,C00730,P0188,ST022,In-Store,2.0,10310.0,0.0,M-Pesa,Completed,0.0
4708,O001989,2024-08-28 15:39:00,C00004,P0183,ST099,Online,2.0,39320.0,0.0,Credit/Debit Card,Cancelled,2.0
4709,O001432,2024-06-27 15:13:00,C01245,P0146,ST012,In-Store,2.0,29570.0,0.0,Credit/Debit Card,Completed,0.0
4710,O001935,2024-08-22 20:55:00,C00119,P0183,ST001,In-Store,1.0,39320.0,0.05,cash,Completed,0.0
4711,O004120,25/03/2025,C00240,P0062,ST099,Online,1.0,20210.0,0.0,M-Pesa,Completed,6.0
4712,O002290,2024-09-29 19:24:00,C01007,P0061,ST099,Online,1.0,19410.0,0.0,MPESA ,Completed,2.0
4713,O004727,2025-05-27 11:23:00,C00287,P0175,ST007,In-Store,1.0,15740.0,,cash ,Completed,0.0
4714,O006312,2025-11-04 11:14:00,C00586,P0056,ST003,In-Store,2.0,14270.0,0.0,Airtel Money,Returned,0.0
4715,O006263,2025-10-31 14:15:00,C00784,P0158,ST011,In-Store,1.0,36400.0,0.0,Airtel Money,completed,0.0
4716,O000422,2024-02-25 09:26:00,C00503,P0062,ST099,Online,1.0,20210.0,,M-Pesa,Returned,5.0
4717,O003853,2025-02-22 18:35:00,C00785,P0084,ST099,Online,2.0,17830.0,0.05,CARD,Completed,3.0
4718,O000603,2024-03-19 16:55:00,C00590,P0136,ST099,Online,1.0,1510.0,0.0,Airtel Money,COMPLETED,5.0
4719,O006117,2025-10-18 10:19:00,C00197,P0165,ST022,In-Store,1.0,45630.0,0.0,M-Pesa,COMPLETED,0.0
4720,O002563,2024-10-26 15:55:00,C00522,P0188,ST021,In-Store,1.0,10310.0,0.0,Airtel Money,Completed,0.0
4721,O003315,2024-12-22 14:39:00,C00370,P0010,ST099,Online,1.0,127120.0,0.0,Mpesa,Returned,4.0
4722,O005139,2025-07-10 12:42:00,C01047,P0174,ST099,Online,1.0,29840.0,0.15,M-Pesa,RETURNED,4.0
4723,O006770,2025/12/11,C00565,P0040,ST010,In-Store,1.0,126140.0,0.15,Bank Transfer,Completed,0.0
4724,O005798,2025-09-17 16:06:00,C01186,P0062,ST014,In-Store,1.0,20210.0,0.05,Airtel-Money,CANCELLED,0.0
4725,O005143,2025-07-10 16:59:00,C00703,P0060,ST003,In-Store,1.0,20160.0,0.0,M-Pesa,Completed,0.0
4726,O004828,2025-06-07 14:14:00,C01176,P0034,ST011,In-Store,1.0,32600.0,0.0,Credit/Debit Card,complete,0.0
4727,O003427,2024-12-29 20:09:00,C00973,P0041,ST099,Online,1.0,83810.0,0.05,M-Pesa,Completed,3.0
4728,O001575,2024-07-13 20:17:00,C01259,P0059,ST016,In-Store,1.0,16280.0,0.0,M-PESA,completed,0.0
4729,O000588,2024-03-17 15:18:00,C00200,P0086,ST099,Online,2.0,19730.0,0.0,cash,Completed,5.0
4730,O003135,2024-12-13 13:35:00,C00154,P0003,ST018,In-Store,1.0,26210.0,0.0,M-Pesa,Completed,0.0
4731,O001209,01/06/2024,C00829,P0058,ST099,Online,1.0,17000.0,0.0,M-Pesa,Completed,6.0
4732,O002877,2024-11-23 18:38:00,C00271,P0166,ST003,In-Store,1.0,36200.0,0.0,Credit/Debit Card,Completed,0.0
4733,O001225,2024-06-02 19:37:00,C00203,P0188,ST099,Online,1.0,10310.0,0.05,Airtel Money,Returned,2.0
4734,O005432,2025-08-11 18:38:00,C01092,P0062,ST018,In-Store,1.0,20210.0,0.0,Mpesa ,Completed,0.0
4735,O001488,2024-07-04 10:00:00,C00984,P0071,ST099,Online,1.0,4850.0,0.05,M-Pesa,Completed,4.0
4736,O004545,2025-05-08 17:21:00,C00877,P0139,ST013,In-Store,1.0,6700.0,0.0,Mpesa ,Returned,0.0
4737,O001680,2024-07-25 12:19:00,C01078,P0030,ST023,In-Store,1.0,62130.0,,M-Pesa,Completed,0.0
4738,O003143,2024-12-14 16:22:00,C01100,P0163,ST007,In-Store,2.0,41210.0,0.15,M-Pesa,Completed,0.0
4739,O004046,2025-03-17 08:58:00,C00467,P0198,ST004,In-Store,1.0,35160.0,0.0,Cash,COMPLETED,0.0
4740,O004593,2025-05-13 17:31:00,C01331,P0150,ST099,Online,1.0,32640.0,0.0,Cash,Completed,4.0
4741,O003327,2024-12-22 17:28:00,C00179,P0183,ST099,Online,1.0,39320.0,0.0,M-Pesa,CANCELLED,3.0
4742,O003612,2025-01-20 14:37:00,C00042,P0023,ST099,Online,1.0,122960.0,0.0,Bank Transfer,completed,4.0
4743,O002093,2024-09-09 18:45:00,C00301,P0056,ST099,Online,1.0,14270.0,0.25,M-Pesa,Returned,1.0
4744,O003270,2024-12-20 12:09:00,C00778,P0160,ST099,Online,4.0,52970.0,0.0,M-Pesa,Completed,5.0
4745,O005764,2025-09-13 18:44:00,C00243,P0110,ST099,Online,1.0,9580.0,0.0,M-Pesa,Completed,1.0
4746,O001802,2024-08-06 13:51:00,C01303,P0060,ST002,In-Store,2.0,20160.0,0.0,M-Pesa,Completed,0.0
4747,O001194,2024-05-29 11:20:00,C01118,P0033,ST099,Online,2.0,103260.0,0.0,Credit/Debit Card,Completed,1.0
4748,O000750,2024-04-07 16:13:00,C01184,P0048,ST099,Online,2.0,21400.0,0.0,Airtel Money,Completed,4.0
4749,O002302,2024-10-01 18:38:00,C00300,P0183,ST011 ,In-Store,2.0,39320.0,0.0,m-pesa,Completed,0.0
4750,O005485,2025-08-15 15:52:00,C00439,P0188,ST001,In-Store,0.0,10310.0,0.0,M-Pesa,Completed,0.0
4751,O006818,14/12/2025,C01083,P0161,ST017 ,In-Store,2.0,49910.0,0.0,Card,Cancelled,0.0
4752,O004331,2025-04-16 08:49:00,C01136,P0120,ST011,In-Store,1.0,10270.0,0.1,M-Pesa,Completed,0.0
4753,O002979,2024-12-02 16:38:00,C00119,P0156,ST021,In-Store,2.0,30350.0,0.0,cash,Completed,0.0
4754,O004917,2025-06-17 19:00:00,C01051,P0189,ST099,Online,1.0,32140.0,0.0,mpesa,Completed,2.0
4755,O006369,09/11/2025,,P0104,ST014,In-Store,2.0,3780.0,0.0,Airtel-Money,Completed,0.0
4756,O003980,2025-03-08 09:09:00,C01042,P0095,ST020,In-Store,1.0,4260.0,,MPESA ,Completed,0.0
4757,O005282,2025-07-27 11:10:00,C00204,P0192,ST005,In-Store,1.0,34850.0,0.1,Credit/Debit Card,complete,0.0
4758,O000740,2024-04-06 14:33:00,C00944,P0174,ST024,In-Store,1.0,29840.0,0.0,M-Pesa,Completed,0.0
4759,O004606,2025-05-15 15:44:00,C00207,P0060,ST019,In-Store,1.0,20160.0,0.0,Cash,Completed,0.0
4760,O006288,2025-11-02 08:28:00,C00971,P0033,ST012,In-Store,1.0,103260.0,0.2,m-pesa,Completed,0.0
4761,O000475,2024-03-03 11:40:00,C00654,P0060,ST005,In-Store,1.0,20160.0,0.0,Bank Transfer,Completed,0.0
4762,O001651,2024-07-21 16:51:00,C01083,P0069,ST099,Online,1.0,20690.0,0.05,M-Pesa,Completed,5.0
4763,O002362,2024-10-07 08:44:00,C01320,P0060,ST021,In-Store,1.0,20160.0,0.1,Cash,Completed,0.0
4764,O006243,2025-10-30 11:48:00,C00324,P0160,ST099,Online,1.0,52970.0,,M-Pesa,Completed,3.0
4765,O005083,2025-07-05 13:35:00,C00791,P0176,ST005,In-Store,1.0,10760.0,0.0,M-Pesa,Completed,0.0
4766,O004584,2025-05-11 13:47:00,C00179,P0194,ST019,In-Store,1.0,24550.0,0.0,Cash,Completed,0.0
4767,O002321,2024-10-03 12:42:00,C00493,P0040,ST007,In-Store,1.0,126140.0,0.0,M-Pesa,Cancelled,0.0
4768,O005343,2025-08-02 12:59:00,C00699,P0060,ST099,Online,1.0,20160.0,0.1,M-Pesa,Completed,3.0
4769,O004494,2025-05-02 12:22:00,,P0064,ST007,In-Store,3.0,6160.0,0.0,M-Pesa,Completed,0.0
4770,O000621,22-Mar-2024,C00215,P0020,ST006,In-Store,1.0,10070.0,0.0,Airtel Money,Completed,0.0
4771,O001849,2024-08-13 20:06:00,C00217,P0139,ST020,In-Store,1.0,6700.0,0.1,M-Pesa,Completed,0.0
4772,O006349,2025-11-08 11:46:00,C00025,P0158,ST019,In-Store,1.0,36400.0,0.0,M-PESA,Completed,0.0
4773,O000377,2024-02-19 18:34:00,C00541,P0165,ST017,In-Store,1.0,45630.0,0.0,credit card,Completed,0.0
4774,O002852,2024-11-21 17:49:00,C00683,P0062,ST016,In-Store,2.0,20210.0,0.0,M-Pesa,Completed,0.0
4775,O005669,2025-09-04 11:17:00,C00230,P0162,ST024,In-Store,1.0,42760.0,0.0,M-Pesa,Completed,0.0
4776,O004034,2025-03-16 14:19:00,C00642,P0062,ST004,In-Store,2.0,20210.0,0.05,M-Pesa,Completed,0.0
4777,O003534,2025-01-09 09:18:00,C00327,P0120,ST099,Online,1.0,10270.0,,cash,Completed,4.0
4778,O005113,2025-07-07 15:03:00,C01239,P0155,ST004,In-Store,3.0,13260.0,0.0,Airtel Money,Completed,0.0
4779,O002200,2024-09-20 12:17:00,C01178,P0025,ST017,In-Store,1.0,53630.0,0.1,M-Pesa,Completed,0.0
4780,O000148,2024-01-19 18:51:00,C00567,P0176,ST099,Online,1.0,10760.0,0.0,Airtel Money,completed,4.0
4781,O002242,2024-09-24 08:17:00,C01233,P0128,ST099,Online,1.0,13910.0,0.0,MPESA ,Completed,2.0
4782,O002417,2024-10-12 09:28:00,C00743,P0060,ST009,In-Store,2.0,20160.0,0.0,Airtel Money,complete,0.0
4783,O004527,2025-05-05 19:45:00,C00878,P0025,ST015,In-Store,1.0,53630.0,0.0,airtel money,Completed,0.0
4784,O002483,2024-10-19 20:43:00,C00411,P0033,ST023,In-Store,2.0,103260.0,0.0,M-Pesa,Completed,0.0
4785,O004937,2025-06-19 13:54:00,C00305,P0135,ST001,In-Store,1.0,3510.0,0.0,M-PESA,Returned,0.0
4786,O005446,2025-08-12 16:01:00,C00200,P0079,ST016,In-Store,1.0,17060.0,0.0,M-Pesa,Returned,0.0
4787,O001560,2024-07-11 14:56:00,C00432,P0172,ST099,Online,1.0,38980.0,0.0,Card,Completed,2.0
4788,O007004,2025-12-23 18:23:00,C00634,P0172,ST099,Online,2.0,38980.0,0.0,M-Pesa,Returned,1.0
4789,O000366,2024-02-17 08:28:00,C01276,P0175,ST005,In-Store,1.0,15740.0,0.0,M-Pesa,Completed,0.0
4790,O007124,2025-12-31 09:23:00,C00235,P0135,ST099,Online,1.0,3510.0,0.05,MPESA ,Completed,5.0
4791,O005626,2025-08-30 11:37:00,C00115,P0021,ST099,Online,2.0,135600.0,0.0,m-pesa,Completed,1.0
4792,O003761,2025-02-09 16:37:00,C00137,P0021,ST099,Online,1.0,135600.0,0.0,M-Pesa,Completed,2.0
4793,O006009,2025-10-08 14:16:00,C00421,P0013,ST004,In-Store,2.0,30190.0,0.0,Bank Transfer,Returned,0.0
4794,O001971,2024-08-26 11:47:00,C01098,P0056,ST099,Online,1.0,14270.0,0.0,MPESA ,Completed,1.0
4795,O000885,2024-04-21 08:19:00,C00137,P0001,ST001,In-Store,1.0,85060.0,0.0,M-PESA,COMPLETED,0.0
4796,O001416,2024-06-25 12:03:00,C01290,P0174,ST006,In-Store,1.0,29840.0,0.0,Cash,Completed,0.0
4797,O000359,2024-02-16 08:47:00,,P0111,ST021,In-Store,1.0,3840.0,0.0,Credit/Debit Card,Completed,0.0
4798,O005368,2025-08-04 18:03:00,C00877,P0188,ST007,In-Store,1.0,10310.0,0.0,MPESA ,Completed,0.0
4799,O004808,2025-06-04 18:20:00,C01035,P0062 ,ST004,In-Store,1.0,20210.0,0.0,M-Pesa,Returned,0.0
4800,O005612,2025-08-29 15:17:00,C00390,P0162,ST099,Online,2.0,42760.0,0.0,airtel money,Completed,2.0
4801,O001354,2024-06-18 18:22:00,C00960,P0063,ST012,In-Store,1.0,1440.0,0.0,Airtel Money,Completed,0.0
4802,O004054,2025-03-17 18:50:00,C00401,P0021,ST099,Online,1.0,135600.0,0.0,Bank Transfer,Completed,4.0
4803,O000407,2024-02-23 16:48:00,C00178,P0139,ST020,In-Store,1.0,6700.0,0.0,Credit/Debit Card,Completed,0.0
4804,O007070,2025-12-26 19:06:00,C01339,P0172,ST099,Online,1.0,38980.0,0.0,M-Pesa,Completed,6.0
4805,O003291,2024-12-21 19:36:00,C00141,P0163,ST099,Online,4.0,41210.0,0.0,Credit/Debit Card,Completed,5.0
4806,O002603,2024-10-30 17:59:00,,P0173,ST007,In-Store,1.0,19620.0,0.05,Credit/Debit Card,Returned,0.0
4807,O006931,2025-12-20 10:52:00,C00655,P0156,ST010,In-Store,1.0,30350.0,0.0,M-Pesa,Completed,0.0
4808,O001932,2024-08-21 16:12:00,C00300,P0153,ST014,In-Store,2.0,58800.0,0.0,Mpesa ,Completed,0.0
4809,O006596,2025-11-29 13:32:00,C00579,P0146,ST013,In-Store,1.0,29570.0,0.15,M-Pesa,COMPLETED,0.0
4810,O003338,2024-12-23 19:04:00,C00959,P0090,ST099,Online,1.0,8490.0,0.05,Credit/Debit Card,Returned,5.0
4811,O003490,2025-01-04 16:49:00,C01240,P0125,ST024,In-Store,2.0,,0.0,Credit/Debit Card,Completed,0.0
4812,O001204,2024-05-31 15:11:00,C00673,P0135,ST099,Online,1.0,3510.0,0.0,mpesa,complete,6.0
4813,O005362,2025-08-04 12:21:00,C00771,P0160,ST007,In-Store,1.0,52970.0,0.0,Bank Transfer,Completed,0.0
4814,O005183,2025-07-15 10:53:00,C00422,P0183,ST099,Online,1.0,39320.0,0.0,M-Pesa,complete,2.0
4815,O002519,2024-10-22 17:12:00,C00734,P0053,ST019,In-Store,1.0,13410.0,0.0,Credit/Debit Card,Completed,0.0
4816,O003689,2025-01-30 14:21:00,C00456,P0176,ST099,Online,1.0,10760.0,,M-Pesa,Completed,5.0
4817,O004883,2025-06-13 16:40:00,C01212,P0146,ST003,In-Store,1.0,29570.0,0.0,M-Pesa,Returned,0.0
4818,O003970,2025-03-08 19:52:00,C00919,P0016,ST099,Online,1.0,38090.0,0.05,debit card,Completed,5.0
4819,O003283,2024-12-20 15:39:00,C00201,P0159,ST099,Online,2.0,14960.0,0.0,M-Pesa,Completed,6.0
4820,O001681,2024-07-25 14:59:00,C00821,P0058,ST099,Online,1.0,17000.0,0.0,Airtel Money,Completed,6.0
4821,O004368,2025-04-20 16:22:00,C00784,P0176,ST024,In-Store,1.0,10760.0,0.0,M-Pesa,Completed,0.0
4822,O005365,2025-08-04 15:47:00,C00365,P0183,ST013,In-Store,1.0,39320.0,0.0,M-Pesa,Returned,0.0
4823,O003092,2024-12-09 13:22:00,C00422,P0036,ST099,Online,1.0,82830.0,0.0,AIRTEL MONEY,Cancelled,4.0
4824,O002363,2024-10-07 13:39:00,C00405,P0005,ST007,In-Store,1.0,18960.0,0.0,M-Pesa,Completed,0.0
4825,O000133,2024-01-17 18:22:00,C00993,P0163,ST099,Online,1.0,41210.0,0.0,M-Pesa,Returned,3.0
4826,O002386,2024-10-09 15:06:00,C00229,P0086,ST006,In-Store,1.0,19730.0,0.0,M-Pesa,completed,0.0
4827,O005925,2025-09-30 08:33:00,C00565,P0010,ST099,Online,2.0,127120.0,0.0,Mpesa ,Completed,2.0
4828,O004341,2025-04-17 18:26:00,C00350,P0160,ST018,In-Store,1.0,52970.0,,Bank Transfer,Completed,0.0
4829,O004435,2025-04-26 14:17:00,C01197,P0091,ST099,Online,2.0,2270.0,0.0,M-Pesa,COMPLETED,4.0
4830,O004929,2025-06-19 08:20:00,C01227,P0032,ST099,Online,1.0,112270.0,0.0,Cash,complete,4.0
4831,O004760,2025-05-30 13:41:00,C00703,P0056,ST005,In-Store,0.0,14270.0,0.0,Airtel money,Completed,0.0
4832,O002046,2024-09-02 15:04:00,C01181,P0152,ST099,Online,1.0,11580.0,0.0,Bank Transfer,Completed,3.0
4833,O004055,2025-03-17 11:14:00,C00927,P0188,ST099,Online,1.0,10310.0,0.0,Credit/Debit Card,Completed,3.0
4834,O006364,2025-11-09 09:40:00,C00406,P0155,ST019,In-Store,1.0,13260.0,0.0,mpesa,Completed,0.0
4835,O003795,2025-02-15 20:14:00,C01194,P0058,ST010,In-Store,1.0,17000.0,0.0,Mpesa,Completed,0.0
4836,O001846,2024-08-12 20:29:00,C00908,P0058,ST099,Online,4.0,17000.0,0.0,Mpesa,Completed,5.0
4837,O006203,2025-10-26 16:43:00,C00827,P0156,ST099,Online,1.0,30350.0,0.05,M-Pesa,Completed,5.0
4838,O005495,2025-08-17 20:22:00,C00734,P0156,ST001,In-Store,1.0,30350.0,0.0,Cash,COMPLETED,0.0
4839,O001346,2024-06-17 12:07:00,C00532,P0025,ST099,Online,3.0,53630.0,0.0,M-Pesa,Completed,1.0
4840,O001818,2024-08-09 08:50:00,C00972,P0033,ST099,Online,1.0,103260.0,0.0,Airtel Money,Completed,4.0
4841,O000992,2024-05-04 16:22:00,C00421,P0181,ST005,In-Store,2.0,23170.0,0.0,M-Pesa,Completed,0.0
4842,O002919,2024-11-27 08:20:00,C01217 ,P0018,ST099,Online,2.0,79380.0,0.2,M-PESA,Returned,5.0
4843,O000821,2024-04-14 16:15:00,C00974,P0189,ST012,In-Store,1.0,32140.0,0.0,Card,Cancelled,0.0
4844,O001568,2024-07-13 19:17:00,C00572,P0062,ST099,Online,1.0,20210.0,0.0,M-Pesa,Returned,3.0
4845,O004069,2025-03-20 08:02:00,C01244,P0009,ST099,Online,2.0,119240.0,0.0,Mpesa,Completed,3.0
4846,O003436,29-Dec-2024,C00198,P0183,ST003,In-Store,1.0,39320.0,0.05,Card,Completed,0.0
4847,O007063,2025-12-25 19:29:00,C00254,P0061,ST099,Online,3.0,19410.0,0.0,M-Pesa,Completed,1.0
4848,O004423,2025-04-25 17:11:00,C00367,P0002,ST099,Online,1.0,91490.0,0.05,M pesa,Completed,1.0
4849,O002353,2024-10-06 20:03:00,C00487,P0174,ST099,Online,1.0,29840.0,0.0,M pesa,completed,6.0
4850,O002854,2024-11-21 15:01:00,C01212,P0096,ST099,Online,1.0,6270.0,0.0,M-Pesa,Completed,4.0
4851,O000293,2024-02-07 20:42:00,C01042,P0009,ST099,Online,1.0,119240.0,0.0,Mpesa ,Returned,4.0
4852,O006738,2025-12-08 09:31:00,C00234,P0060,ST099 ,Online,2.0,20160.0,0.0,Card,completed,2.0
4853,O000321,2024-02-12 08:35:00,C00990,P0194,ST099,Online,1.0,24550.0,0.0,M-Pesa,Completed,2.0
4854,O006799,2025-12-13 12:47:00,,P0076,ST099,Online,1.0,14080.0,0.0,Mpesa ,Completed,1.0
4855,O000663,2024-03-26 14:11:00,C01039,P0005,ST099,Online,3.0,18960.0,0.1,M-Pesa,Completed,4.0
4856,O005543,2025-08-21 16:33:00,C00379,P0045,ST009,In-Store,1.0,20960.0,0.0,M-Pesa,Returned,0.0
4857,O006126,2025-10-18 16:00:00,C00364,P0008,ST099,Online,2.0,94740.0,0.0,M-Pesa,Completed,2.0
4858,O002618,2024-11-01 13:20:00,C01227,P0061,ST014,In-Store,1.0,19410.0,0.0,Bank Transfer,Completed,0.0
4859,O006146,2025-10-22 20:04:00,C01313,P0098,ST015,In-Store,1.0,10630.0,0.0,Airtel Money,Cancelled,0.0
4860,O000540,2024-03-10 16:29:00,C01157,P0158,ST099,Online,3.0,36400.0,0.0,Airtel Money,Completed,1.0
4861,O004884,2025-06-13 19:31:00,C00161,P0146,ST099,Online,1.0,29570.0,0.0,M-Pesa,Completed,2.0
4862,O001589,2024-07-15 18:07:00,C01173,P0086,ST099,Online,1.0,19730.0,0.0,Credit/Debit Card,Completed,2.0
4863,O000332,2024-02-13 19:32:00,C01079,P0161,ST024,In-Store,2.0,49910.0,0.0,m-pesa,Completed,0.0
4864,O001268,2024-06-08 15:00:00,C00228,P0071,ST099,Online,2.0,4850.0,0.05,M-Pesa,Completed,6.0
4865,O002851,2024-11-21 16:47:00,C00062,P0020,ST003,In-Store,1.0,10070.0,0.0,Cash,Completed,0.0
4866,O002976,2024-12-02 18:17:00,C00968,P0038,ST099,Online,1.0,65560.0,0.0,Credit/Debit Card,Completed,2.0
4867,O002423,2024-10-13 10:31:00,C00540,P0128,ST099,Online,1.0,13910.0,0.0,credit card,Completed,6.0
4868,O006823,2025-12-15 12:01:00,,P0179,ST020,In-Store,1.0,40350.0,0.05,Bank Transfer,Returned,0.0
4869,O002568,2024-10-27 10:15:00,C00480,P0135,ST011,In-Store,3.0,3510.0,0.0,Airtel Money,complete,0.0
4870,O003827,2025-02-18 15:35:00,C01197,P0084,ST003,In-Store,1.0,17830.0,0.0,M-Pesa,Completed,0.0
4871,O004658,2025-05-20 19:49:00,C01099,P0122,ST007,In-Store,1.0,1050.0,0.0,Airtel Money,Completed,0.0
4872,O002124,2024-09-12 08:19:00,C00842,P0160,ST099,Online,1.0,52970.0,0.0,M-Pesa,Completed,5.0
4873,O005756,2025-09-13 08:15:00,C00233,P0128,ST016,In-Store,1.0,13910.0,0.0,M-Pesa,completed,0.0
4874,O000963,2024-04-30 10:50:00,C00055,P0080,ST017,In-Store,2.0,4980.0,0.0,M-Pesa,Completed,0.0
4875,O001441,2024-06-28 19:52:00,C00646,P0084,ST099,Online,1.0,17830.0,0.0,Airtel Money,Completed,6.0
4876,O005346,2025-08-02 17:55:00,C00154,P0146,ST099,Online,1.0,29570.0,0.0,M-Pesa,completed,2.0
4877,O002009,2024-08-30 20:27:00,C00639,P0160,ST099,Online,1.0,52970.0,0.0,Bank Transfer,Completed,3.0
4878,O001329,2024-06-15 16:27:00,C00919,P0160,ST021,In-Store,1.0,52970.0,0.1,Cash,Completed,0.0
4879,O003491,2025-01-04 10:49:00,C00297,P0150,ST023,In-Store,2.0,32640.0,0.0,Airtel-Money,Completed,0.0
4880,O005803,2025-09-18 18:37:00,C00708,P0159,ST099,Online,1.0,14960.0,0.0,AIRTEL MONEY,complete,2.0
4881,O004113,2025-03-24 11:53:00,C00894,P0166,ST099,Online,1.0,36200.0,0.0,Credit/Debit Card,Completed,1.0
4882,O003674,2025-01-28 14:21:00,C00594,P0165,ST008,In-Store,1.0,45630.0,0.0,M pesa,Completed,0.0
4883,O004752,2025-05-29 14:29:00,C01335,P0169,ST099,Online,1.0,57960.0,0.0,M-Pesa,Completed,5.0
4884,O001661,2024-07-22 13:13:00,C00402,P0189,ST022,In-Store,1.0,32140.0,,M-Pesa,complete,0.0
4885,O000158,2024-01-20 13:18:00,C00298,P0074,ST099,Online,2.0,1880.0,0.0,Cash,Completed,2.0
4886,O006018,2025-10-09 17:56:00,C00217,P0163,ST099,Online,1.0,,0.0,Airtel Money,Completed,5.0
4887,O004491,2025-05-01 16:12:00,,P0012,ST015,In-Store,1.0,130340.0,0.05,M-Pesa,Completed,0.0
4888,O001701,2024-07-27 11:11:00,C00061,P0058,ST099,Online,1.0,17000.0,0.0,Credit/Debit Card,Completed,1.0
4889,O002748,2024-11-11 20:28:00,C01303,P0080,ST020,In-Store,1.0,4980.0,0.0,m-pesa,Completed,0.0
4890,O001885,2024-08-17 13:00:00,C01292,P0168,ST099,Online,1.0,31350.0,0.0,Airtel Money,Completed,6.0
4891,O005874,2025-09-26 12:53:00,C00076,P0034,ST099,Online,1.0,32600.0,0.0,M-Pesa,Returned,5.0
4892,O001592,2024-07-16 08:41:00,C01331,P0060,ST008,In-Store,1.0,20160.0,0.0,M-Pesa,Completed,0.0
4893,O002769,2024-11-14 15:37:00,C00402,P0080,ST099,Online,2.0,4980.0,0.0,Credit/Debit Card,completed,4.0
4894,O006855,2025-12-16 20:11:00,C00703,P0160,ST099,Online,1.0,52970.0,0.05,Mpesa,Returned,4.0
4895,O004272,2025-04-10 19:16:00,C00401,P0151,ST099,Online,1.0,47660.0,0.1,mpesa,completed,5.0
4896,O001624,2024-07-19 19:13:00,C00136,P0060,ST014,In-Store,3.0,20160.0,0.0,M-Pesa,Completed,0.0
4897,O006048,2025-10-11 15:48:00,C00087,P0062,ST006,In-Store,1.0,20210.0,0.0,m-pesa,Completed,0.0
4898,O004985,2025-06-25 20:18:00,C00436,P0039,ST003,In-Store,1.0,75080.0,0.1,M-Pesa,Completed,0.0
4899,O006361,2025-11-09 12:26:00,,P0072,ST008,In-Store,2.0,1640.0,0.0,Credit/Debit Card,Completed,0.0
4900,O004326,2025-04-16 17:21:00,C00475,P0039,ST099,Online,1.0,75080.0,0.0,M-PESA,Completed,2.0
4901,O002605,2024-10-31 16:01:00,,P0160,ST099,Online,1.0,52970.0,0.0,M-Pesa,Completed,5.0
4902,O000555,2024-03-14 11:04:00,C00259,P0174,ST021,In-Store,1.0,29840.0,0.0,Airtel Money,Completed,0.0
4903,O006276,2025-11-01 15:09:00,C00919,P0061,ST099,Online,1.0,19410.0,0.1,M-Pesa,Returned,4.0
4904,O007089,2025/12/27,C00268,P0069,ST022,In-Store,1.0,20690.0,0.0,Bank Transfer,Completed,0.0
4905,O006793,2025-12-12 11:49:00,C00700,P0183,ST011,In-Store,2.0,39320.0,0.0,Airtel-Money,Completed,0.0
4906,O005644,2025-08-31 11:40:00,C00502,P0104,ST015,In-Store,1.0,3780.0,0.15,Mpesa,Completed,0.0
4907,O004082,2025-03-21 08:50:00,C00739,P0003,ST002,In-Store,1.0,26210.0,0.2,Cash,Completed,0.0
4908,O003715,2025-02-02 20:45:00,C00447,P0183,ST019,In-Store,1.0,39320.0,0.0,CARD,Completed,0.0
4909,O003744,08/02/2025,C00120,P0118,ST099,Online,1.0,9190.0,0.0,Cash,Completed,1.0
4910,O001272,2024-06-09 14:55:00,C00209,P0008,ST099,Online,1.0,,0.0,M-Pesa,Completed,4.0
4911,O000168,2024-01-21 17:12:00,C00270,P0197,ST011,In-Store,1.0,22390.0,0.0,M-Pesa,Completed,0.0
4912,O000686,2024-03-30 11:05:00,C00987,P0173,ST005,In-Store,1.0,19620.0,0.0,Card,Returned,0.0
4913,O005482,2025-08-15 17:30:00,C00909,P0096,ST015,In-Store,2.0,6270.0,0.0,mpesa,Completed,0.0
4914,O000064,2024-01-08 12:27:00,C01083,P0088,ST099,Online,1.0,10360.0,0.0,airtel money,Completed,4.0
4915,O003753,2025-02-08 15:35:00,C00713,P0060,ST099,Online,1.0,20160.0,0.0,Mpesa ,Completed,5.0
4916,O005039,2025-07-01 08:35:00,C01275,P0152,ST099,Online,2.0,11580.0,0.05,M-Pesa,Completed,2.0
4917,O004610,2025-05-15 11:00:00,C00608,P0088,ST099 ,Online,1.0,10360.0,0.0,Cash,Completed,2.0
4918,O005860,2025-09-25 09:06:00,C00209,P0160,ST099,Online,1.0,52970.0,0.0,MPESA ,Completed,4.0
4919,O005893,2025-09-27 19:58:00,C00589,P0010,ST099,Online,1.0,127120.0,0.0,M-Pesa,Returned,3.0
4920,O003434,2024/12/29,C01120,P0012,ST003,In-Store,,130340.0,0.15,M-PESA,Completed,0.0
4921,O004818,2025-06-05 17:45:00,C00864,P0129,ST015,In-Store,1.0,10150.0,0.0,AIRTEL MONEY,Completed,0.0
4922,O003569,2025-01-15 09:21:00,C00258,P0091,ST099,Online,2.0,2270.0,0.0,M-Pesa,Completed,3.0
4923,O006026,2025-10-09 11:34:00,C00476,P0175,ST023,In-Store,1.0,15740.0,0.0,m-pesa,Completed,0.0
4924,O004625,2025-05-17 12:13:00,C00503,P0075,ST018,In-Store,2.0,7540.0,0.0,Bank Transfer,Completed,0.0
4925,O004765,2025-05-31 11:25:00,C00153,P0091,ST099,Online,1.0,2270.0,0.0,M pesa,Completed,6.0
4926,O004070,2025-03-20 16:46:00,C00919,P0056,ST099,Online,1.0,14270.0,0.0,M-Pesa,completed,5.0
4927,O005499,2025-08-17 17:53:00,C01314,P0189,ST015,In-Store,1.0,32140.0,0.0,Mpesa ,complete,0.0
4928,O005464,2025-08-14 14:51:00,,P0002,ST099,Online,2.0,91490.0,0.1,MPESA ,Completed,5.0
4929,O006170,2025-10-24 11:55:00,C00069,P0086,ST014,In-Store,1.0,19730.0,0.0,Mpesa ,Completed,0.0
4930,O000059,2024-01-07 09:33:00,C00418,P0160,ST099,Online,4.0,52970.0,0.0,M-Pesa,Completed,3.0
4931,O003226,2024-12-18 12:29:00,C00308,P0091,ST004,In-Store,1.0,2270.0,0.0,m-pesa,Completed,0.0
4932,O006970,2025-12-21 19:35:00,C01199,P0120,ST099,Online,1.0,10270.0,0.0,Airtel Money,Completed,4.0
4933,O001823,2024-08-10 16:24:00,C00930,P0042,ST023,In-Store,1.0,123680.0,0.0,cash ,Completed,0.0
4934,O001449,2024-06-29 20:09:00,C01297,P0138,ST019,In-Store,1.0,4780.0,0.0,Cash,Completed,0.0
4935,O001976,2024-08-26 10:55:00,C01305,P0112,ST002,In-Store,1.0,9880.0,0.0,Airtel Money,Completed,0.0
4936,O006403,2025-11-12 15:15:00,C00778,P0060,ST099,Online,1.0,20160.0,0.0,M pesa,Completed,2.0
4937,O006295,2025-11-03 15:08:00,C00488,P0079,ST099,Online,1.0,17060.0,0.0,Airtel Money,Completed,1.0
4938,O006723,2025-12-08 11:55:00,C01012,P0086,ST014,In-Store,2.0,19730.0,0.05,Bank Transfer,Completed,0.0
4939,O001836,2024-08-11 14:06:00,C01208,P0122,ST023,In-Store,1.0,1050.0,0.1,Cash,Returned,0.0
4940,O006003,2025-10-08 16:57:00,C00783,P0146,ST099,Online,1.0,29570.0,0.0,Airtel Money,Completed,6.0
4941,O007038,2025-12-24 09:41:00,C00582,P0060,ST099,Online,2.0,20160.0,0.0,M-Pesa,Completed,4.0
4942,O001195,2024-05-29 15:54:00,C00774,P0079,ST005,In-Store,1.0,17060.0,0.0,Cash,Completed,0.0
4943,O002195,2024-09-20 18:45:00,C01297,P0139,ST099,Online,1.0,6700.0,0.0,M-Pesa,complete,4.0
4944,O006357,08/11/2025,C01074,P0188,ST014,In-Store,1.0,10310.0,0.0,AIRTEL MONEY,Completed,0.0
4945,O000936,27-Apr-2024,C00405,P0176,ST099,Online,1.0,10760.0,0.0,cash,Completed,5.0
4946,O006660,2025-12-03 08:23:00,C00853,P0017,ST099,Online,1.0,123410.0,0.0,CARD,Completed,6.0
4947,O001876,2024-08-17 18:17:00,C01064,P0150,ST099,Online,3.0,32640.0,0.1,debit card,Completed,2.0
4948,O005059,2025-07-03 11:31:00,,P0179,ST015,In-Store,1.0,40350.0,0.0,M-Pesa,Completed,0.0
4949,O002261,2024-09-26 20:11:00,C00827,P0136,ST099,Online,1.0,1510.0,0.1,M-Pesa,Completed,3.0
4950,O006650,2025-12-02 17:45:00,C01037,P0160,ST099,Online,2.0,52970.0,0.15,M-Pesa,Completed,6.0
4951,O005888,2025-09-27 16:53:00,C01337,P0079,ST099,Online,1.0,17060.0,0.0,Bank Transfer,Completed,1.0
4952,O004827,2025-06-07 20:28:00,C00569,P0013,ST002,In-Store,2.0,30190.0,0.0,M-Pesa,Completed,0.0
4953,O003316,2024-12-22 10:40:00,C01037,P0171,ST024,In-Store,1.0,48310.0,0.0,Bank Transfer,Completed,0.0
4954,O006867,2025-12-17 11:28:00,C00823,P0040,ST005,In-Store,1.0,126140.0,0.0,Cash,Returned,0.0
4955,O002056,2024-09-03 10:28:00,C00836 ,P0175,ST011,In-Store,2.0,15740.0,0.0,Airtel Money,Completed,0.0
4956,O006471,2025-11-18 13:03:00,C00368,P0053,ST002,In-Store,2.0,,0.05,Mpesa,Completed,0.0
4957,O003365,2024-12-24 20:48:00,C00902,P0039,ST099,Online,1.0,75080.0,0.0,M-Pesa,Completed,5.0
4958,O003818,2025-02-17 20:00:00,C00764,P0001,ST012,In-Store,1.0,85060.0,0.2,Bank Transfer,Completed,0.0
4959,O004145,2025-03-28 08:53:00,C00038,P0060,ST017,In-Store,1.0,20160.0,0.0,Bank Transfer,Returned,0.0
4960,O000606,2024-03-19 19:36:00,C01090,P0179,ST099,Online,1.0,40350.0,0.0,mpesa,Returned,5.0
4961,O003069,2024-12-08 16:41:00,C01318,P0084,ST013,In-Store,1.0,17830.0,0.0,M-Pesa,Completed,0.0
4962,O005347,2025-08-02 11:22:00,,P0021,ST099,Online,1.0,135600.0,0.0,Airtel Money,Completed,5.0
4963,O003162,2024-12-15 20:23:00,C00948,P0151,ST022,In-Store,2.0,47660.0,0.0,Cash,Returned,0.0
4964,O004388,2025-04-21 18:06:00,C00645,P0151,ST008,In-Store,1.0,47660.0,0.0,M-Pesa,Completed,0.0
4965,O000676,2024-03-28 14:46:00,C00576,P0116,ST099,Online,2.0,13190.0,0.0,M-Pesa,Completed,5.0
4966,O000485,2024-03-05 12:23:00,C00953,P0154,ST003,In-Store,1.0,14610.0,0.0,AIRTEL MONEY,Completed,0.0
4967,O004407,2025-04-22 09:10:00,C01060,P0010,ST007,In-Store,1.0,127120.0,0.05,M-Pesa,Completed,0.0
4968,O004047,2025-03-17 12:50:00,C00119,P0061,ST099,Online,3.0,19410.0,0.0,credit card,Completed,6.0
4969,O005718,2025-09-08 17:17:00,,P0060,ST007,In-Store,1.0,20160.0,0.0,Cash,Returned,0.0
4970,O005296,2025-07-28 19:44:00,C00427,P0080,ST023,In-Store,1.0,4980.0,0.0,Bank Transfer,Cancelled,0.0
4971,O002989,2024-12-02 20:33:00,C00402,P0088,ST017,In-Store,2.0,10360.0,0.0,M-Pesa,Returned,0.0
4972,O003538,2025-01-10 20:08:00,C00311,P0034,ST012,In-Store,1.0,32600.0,0.0,Airtel Money,Completed,0.0
4973,O005431,2025-08-11 16:21:00,C00931,P0175,ST006,In-Store,1.0,15740.0,0.0,M-PESA,complete,0.0
4974,O003058,2024-12-07 16:12:00,C00851,P0033,ST014,In-Store,2.0,103260.0,0.1,Credit/Debit Card,Completed,0.0
4975,O001927,2024-08-21 14:54:00,C00456,P0041,ST022,In-Store,1.0,83810.0,0.0,M-Pesa,Completed,0.0
4976,O004150,2025-03-28 08:27:00,C00150,P0078,ST023,In-Store,1.0,17700.0,0.1,M-Pesa,Completed,0.0
4977,O001570,2024-07-13 12:50:00,C00499,P0060,ST001,In-Store,1.0,20160.0,0.0,M-Pesa,complete,0.0
4978,O004200,2025-04-02 16:34:00,C00593,P0156,ST018,In-Store,1.0,30350.0,0.0,Cash,Completed,0.0
4979,O003995,2025-03-11 18:21:00,C00373,P0156,ST099,Online,1.0,30350.0,0.0,CASH,Completed,2.0
4980,O000608,2024-03-20 09:14:00,C01210,P0091,ST014,In-Store,2.0,2270.0,0.0,M pesa,Completed,0.0
4981,O005405,2025-08-08 18:14:00,C00215,P0090,ST099,Online,1.0,8490.0,0.0,M-Pesa,Completed,5.0
4982,O001220,2024-06-02 15:27:00,C01210,P0007,ST099,Online,1.0,46260.0,0.0,M-Pesa,Completed,4.0
4983,O003067,2024-12-08 17:22:00,C01047,P0088,ST099,Online,1.0,10360.0,0.0,Airtel Money,Completed,2.0
4984,O006711,2025-12-07 17:53:00,C00550,P0170,ST004,In-Store,1.0,48420.0,0.0,Cash,Completed,0.0
4985,O005540,2025-08-21 09:47:00,C01265,P0012,ST099,Online,1.0,130340.0,0.0,M-Pesa,Completed,5.0
4986,O003164,2024-12-15 16:30:00,C00513,P0175,ST099,Online,1.0,15740.0,0.05,m-pesa,Completed,6.0
4987,O004183,2025-03-30 12:26:00,C00306,P0060,ST010,In-Store,1.0,,0.0,Airtel Money,RETURNED,0.0
4988,O004131,2025-03-26 08:31:00,C00158,P0096,ST099,Online,1.0,6270.0,0.0,Airtel Money,Completed,2.0
4989,O003733,2025-02-05 20:23:00,C00374,P0096,ST005,In-Store,1.0,6270.0,0.0,M-Pesa,Completed,0.0
4990,O005588,2025-08-26 13:26:00,C01042,P0103,ST009,In-Store,1.0,15070.0,0.0,mpesa,Completed,0.0
4991,O006688,2025/12/06,C01100,P0096,ST024,In-Store,2.0,6270.0,0.0,CASH,Completed,0.0
4992,O005592,2025-08-26 19:48:00,C01014,P0194,ST099,Online,1.0,24550.0,0.0,Bank Transfer,returned,1.0
4993,O003096,2024-12-09 16:31:00,,P0197,ST099,Online,1.0,22390.0,0.05,M-PESA,Completed,3.0
4994,O001730,2024-07-30 18:03:00,C01116,P0094,ST022,In-Store,1.0,7010.0,0.0,Bank Transfer,Completed,0.0
4995,O000389,2024-02-21 15:31:00,C00243,P0183,ST017,In-Store,1.0,39320.0,0.0,M-Pesa,Completed,0.0
4996,O004077,2025-03-21 19:41:00,C01344,P0111,ST016,In-Store,1.0,3840.0,0.0,Bank Transfer,Completed,0.0
4997,O002148,2024-09-14 11:26:00,C00243,P0160,ST014,In-Store,1.0,52970.0,0.0,Credit/Debit Card,complete,0.0
4998,O006715,2025-12-07 12:12:00,,P0161,ST005,In-Store,1.0,49910.0,0.1,M-Pesa,Completed,0.0
4999,O004141,2025-03-27 20:10:00,C00040,P0160,ST099,Online,1.0,52970.0,0.0,Credit/Debit Card,RETURNED,1.0
5000,O002772,2024-11-14 16:14:00,C00038,P0119,ST099,Online,2.0,10780.0,0.0,Credit/Debit Card,Completed,3.0
5001,O005807,2025-09-18 16:56:00,C00552,P0120,ST016,In-Store,1.0,10270.0,0.15,m-pesa,Completed,0.0
5002,O003195,2024-12-16 09:56:00,C00339,P0062,ST099,Online,1.0,20210.0,0.15,M-Pesa,completed,1.0
5003,O001958,2024-08-24 20:44:00,C01188,P0158,ST004,In-Store,1.0,36400.0,0.0,M-Pesa,Completed,0.0
5004,O001061,2024-05-12 13:03:00,C00776,P0160,ST023,In-Store,1.0,52970.0,0.0,Airtel-Money,Completed,0.0
5005,O000819,2024-04-14 16:27:00,,P0096,ST005,In-Store,1.0,6270.0,0.0,Airtel Money,Completed,0.0
5006,O000704,2024-03-31 20:36:00,C00427,P0048,ST001,In-Store,1.0,21400.0,0.0,Bank Transfer,returned,0.0
5007,O000820,2024-04-14 08:07:00,,P0129,ST099,Online,2.0,10150.0,0.0,Bank Transfer,returned,5.0
5008,O002196,2024-09-20 13:51:00,C00390,P0004,ST011,In-Store,1.0,38100.0,0.0,Airtel Money,Completed,0.0
5009,O004687,2025-05-23 17:38:00,C01135 ,P0139,ST099,Online,2.0,6700.0,0.0,M-Pesa,Completed,2.0
5010,O005999,2025-10-08 13:59:00,C01038,P0036,ST099,Online,1.0,82830.0,0.0,cash ,complete,2.0
5011,O006052,2025-10-11 17:35:00,C00919,P0146,ST099,Online,1.0,29570.0,0.0,Airtel-Money,Completed,5.0
5012,O004468,2025-04-29 08:16:00,C00391,P0009,ST008,In-Store,3.0,119240.0,0.0,M-Pesa,Completed,0.0
5013,O007025,2025-12-24 14:22:00,C00728,P0150,ST016,In-Store,1.0,32640.0,0.0,M-Pesa,Completed,0.0
5014,O000904,2024-04-23 17:39:00,,P0159,ST023,In-Store,1.0,14960.0,0.0,Credit/Debit Card,Returned,0.0
5015,O002484,2024-10-19 18:55:00,C01212,P0176,ST099,Online,2.0,10760.0,0.0,Bank Transfer,Completed,1.0
5016,O000857,2024-04-18 08:07:00,C00049,P0024,ST099,Online,2.0,85100.0,0.0,M-PESA,Completed,6.0
5017,O001301,2024-06-12 17:37:00,C00861,P0160,ST014,In-Store,2.0,52970.0,0.0,AIRTEL MONEY,Completed,0.0
5018,O003183,2024-12-15 19:43:00,C00133,P0197,ST008,In-Store,1.0,22390.0,,Airtel Money,Completed,0.0
5019,O002511,2024-10-21 11:45:00,C00212,P0176,ST099,Online,1.0,10760.0,0.0,M-Pesa,Returned,3.0
5020,O003325,2024-12-22 10:07:00,C00784,P0108,ST099,Online,1.0,14950.0,0.0,Airtel-Money,Returned,3.0
5021,O006491,2025-11-20 10:20:00,C00318,P0060,ST009,In-Store,1.0,20160.0,0.0,CARD,completed,0.0
5022,O004352,2025-04-18 18:47:00,C00006,P0030,ST099,Online,1.0,62130.0,0.0,M-Pesa,complete,1.0
5023,O006515,2025-11-22 19:44:00,C01254,P0160,ST005,In-Store,,52970.0,0.0,MPESA ,Completed,0.0
5024,O005952,2025-10-03 15:22:00,C00645,P0093,ST099,Online,1.0,15030.0,0.0,m-pesa,Completed,1.0
5025,O005699,2025-09-06 10:36:00,C00201,P0084 ,ST021,In-Store,1.0,17830.0,0.1,M-Pesa,Returned,0.0
5026,O001068,2024-05-13 10:37:00,C00233,P0045,ST024,In-Store,2.0,20960.0,0.0,Cash,Completed,0.0
5027,O002292,2024-09-29 11:28:00,,P0070,ST014,In-Store,1.0,18010.0,0.0,mpesa,Completed,0.0
5028,O006313,2025-11-04 17:58:00,C00983,P0062,ST003,In-Store,1.0,20210.0,0.0,CARD,Completed,0.0
5029,O005293,2025-07-28 10:34:00,C01233,P0160,ST012,In-Store,2.0,52970.0,0.0,mpesa,completed,0.0
5030,O001649,2024-07-21 09:39:00,C01249,P0022,ST099,Online,1.0,63380.0,0.0,MPESA ,Completed,3.0
5031,O002359,07-Oct-2024,C00012,P0140,ST099,Online,2.0,13940.0,0.0,M-Pesa,Returned,3.0
5032,O004421,2025-04-24 17:06:00,C00576,P0183,ST099,Online,1.0,39320.0,0.0,M pesa,Completed,5.0
5033,O002637,2024-11-03 20:53:00,C00186,P0009,ST016,In-Store,1.0,119240.0,0.0,credit card,Completed,0.0
5034,O005093,2025-07-06 14:38:00,C01262,P0185,ST099,Online,2.0,24250.0,0.0,CARD,Completed,1.0
5035,O001930,2024-08-21 09:29:00,C00072,P0163,ST022,In-Store,1.0,41210.0,0.0,m-pesa,Cancelled,0.0
5036,O000701,2024-03-31 15:42:00,C00417,P0002,ST024,In-Store,1.0,91490.0,0.0,Airtel Money,Completed,0.0
5037,O000718,2024-04-02 14:52:00,C00389,P0060,ST021,In-Store,2.0,20160.0,0.0,M-Pesa,Completed,0.0
5038,O000721,2024-04-02 19:02:00,C00820,P0175,ST017,In-Store,1.0,15740.0,0.2,M-PESA,Completed,0.0
5039,O002069,2024-09-06 09:12:00,C00318,P0060,ST099,Online,1.0,20160.0,0.0,Mpesa,returned,4.0
5040,O006925,2025-12-19 17:34:00,C00202,P0146,ST020,In-Store,1.0,29570.0,0.0,M-Pesa,returned,0.0
5041,O004759,2025-05-30 19:10:00,C01262,P0072,ST099,Online,1.0,1640.0,0.0,M-Pesa,Completed,3.0
5042,O006801,2025-12-13 08:19:00,C01049 ,P0173,ST009,In-Store,1.0,19620.0,0.1,CASH,Completed,0.0
5043,O000207,2024-01-26 08:01:00,C00346,P0093,ST005,In-Store,1.0,15030.0,0.0,M-Pesa,Completed,0.0
5044,O004106,2025-03-23 19:26:00,C00194,P0135,ST099,Online,1.0,3510.0,0.0,MPESA ,Completed,5.0
5045,O002418,2024-10-12 14:23:00,C00830,P0021,ST016,In-Store,1.0,135600.0,0.0,M-Pesa,COMPLETED,0.0
5046,O003452,2024-12-30 15:52:00,C01113,P0135,ST006,In-Store,1.0,3510.0,0.0,M-Pesa,Completed,0.0
5047,O002709,2024-11-09 09:49:00,C01262,P0050,ST099,Online,2.0,1870.0,0.0,cash ,Returned,6.0
5048,O001403,2024-06-23 13:28:00,C01172,P0183,ST014,In-Store,2.0,39320.0,0.0,Airtel Money,Completed,0.0
5049,O003407,2024-12-27 16:07:00,C00165,P0070,ST016,In-Store,1.0,18010.0,0.15,cash ,Completed,0.0
5050,O006731,2025-12-08 16:49:00,,P0084,ST010,In-Store,1.0,17830.0,0.0,Bank Transfer,Completed,0.0
5051,O000237,2024-01-28 10:59:00,C00229,P0022,ST099,Online,1.0,63380.0,,cash ,Completed,6.0
5052,O006378,2025-11-10 15:50:00,C00812,P0045,ST016,In-Store,1.0,20960.0,0.0,m-pesa,Completed,0.0
5053,O004087,2025-03-22 16:57:00,C00054,P0074,ST099,Online,2.0,,0.0,Cash,Completed,3.0
5054,O002690,2024-11-07 17:06:00,C00179,P0084,ST099,Online,1.0,17830.0,,M pesa,Completed,4.0
5055,O002636,2024-11-03 08:45:00,C01034,P0150,ST024,In-Store,1.0,32640.0,,CASH,Completed,0.0
5056,O000958,2024-04-29 09:21:00,C00942,P0192,ST013,In-Store,3.0,34850.0,0.0,mpesa,Completed,0.0
5057,O005081,2025-07-05 19:03:00,C00429,P0068,ST099,Online,1.0,1250.0,0.0,Airtel money,Completed,3.0
5058,O007125,2025-12-31 14:10:00,C00706,P0051,ST099,Online,2.0,20210.0,0.05,Cash,Cancelled,2.0
5059,O002145,2024-09-14 15:30:00,C00240,P0102,ST099,Online,3.0,5210.0,0.25,Cash,complete,2.0
5060,O001621,2024-07-18 18:25:00,C00155,P0175,ST099,Online,1.0,15740.0,0.0,M-Pesa,Completed,2.0
5061,O002897,2024-11-25 09:15:00,C01302,P0158,ST003,In-Store,1.0,,0.0,MPESA ,Completed,0.0
5062,O006977,2025-12-21 10:11:00,C00238,P0017,ST099,Online,1.0,123410.0,0.0,debit card,Completed,4.0
5063,O006085,2025-10-14 20:51:00,,P0160,ST099,Online,1.0,52970.0,0.0,M-Pesa,Completed,4.0
5064,O004529,2025-05-06 16:38:00,C01252,P0062,ST017,In-Store,1.0,20210.0,0.0,m-pesa,Returned,0.0
5065,O002640,2024-11-03 12:10:00,C00153,P0053,ST099,Online,1.0,13410.0,0.0,Airtel Money,Completed,6.0
5066,O004918,2025-06-17 11:31:00,C00349,P0160,ST099,Online,1.0,52970.0,0.0,Bank Transfer,Completed,5.0
5067,O001343,2024-06-16 19:03:00,C00661,P0062,ST014,In-Store,2.0,20210.0,0.0,Card,Completed,0.0
5068,O004379,2025-04-20 17:22:00,C00074,P0125 ,ST006,In-Store,1.0,5710.0,0.15,Cash,Completed,0.0
5069,O002674,2024-11-06 18:37:00,C01155,P0161,ST006,In-Store,1.0,49910.0,0.1,Bank Transfer,Completed,0.0
5070,O005470,2025-08-14 20:11:00,C00178,P0160,ST013,In-Store,1.0,52970.0,0.0,M-Pesa,Completed,0.0
5071,O006415,2025-11-13 10:46:00,C00586,P0032,ST099,Online,1.0,112270.0,0.0,MPESA ,Returned,4.0
5072,O005410,2025-08-09 13:48:00,C01284,P0183,ST024,In-Store,2.0,39320.0,0.0,M-PESA,Completed,0.0
5073,O003739,2025-02-06 18:03:00,,P0151,ST099,Online,1.0,47660.0,0.0,Credit/Debit Card,Returned,6.0
5074,O002652,2024-11-04 12:37:00,C00507,P0160,ST006,In-Store,1.0,52970.0,0.0,MPESA ,complete,0.0
5075,O001020,2024-05-08 20:25:00,C00026,P0087,ST021,In-Store,1.0,11890.0,0.0,M-Pesa,Completed,0.0
5076,O003482,2025-01-03 15:23:00,C00165,P0160 ,ST002,In-Store,1.0,52970.0,0.0,Credit/Debit Card,Completed,0.0
5077,O004320,2025-04-15 10:55:00,C01054,P0060,ST099,Online,2.0,20160.0,0.05,M-Pesa,Completed,1.0
5078,O001103,2024-05-18 08:13:00,C00216,P0094,ST006,In-Store,1.0,7010.0,0.0,M-Pesa,Completed,0.0
5079,O002326,2024-10-04 11:21:00,C01133,P0165,ST024,In-Store,1.0,45630.0,0.0,M-Pesa,Cancelled,0.0
5080,O001137,2024-05-22 12:50:00,C01044,P0084,ST008,In-Store,1.0,17830.0,0.0,M-Pesa,Completed,0.0
5081,O005461,2025-08-14 19:05:00,C00270,P0009,ST010,In-Store,2.0,119240.0,0.1,M-Pesa,Completed,0.0
5082,O003783,11-Feb-2025,C01291,P0169,ST008,In-Store,1.0,57960.0,0.05,MPESA ,Completed,0.0
5083,O004396,2025-04-22 12:57:00,C01214,P0135,ST099,Online,1.0,3510.0,0.0,mpesa,Completed,3.0
5084,O006043,2025-10-11 12:51:00,C00922,P0030,ST009,In-Store,1.0,62130.0,0.0,Cash,Completed,0.0
5085,O003790,2025-02-14 08:01:00,C01059,P0013,ST013,In-Store,2.0,30190.0,0.0,M-Pesa,Completed,0.0
5086,O001751,2024-08-01 15:55:00,C00176,P0002,ST099,Online,1.0,91490.0,0.0,Cash,completed,4.0
5087,O003703,2025-02-01 09:06:00,C01169,P0160,ST019,In-Store,1.0,52970.0,0.0,M-Pesa,Completed,0.0
5088,O004954,2025-06-21 13:24:00,C01142,P0146,ST099,Online,1.0,29570.0,0.2,M-Pesa,Completed,1.0
5089,O000079,2024-01-11 09:30:00,C00708,P0022,ST007,In-Store,1.0,63380.0,0.0,Credit/Debit Card,Completed,0.0
5090,O003839,2025-02-20 12:22:00,C00507 ,P0074,ST014,In-Store,1.0,1880.0,0.0,Credit/Debit Card,CANCELLED,0.0
5091,O000888,2024-04-21 16:53:00,C00617,P0135,ST099,Online,1.0,3510.0,0.0,Cash,Completed,4.0
5092,O006342,2025-11-07 10:42:00,C00990,P0165,ST010,In-Store,4.0,45630.0,0.0,M-Pesa,Completed,0.0
5093,O005075,2025-07-05 11:17:00,C01007,P0069,ST020,In-Store,2.0,20690.0,0.0,Cash,Completed,0.0
5094,O000304,2024-02-09 12:20:00,C00536,P0096,ST099,Online,1.0,6270.0,0.0,M-PESA,Completed,4.0
5095,O003838,2025-02-20 13:35:00,C00202,P0160,ST008,In-Store,1.0,52970.0,0.0,m-pesa,Completed,0.0
5096,O000223,2024-01-27 09:47:00,C00806,P0163,ST099,Online,1.0,41210.0,0.0,MPESA ,Completed,4.0
5097,O000843,2024-04-16 12:18:00,C00065,P0093,ST008,In-Store,1.0,15030.0,0.0,M-Pesa,Completed,0.0
5098,O001330,2024-06-15 19:12:00,C00882,P0165,ST006,In-Store,2.0,45630.0,0.0,M-Pesa,Completed,0.0
5099,O006730,2025-12-08 12:14:00,C00355,P0100,ST099,Online,2.0,2830.0,0.0,M-Pesa,Completed,4.0
5100,O003468,2025-01-01 16:41:00,C00663,P0091,ST099,Online,1.0,2270.0,0.0,M-Pesa,Completed,1.0
5101,O001917,2024-08-19 14:04:00,,P0104,ST099,Online,1.0,3780.0,0.15,Cash,returned,5.0
5102,O006443,2025/11/16,,P0144,ST099,Online,1.0,30700.0,0.05,Credit/Debit Card,Completed,6.0
5103,O001520,2024-07-07 19:48:00,C01006,P0024,ST003,In-Store,1.0,85100.0,0.05,M-Pesa,Completed,0.0
5104,O000641,2024-03-23 14:09:00,C01041,P0106,ST007,In-Store,1.0,12940.0,0.0,CARD,Completed,0.0
5105,O002047,2024-09-02 13:43:00,C00311,P0151,ST012,In-Store,1.0,47660.0,0.0,Cash,Completed,0.0
5106,O005300,2025-07-29 08:08:00,,P0104,ST099,Online,1.0,3780.0,0.0,Bank Transfer,Completed,3.0
5107,O006761,2025-12-10 14:35:00,C00984,P0080,ST099,Online,1.0,4980.0,0.15,Airtel Money,Completed,1.0
5108,O006438,2025-11-15 12:08:00,C00719,P0160,ST006,In-Store,2.0,52970.0,,Airtel Money,Completed,0.0
5109,O000450,01-Mar-2024,C00312,P0005,ST004,In-Store,1.0,18960.0,0.05,mpesa,complete,0.0
5110,O001546,2024-07-09 09:50:00,C00938,P0104,ST007,In-Store,1.0,3780.0,0.0,Mpesa ,Completed,0.0
5111,O003926,2025-03-03 13:54:00,C00422,P0034,ST002,In-Store,1.0,32600.0,0.0,M-Pesa,returned,0.0
5112,O002357,2024-10-07 10:11:00,C01215,P0071,ST099,Online,1.0,4850.0,0.0,Mpesa ,Completed,2.0
5113,O001255,2024-06-07 16:33:00,C00077,P0161,ST099,Online,1.0,49910.0,0.0,M-Pesa,complete,1.0
5114,O003975,2025-03-08 13:27:00,C01175,P0129,ST011,In-Store,1.0,10150.0,0.0,MPESA ,Completed,0.0
5115,O004521,2025-05-05 08:50:00,C00203,P0108,ST004,In-Store,1.0,14950.0,0.0,Airtel Money,Returned,0.0
5116,O002034,2024-09-01 13:47:00,C00229,P0165,ST016,In-Store,2.0,45630.0,0.0,M-Pesa,Completed,0.0
5117,O003861,2025/02/23,,P0153,ST012,In-Store,1.0,58800.0,0.2,AIRTEL MONEY,Completed,0.0
5118,O003348,2024-12-24 08:36:00,C00264,P0198,ST099,Online,4.0,35160.0,0.0,cash ,Completed,3.0
5119,O000236,2024-01-28 10:40:00,C00389,P0163,ST003,In-Store,1.0,41210.0,0.0,Cash,Completed,0.0
5120,O003653,2025-01-25 13:16:00,C00762,P0071,ST009,In-Store,1.0,4850.0,0.0,M-Pesa,Completed,0.0
5121,O003445,2024-12-30 20:38:00,C00382,P0184,ST015,In-Store,1.0,20390.0,0.0,cash ,Completed,0.0
5122,O002770,2024-11-14 18:44:00,C00532,P0194,ST011,In-Store,1.0,24550.0,0.0,Airtel Money,Completed,0.0
5123,O005944,2025-10-02 16:38:00,C01293,P0033,ST012,In-Store,1.0,103260.0,0.0,Bank Transfer,Completed,0.0
5124,O004068,2025-03-20 12:52:00,C01281,P0013,ST017,In-Store,1.0,30190.0,0.0,Cash,Completed,0.0
5125,O001205,2024-05-31 19:27:00,,P0194,ST014,In-Store,1.0,24550.0,0.0,M-Pesa,Completed,0.0
5126,O006482,2025-11-19 15:22:00,C00010,P0040,ST002,In-Store,1.0,126140.0,0.0,Airtel Money,Completed,0.0
5127,O006371,2025-11-09 08:33:00,C01309,P0086,ST099,Online,1.0,,0.0,Credit/Debit Card,Completed,2.0
5128,O005169,2025-07-13 10:09:00,C00909,P0013,ST002,In-Store,1.0,30190.0,0.0,M-PESA,Returned,0.0
5129,O007022,2025-12-23 11:34:00,C00306,P0175,ST099,Online,1.0,15740.0,0.0,mpesa,Completed,4.0
5130,O000472,2024-03-03 14:43:00,C01075,P0109,ST010,In-Store,1.0,6990.0,0.0,M-Pesa,Returned,0.0
5131,O005948,2025-10-03 09:51:00,C00729,P0064,ST099,Online,1.0,6160.0,0.0,Bank Transfer,Completed,3.0
5132,O001050,2024-05-11 17:54:00,C00026,P0189,ST011,In-Store,1.0,32140.0,0.0,Airtel-Money,Completed,0.0
5133,O004664,2025-05-21 16:11:00,C00279,P0012,ST005,In-Store,3.0,130340.0,0.0,Bank Transfer,Completed,0.0
5134,O004198,2025-04-02 16:31:00,C01265,P0159 ,ST099,Online,4.0,14960.0,0.05,Credit/Debit Card,Completed,5.0
5135,O005272,2025-07-26 13:54:00,C01215,P0104,ST009,In-Store,1.0,3780.0,0.0,cash ,complete,0.0
5136,O003821,2025-02-17 14:54:00,C00347,P0150,ST023,In-Store,1.0,32640.0,0.0,M-Pesa,Completed,0.0
5137,O005800,2025-09-18 13:36:00,C00082,P0165,ST099,Online,1.0,45630.0,0.0,Bank Transfer,Completed,2.0
5138,O000254,2024-02-01 13:36:00,C01350,P0151,ST099,Online,4.0,47660.0,0.0,MPESA ,Completed,2.0
5139,O006980,2025-12-22 14:53:00,C00119,P0060,ST011,In-Store,1.0,20160.0,0.0,Credit/Debit Card,Completed,0.0
5140,O001418,2024-06-26 17:36:00,C00240,P0146,ST012,In-Store,2.0,29570.0,0.0,Airtel Money,Completed,0.0
5141,O002500,2024-10-20 14:57:00,C00642,P0162,ST024,In-Store,1.0,42760.0,0.2,Mpesa ,Cancelled,0.0
5142,O002506,2024-10-20 15:25:00,C00600,P0196,ST012,In-Store,1.0,20930.0,0.0,M-Pesa,Completed,0.0
5143,O003555,2025-01-12 12:19:00,C00477,P0093,ST003,In-Store,,15030.0,0.05,M-Pesa,Completed,0.0
5144,O004731,2025-05-27 10:02:00,C01310,P0086,ST024,In-Store,1.0,19730.0,0.0,mpesa,Completed,0.0
5145,O002303,2024-10-01 16:11:00,C01191,P0056,ST023,In-Store,1.0,14270.0,0.0,MPESA ,Completed,0.0
5146,O004996,2025-06-26 16:35:00,C01132,P0037,ST020,In-Store,1.0,42380.0,0.0,Bank Transfer,Completed,0.0
5147,O001760,2024-08-02 12:30:00,C00074,P0061,ST008,In-Store,1.0,19410.0,0.0,Card,Completed,0.0
5148,O005222,2025-07-19 10:17:00,C00706,P0151,ST019,In-Store,1.0,47660.0,0.0,M-Pesa,Completed,0.0
5149,O001319,2024-06-14 08:03:00,C00332,P0013,ST007,In-Store,3.0,30190.0,0.0,M-Pesa,Completed,0.0
5150,O004345,2025/04/17,C00774,P0090,ST006,In-Store,2.0,8490.0,0.05,Credit/Debit Card,Completed,0.0
5151,O006352,2025-11-08 18:06:00,C00432,P0060,ST014,In-Store,3.0,20160.0,0.0,M-PESA,Cancelled,0.0
5152,O000965,2024-04-30 19:01:00,,P0188,ST008,In-Store,1.0,10310.0,0.0,Cash,Completed,0.0
5153,O002914,2024-11-26 16:17:00,C00496,P0056,ST024,In-Store,1.0,14270.0,0.0,Credit/Debit Card,Completed,0.0
5154,O006735,2025-12-08 12:40:00,C01053,P0086,ST023,In-Store,1.0,19730.0,0.0,M-Pesa,Completed,0.0
5155,O005121,2025-07-08 14:26:00,C00247,P0063,ST023,In-Store,1.0,1440.0,0.0,CARD,Completed,0.0
5156,O005279,2025-07-26 19:38:00,C00455,P0150,ST018,In-Store,1.0,32640.0,0.0,Cash,Completed,0.0
5157,O003497,2025-01-05 14:50:00,C00790,P0162,ST008,In-Store,1.0,42760.0,0.0,CASH,Completed,0.0
5158,O000386,2024-02-21 16:06:00,C00725,P0181,ST099,Online,1.0,23170.0,0.0,M-Pesa,Completed,5.0
5159,O003609,2025-01-19 08:27:00,C00980,P0135,ST022,In-Store,1.0,3510.0,0.0,Cash,Completed,0.0
5160,O002446,2024-10-14 12:41:00,C00731,P0013,ST099,Online,1.0,30190.0,0.0,M-Pesa,Completed,1.0
5161,O005834,2025-09-22 13:47:00,C00133,P0151,ST008,In-Store,1.0,47660.0,0.0,M-Pesa,Completed,0.0
5162,O003557,2025-01-12 15:31:00,C00939,P0007,ST099,Online,1.0,46260.0,0.0,Airtel Money,Completed,2.0
5163,O004102,2025-03-23 15:39:00,C01084,P0120,ST099,Online,2.0,10270.0,0.0,M-Pesa,Completed,4.0
5164,O000457,02/03/2024,C01334,P0109,ST018,In-Store,1.0,6990.0,0.1,Bank Transfer,Completed,0.0
5165,O003426,2024-12-29 17:15:00,C01223,P0160,ST099,Online,1.0,52970.0,0.0,M-Pesa,Completed,1.0
5166,O004271,2025-04-10 14:56:00,C00845,P0056,ST018,In-Store,1.0,14270.0,0.0,M-Pesa,Cancelled,0.0
5167,O000660,2024-03-25 20:17:00,C00949,P0161,ST013,In-Store,3.0,49910.0,0.0,M-Pesa,Completed,0.0
5168,O004369,2025-04-20 17:19:00,C00534,P0189,ST099,Online,1.0,32140.0,0.0,Credit/Debit Card,Completed,6.0
5169,O005207,2025-07-18 19:34:00,C00200,P0150,ST009,In-Store,1.0,32640.0,0.0,M-PESA,Completed,0.0
5170,O006201,2025-10-26 17:32:00,C01300,P0060,ST099,Online,1.0,20160.0,0.0,M-Pesa,Returned,2.0
5171,O007037,2025-12-24 20:58:00,C00113,P0197,ST007,In-Store,1.0,22390.0,0.0,M-Pesa,Cancelled,0.0
5172,O005422,2025-08-09 18:49:00,,P0135,ST016,In-Store,1.0,3510.0,0.0,Mpesa,Completed,0.0
5173,O006205,2025-10-26 16:07:00,C01162,P0160,ST009,In-Store,1.0,52970.0,0.0,MPESA ,Completed,0.0
5174,O000265,2024-02-03 18:45:00,C01265,P0054,ST015,In-Store,2.0,7300.0,0.1,M-Pesa,Completed,0.0
5175,O001693,2024-07-26 14:11:00,C00138,P0070,ST099,Online,1.0,18010.0,,M-Pesa,Completed,5.0
5176,O006389,2025-11-11 09:40:00,C00576,P0181,ST099,Online,1.0,23170.0,0.0,airtel money,Cancelled,1.0
5177,O001918,2024-08-20 15:07:00,C00014,P0056,ST020,In-Store,1.0,14270.0,0.0,M-Pesa,Completed,0.0
5178,O001288,2024-06-10 08:18:00,C00598,P0256,ST099,Online,1.0,15740.0,0.0,M-Pesa,Completed,1.0
5179,O005295,2025-07-28 09:03:00,C00724 ,P0081,ST099,Online,1.0,14340.0,0.0,Credit/Debit Card,Completed,4.0
5180,O003595,2025-01-18 14:52:00,C01019,P0024,ST015,In-Store,1.0,85100.0,0.0,Airtel Money,Completed,0.0
5181,O001763,2024-08-02 19:48:00,C01293,P0181,ST099,Online,1.0,23170.0,0.0,M-Pesa,Completed,1.0
5182,O005751,2025-09-12 20:45:00,C00033,P0059,ST099,Online,2.0,16280.0,0.15,M-Pesa,Completed,2.0
5183,O004286,2025-04-12 12:54:00,C00364,P0158,ST020,In-Store,1.0,36400.0,0.0,M-Pesa,Completed,0.0
5184,O004928,2025-06-18 13:21:00,C00344,P0129,ST007,In-Store,1.0,10150.0,0.0,CASH,Completed,0.0
5185,O005159,2025-07-12 11:14:00,C00398,P0136,ST099,Online,1.0,1510.0,0.0,Cash,Completed,1.0
5186,O002732,2024-11-10 11:43:00,,P0028,ST006,In-Store,2.0,6690.0,0.0,M-PESA,Completed,0.0
5187,O003137,2024-12-13 13:04:00,C01306,P0024,ST011,In-Store,1.0,85100.0,0.0,Airtel-Money,Completed,0.0
5188,O005092,2025-07-05 11:36:00,C01205,P0129,ST014,In-Store,1.0,10150.0,0.0,MPESA ,Completed,0.0
5189,O000244,2024-01-29 12:13:00,,P0163,ST099,Online,1.0,41210.0,0.05,m-pesa,Completed,3.0
5190,O005534,2025-08-20 11:08:00,,P0074,ST018,In-Store,1.0,1880.0,0.15,M-Pesa,Returned,0.0
5191,O003683,2025-01-29 12:22:00,C01181,P0020,ST004,In-Store,1.0,10070.0,0.0,mpesa,Completed,0.0
5192,O004813,2025-06-05 17:57:00,C01154,P0080,ST099,Online,1.0,4980.0,0.05,M-Pesa,Completed,1.0
5193,O000469,2024-03-03 09:55:00,,P0188,ST003,In-Store,1.0,10310.0,0.0,Airtel Money,Completed,0.0
5194,O003080,2024-12-08 20:50:00,C01100,P0012,ST099,Online,1.0,130340.0,0.0,Airtel Money,Completed,3.0
5195,O001785,2024-08-04 09:18:00,C01113,P0084,ST015,In-Store,3.0,17830.0,0.1,M-Pesa,Completed,0.0
5196,O005887,2025-09-27 18:47:00,C00345,P0096,ST099,Online,1.0,6270.0,,Bank Transfer,Completed,2.0
5197,O004220,2025-04-04 19:59:00,C00984,P0183,ST099,Online,1.0,39320.0,0.0,Card,Completed,3.0
5198,O002957,2024-11-30 16:49:00,C00841,P0139,ST099,Online,2.0,6700.0,0.05,MPESA ,Returned,4.0
5199,O004846,2025-06-08 14:38:00,C01041,P0098,ST017,In-Store,1.0,10630.0,0.0,Mpesa,Completed,0.0
5200,O001992,2024-08-28 13:06:00,C00396,P0146,ST099,Online,1.0,29570.0,0.0,M-Pesa,Completed,1.0
5201,O004757,2025-05-29 08:55:00,C00104,P0080,ST010,In-Store,1.0,4980.0,0.0,mpesa,Completed,0.0
5202,O003759,2025-02-09 08:27:00,C00007,P0096,ST099,Online,1.0,6270.0,0.0,Airtel Money,Completed,2.0
5203,O006196,25/10/2025,C01181,P0175,ST099,Online,1.0,15740.0,0.0,airtel money,Returned,3.0
5204,O004332,2025-04-16 16:02:00,C00069,P0061,ST099 ,Online,1.0,19410.0,0.0,Credit/Debit Card,Completed,4.0
5205,O001400,2024-06-23 20:55:00,C00626,P0056,ST012,In-Store,1.0,14270.0,0.0,M-Pesa,Completed,0.0
5206,O006229,2025-10-29 10:27:00,C00042,P0062,ST099,Online,1.0,20210.0,0.0,M-Pesa,Completed,5.0
5207,O003657,2025-01-26 15:58:00,C00368,P0152,ST015,In-Store,2.0,11580.0,0.15,Cash,Completed,0.0
5208,O004553,2025-05-08 16:16:00,C01234,P0163 ,ST016,In-Store,2.0,41210.0,0.0,M-Pesa,Completed,0.0
5209,O000199,2024-01-25 14:53:00,C00683,P0028,ST024,In-Store,1.0,6690.0,0.0,Credit/Debit Card,Completed,0.0
5210,O001814,2024-08-08 09:00:00,C00469,P0089,ST017,In-Store,1.0,7140.0,0.05,cash ,Completed,0.0
5211,O002091,2024-09-09 12:32:00,C01234,P0060,ST099,Online,1.0,20160.0,0.0,Cash,Completed,5.0
5212,O001636,2024-07-20 20:13:00,C01059,P0084,ST008,In-Store,1.0,17830.0,0.0,Credit/Debit Card,COMPLETED,0.0
5213,O006001,2025-10-08 17:47:00,C00696,P0116,ST099,Online,1.0,13190.0,0.0,Airtel Money,Completed,1.0
5214,O000778,2024-04-10 12:16:00,C01027,P0009,ST022,In-Store,1.0,119240.0,0.0,Airtel Money,Completed,0.0
5215,O001093,2024-05-17 17:04:00,C00696,P0173,ST099,Online,2.0,19620.0,0.15,Credit/Debit Card,Returned,6.0
5216,O002184,2024-09-18 20:21:00,C00967,P0003,ST099,Online,1.0,26210.0,0.15,M-Pesa,Completed,2.0
5217,O002127,2024-09-13 11:16:00,,P0016,ST008,In-Store,1.0,38090.0,0.0,M-Pesa,Completed,0.0
5218,O007106,2025-12-28 10:21:00,C01114,P0160,ST007,In-Store,1.0,52970.0,0.0,mpesa,Completed,0.0
5219,O004791,2025-06-02 15:39:00,C00569,P0125,ST099,Online,1.0,5710.0,0.0,Credit/Debit Card,Completed,2.0
5220,O001630,2024-07-19 16:52:00,C00141,P0074,ST099,Online,1.0,1880.0,0.15,Bank Transfer,Completed,5.0
5221,O004138,2025-03-27 19:13:00,C00029,P0012,ST010,In-Store,1.0,130340.0,0.0,Credit/Debit Card,Completed,0.0
5222,O003220,2024-12-17 12:25:00,,P0151,ST017,In-Store,1.0,47660.0,0.0,M-Pesa,Completed,0.0
5223,O001098,2024-05-17 14:54:00,C01252,P0160,ST099,Online,1.0,52970.0,0.0,M-Pesa,Returned,3.0
5224,O005938,2025-10-02 17:46:00,C00001,P0024,ST099,Online,2.0,85100.0,0.0,Credit/Debit Card,complete,4.0
5225,O000249,2024-01-31 09:49:00,C00784,P0093,ST016,In-Store,1.0,15030.0,0.0,M-Pesa,Completed,0.0
5226,O004025,2025/03/15,C00398,P0150,ST021,In-Store,1.0,32640.0,0.0,M-Pesa,Completed,0.0
5227,O004804,2025-06-04 14:26:00,C01145,P0018,ST099,Online,1.0,79380.0,0.0,airtel money,Completed,1.0
5228,O003752,2025-02-08 17:54:00,C00964,P0059,ST099,Online,1.0,16280.0,0.0,M-Pesa,Completed,6.0
5229,O003184,2024-12-15 19:26:00,C00948,P0159,ST023,In-Store,1.0,14960.0,0.05,M-Pesa,Completed,0.0
5230,O001182,2024-05-27 16:31:00,,P0025,ST018,In-Store,1.0,53630.0,0.0,M-Pesa,completed,0.0
5231,O006265,2025-10-31 19:46:00,C00344,P0152,ST099,Online,1.0,11580.0,0.05,Bank Transfer,Completed,2.0
5232,O005966,2025-10-04 09:23:00,C00041,P0086,ST022,In-Store,1.0,19730.0,0.0,Cash,Returned,0.0
5233,O005324,2025-07-30 19:03:00,C00244,P0080,ST004,In-Store,1.0,4980.0,0.0,M-PESA,complete,0.0
5234,O005824,2025-09-20 18:56:00,C01244,P0010,ST020,In-Store,1.0,127120.0,0.0,Credit/Debit Card,completed,0.0
5235,O000224,2024-01-27 17:55:00,C00140,P0146,ST001,In-Store,1.0,29570.0,0.0,M-PESA,Completed,0.0
5236,O006038,2025-10-10 10:51:00,C00141,P0064,ST099,Online,1.0,6160.0,0.0,M-Pesa,Completed,5.0
5237,O003594,2025-01-18 16:37:00,C00247,P0012,ST019,In-Store,2.0,130340.0,0.0,M-Pesa,Completed,0.0
5238,O000695,2024-03-30 13:10:00,C01079,P0061,ST023,In-Store,2.0,19410.0,0.0,M-Pesa,Completed,0.0
5239,O003503,2025-01-06 13:16:00,C01204,P0128,ST099,Online,3.0,13910.0,0.0,mpesa,Completed,2.0
5240,O000667,2024-03-26 15:55:00,C00606,P0056,ST009,In-Store,1.0,14270.0,0.0,debit card,Completed,0.0
5241,O005221,19-Jul-2025,C00429,P0146,ST015,In-Store,1.0,29570.0,0.25,Credit/Debit Card,Cancelled,0.0
5242,O006696,2025-12-06 18:11:00,C00839,P0188,ST004,In-Store,2.0,10310.0,0.0,Bank Transfer,completed,0.0
5243,O004071,2025-03-20 10:14:00,C00674,P0088,ST099,Online,1.0,10360.0,0.15,MPESA ,Returned,4.0
5244,O003280,2024-12-20 20:44:00,C00364,P0069,ST007,In-Store,2.0,20690.0,0.0,M-Pesa,Completed,0.0
5245,O005783,2025-09-16 17:11:00,C00069,P0097,ST004,In-Store,1.0,1930.0,0.0,M-Pesa,Completed,0.0
5246,O005691,2025-09-06 11:34:00,C00127,P0116,ST099,Online,1.0,13190.0,0.0,M-Pesa,Completed,1.0
5247,O006272,2025-11-01 20:55:00,C00791,P0084,ST020,In-Store,1.0,17830.0,0.0,M-Pesa,Returned,0.0
5248,O005604,2025-08-28 11:02:00,C00213,P0062,ST099,Online,1.0,20210.0,0.0,M-Pesa,Completed,6.0
5249,O006866,2025-12-17 09:19:00,C01331,P0065,ST099,Online,1.0,4780.0,0.05,Mpesa,Returned,1.0
5250,O007016,2025-12-23 20:14:00,,P0011,ST021,In-Store,1.0,25490.0,0.0,Cash,Completed,0.0
5251,O004523,2025-05-05 14:30:00,C00169,P0042,ST015,In-Store,1.0,123680.0,0.0,Cash,Completed,0.0
5252,O002789,2024-11-16 16:49:00,C01220,P0196,ST006,In-Store,1.0,20930.0,0.0,M-Pesa,Completed,0.0
5253,O002066,2024-09-06 20:25:00,C00717,P0176,ST099,Online,1.0,10760.0,0.0,Cash,Completed,4.0
5254,O006780,2025-12-11 09:23:00,C01076,P0135,ST099,Online,1.0,3510.0,0.0,Airtel-Money,Returned,5.0
5255,O006598,2025-11-29 14:05:00,C01321,P0138,ST003,In-Store,1.0,4780.0,,Airtel-Money,Completed,0.0
5256,O003410,2024-12-28 20:22:00,C01058,P0183,ST099,Online,2.0,39320.0,0.0,M-Pesa,Completed,4.0
5257,O005492,2025-08-16 18:06:00,C00181,P0194,ST013,In-Store,1.0,24550.0,0.25,Airtel Money,Completed,0.0
5258,O001968,25/08/2024,C00810,P0088,ST014,In-Store,1.0,10360.0,0.05,Cash,Completed,0.0
5259,O003494,2025-01-05 15:42:00,C01210,P0150,ST013,In-Store,1.0,32640.0,0.0,M-Pesa,COMPLETED,0.0
5260,O002139,2024-09-14 13:16:00,C00345,P0163,ST099,Online,2.0,41210.0,0.0,Mpesa ,Completed,3.0
5261,O005108,2025-07-07 18:00:00,C00401,P0128,ST003,In-Store,1.0,13910.0,0.0,M-Pesa,Completed,0.0
5262,O003381,2024-12-26 14:20:00,C01153,P0156,ST099,Online,1.0,30350.0,,M-Pesa,Completed,6.0
5263,O002279,2024-09-28 14:10:00,C00120,P0042,ST099,Online,1.0,123680.0,0.0,M-Pesa,Completed,3.0
5264,O006996,2025-12-22 13:26:00,C01268,P0160,ST011,In-Store,3.0,52970.0,0.15,cash,Cancelled,0.0
5265,O005548,2025-08-22 17:14:00,C01277,P0125,ST099,Online,1.0,5710.0,0.0,Cash,Completed,6.0
5266,O003354,2024-12-24 16:23:00,C00749,P0125,ST099,Online,1.0,5710.0,0.2,Cash,Returned,1.0
5267,O001126,2024-05-20 09:16:00,C01162,P0152,ST007,In-Store,1.0,11580.0,0.0,M-Pesa,Completed,0.0
5268,O003502,2025-01-06 12:00:00,C00636,P0030,ST022,In-Store,3.0,62130.0,0.0,airtel money,complete,0.0
5269,O003716,2025-02-02 14:21:00,C01018,P0096,ST099,Online,1.0,6270.0,0.05,Mpesa ,Returned,2.0
5270,O007081,2025-12-27 13:31:00,C01275,P0041,ST005,In-Store,1.0,83810.0,0.0,M-Pesa,returned,0.0
5271,O001473,2024-07-02 20:35:00,C00850,P0061,ST001,In-Store,1.0,19410.0,0.0,Airtel Money,Completed,0.0
5272,O004693,2025-05-24 15:46:00,C00387,P0165,ST006,In-Store,1.0,45630.0,0.0,M-Pesa,Completed,0.0
5273,O003245,2024-12-19 11:44:00,C00096,P0181,ST002,In-Store,1.0,23170.0,0.0,Airtel Money,Completed,0.0
5274,O003788,2025-02-13 13:00:00,C01184,P0061,ST099,Online,2.0,19410.0,0.0,credit card,Completed,2.0
5275,O003499,05-Jan-2025,C00853,P0010,ST099,Online,1.0,127120.0,0.2,Bank Transfer,Completed,4.0
5276,O000587,2024-03-17 20:16:00,C01219,P0146,ST099,Online,1.0,29570.0,0.0,AIRTEL MONEY,COMPLETED,1.0
5277,O004766,2025-05-31 08:26:00,C01042,P0093,ST099,Online,,15030.0,0.15,cash ,Completed,1.0
5278,O000013,2024-01-03 16:11:00,C00900,P0060,ST009,In-Store,1.0,20160.0,0.0,MPESA ,Completed,0.0
5279,O006732,2025-12-08 13:18:00,C00681,P0062,ST099,Online,1.0,20210.0,0.05,M-Pesa,Completed,2.0
5280,O001951,2024-08-24 15:17:00,C00649,P0030,ST012,In-Store,2.0,62130.0,0.0,Airtel money,Completed,0.0
5281,O004629,2025-05-18 15:31:00,C00221,P0048,ST019,In-Store,1.0,21400.0,0.0,M-Pesa,Completed,0.0
5282,O005503,2025-08-17 12:12:00,C01314,P0150,ST019,In-Store,1.0,32640.0,0.0,M-Pesa,Completed,0.0
5283,O002113,2024-09-11 12:47:00,C00579,P0027,ST099,Online,1.0,26240.0,0.05,M-Pesa,Returned,6.0
5284,O001254,2024-06-07 16:36:00,C01185,P0135,ST099,Online,1.0,3510.0,0.0,M-Pesa,Completed,6.0
5285,O005903,2025-09-28 10:42:00,C01348,P0016,ST023,In-Store,1.0,38090.0,0.0,M-Pesa,Completed,0.0
5286,O002205,2024-09-21 15:12:00,C00953,P0088,ST006,In-Store,1.0,10360.0,0.0,M-Pesa,Completed,0.0
5287,O001500,2024-07-05 18:47:00,C00571,P0158,ST005,In-Store,1.0,36400.0,0.0,Credit/Debit Card,Completed,0.0
5288,O006832,2025-12-15 17:51:00,C00053,P0048,ST005,In-Store,2.0,21400.0,0.0,Cash,Completed,0.0
5289,O001771,2024-08-03 12:03:00,C00398,P0146,ST099,Online,1.0,29570.0,0.0,Cash,Returned,2.0
5290,O004735,2025-05-28 18:59:00,C00614,P0062 ,ST099,Online,1.0,20210.0,0.0,CARD,Completed,5.0
5291,O004547,2025-05-08 18:36:00,C00958,P0163,ST099,Online,1.0,41210.0,0.0,M-PESA,Completed,6.0
5292,O002037,2024-09-01 10:55:00,C01091,P0105,ST015,In-Store,1.0,15970.0,0.0,M-Pesa,complete,0.0
5293,O001331,2024-06-15 20:49:00,C00119,P0012,ST099,Online,2.0,130340.0,0.0,M-PESA,Completed,1.0
5294,O003484,2025-01-03 20:52:00,C01100,P0086,ST002,In-Store,1.0,19730.0,0.0,Airtel Money,Completed,0.0
5295,O004913,2025-06-16 15:33:00,C01350,P0056,ST005,In-Store,3.0,14270.0,0.0,Cash,Completed,0.0
5296,O004400,2025-04-22 16:56:00,C00852,P0034,ST099,Online,2.0,32600.0,0.0,Bank Transfer,Completed,3.0
5297,O005098,2025-07-06 17:01:00,C01205,P0194,ST099,Online,1.0,24550.0,0.0,M-Pesa,Completed,3.0
5298,O006099,2025-10-16 17:10:00,C00334,P0154,ST099,Online,1.0,14610.0,0.0,M-Pesa,Completed,2.0
5299,O006935,2025-12-20 11:37:00,C01031,P0017,ST011,In-Store,1.0,123410.0,0.1,M-Pesa,complete,0.0
5300,O000260,2024-02-02 11:08:00,C00032,P0183,ST004,In-Store,2.0,39320.0,,M-Pesa,Completed,0.0
5301,O001221,2024-06-02 09:01:00,C00364,P0122,ST099,Online,1.0,1050.0,0.2,M-Pesa,Returned,6.0
5302,O002493,2024-10-20 09:37:00,C00169,P0196,ST006,In-Store,1.0,20930.0,0.0,M-PESA,Completed,0.0
5303,O006966,2025-12-21 20:47:00,C00403,P0060,ST099,Online,1.0,20160.0,0.1,M-Pesa,Completed,6.0
5304,O003792,2025-02-14 09:37:00,C00774,P0196,ST018,In-Store,1.0,20930.0,0.1,Bank Transfer,Completed,0.0
5305,O003979,2025-03-08 16:00:00,C01229,P0086,ST002,In-Store,2.0,19730.0,0.0,M-Pesa,Completed,0.0
5306,O002509,2024-10-20 09:36:00,C00471,P0086,ST099,Online,1.0,19730.0,0.0,M-Pesa,Completed,5.0
5307,O002781,2024-11-15 19:45:00,C01222,P0071,ST017,In-Store,3.0,4850.0,0.0,M-Pesa,Completed,0.0
5308,O001881,2024-08-17 16:14:00,C00125,P0040,ST006,In-Store,1.0,126140.0,,M-Pesa,Completed,0.0
5309,O005891,2025-09-27 08:12:00,C00583,P0056,ST099,Online,2.0,14270.0,0.05,M pesa,completed,1.0
5310,O005467,14/08/2025,C00134,P0104,ST099,Online,2.0,3780.0,0.05,M-Pesa,Completed,2.0
5311,O001219,2024-06-02 17:34:00,C00799,P0040,ST008,In-Store,,126140.0,0.0,M-Pesa,Completed,0.0
5312,O003201,16-Dec-2024,C01160,P0160,ST014,In-Store,2.0,52970.0,0.0,M-Pesa,Completed,0.0
5313,O007006,2025-12-23 18:59:00,C00833,P0013,ST014,In-Store,1.0,30190.0,0.2,Credit/Debit Card,Completed,0.0
5314,O000915,2024-04-25 15:18:00,C00167,P0083,ST016,In-Store,1.0,14200.0,0.0,Cash,Completed,0.0
5315,O004185,2025-03-30 16:32:00,C00445,P0009,ST020,In-Store,1.0,119240.0,0.0,M-Pesa,Completed,0.0
5316,O001694,2024-07-27 16:44:00,C00453,P0074,ST099,Online,1.0,1880.0,0.0,Airtel Money,Completed,5.0
5317,O003040,2024-12-06 12:53:00,C01228,P0173,ST099,Online,1.0,19620.0,0.0,Credit/Debit Card,Completed,3.0
5318,O000674,2024-03-28 14:58:00,C00857,P0008,ST099,Online,3.0,94740.0,0.0,debit card,Completed,6.0
5319,O000185,2024-01-23 14:29:00,C00663,P0025,ST099,Online,1.0,53630.0,0.0,Credit/Debit Card,Completed,3.0
5320,O001428,2024-06-27 18:17:00,C01162,P0173,ST008,In-Store,1.0,19620.0,0.0,Credit/Debit Card,Completed,0.0
5321,O007053,2025-12-25 18:07:00,C00736,P0039,ST019,In-Store,1.0,75080.0,0.1,Cash,Completed,0.0
5322,O001088,2024-05-16 09:24:00,C00919,P0017,ST011,In-Store,1.0,123410.0,0.0,M-Pesa,Completed,0.0
5323,O007074,2025-12-26 09:12:00,C01035,P0148,ST099,Online,1.0,32090.0,0.05,cash,Completed,4.0
5324,O003156,2024-12-14 12:37:00,C00042,P0104,ST016,In-Store,1.0,3780.0,0.0,M-Pesa,Completed,0.0
5325,O000628,2024-03-22 11:17:00,C01049,P0168,ST018,In-Store,1.0,31350.0,0.0,Credit/Debit Card,Completed,0.0
5326,O005986,2025-10-06 16:28:00,C00276,P0151,ST023 ,In-Store,1.0,47660.0,0.0,mpesa,Completed,0.0
5327,O001211,2024-06-01 18:34:00,C00161,P0008,ST015,In-Store,1.0,94740.0,0.0,Airtel Money,Completed,0.0
5328,O004010,2025-03-13 11:48:00,,P0063,ST008,In-Store,2.0,1440.0,0.0,mpesa,Completed,0.0
5329,O002072,2024-09-06 08:00:00,C00642,P0010,ST002,In-Store,1.0,127120.0,0.25,M-Pesa,complete,0.0
5330,O000788,2024-04-11 16:49:00,C01088,P0063,ST099,Online,1.0,1440.0,0.2,Cash,Completed,5.0
5331,O006111,2025-10-17 11:31:00,C00665,P0080,ST099,Online,1.0,4980.0,0.0,M-Pesa,Completed,1.0
5332,O006253,2025-10-31 17:43:00,C00576,P0141,ST022,In-Store,1.0,12880.0,0.0,M-Pesa,Cancelled,0.0
5333,O005212,2025-07-18 12:08:00,C00604,P0160,ST010,In-Store,1.0,,0.0,M-Pesa,Completed,0.0
5334,O006031,2025-10-10 10:48:00,C00017,P0166,ST099,Online,1.0,36200.0,0.0,Credit/Debit Card,completed,6.0
5335,O004909,2025-06-16 10:36:00,C00417,P0160,ST099,Online,1.0,52970.0,0.15,CASH,Completed,2.0
5336,O005713,2025-09-07 09:18:00,C00715,P0189,ST020,In-Store,3.0,32140.0,0.1,cash ,Completed,0.0
5337,O005989,2025-10-06 08:09:00,C00698,P0086,ST004,In-Store,1.0,19730.0,0.0,M-Pesa,Completed,0.0
5338,O003276,2024-12-20 13:08:00,C00229,P0060,ST008,In-Store,1.0,20160.0,0.0,M-PESA,Completed,0.0
5339,O004726,2025-05-26 11:17:00,C00342,P0162,ST014,In-Store,1.0,42760.0,0.0,mpesa,Completed,0.0
5340,O005359,2025-08-03 16:49:00,C01244,P0176,ST099,Online,1.0,10760.0,0.0,airtel money,Completed,1.0
5341,O001366,2024-06-19 14:48:00,C00561,P0071,ST007,In-Store,1.0,4850.0,0.0,Mpesa ,complete,0.0
5342,O002227,2024-09-22 13:49:00,C00353,P0010,ST018 ,In-Store,1.0,127120.0,0.05,M-Pesa,Completed,0.0
5343,O005363,2025-08-04 19:37:00,C01167,P0005,ST013,In-Store,1.0,18960.0,0.05,Bank Transfer,CANCELLED,0.0
5344,O006388,2025-11-11 18:11:00,C01156,P0086,ST017,In-Store,1.0,19730.0,0.0,M-Pesa,Completed,0.0
5345,O004008,2025-03-13 20:00:00,C00584,P0160,ST023,In-Store,1.0,52970.0,0.0,M-PESA,Completed,0.0
5346,O003483,2025-01-03 16:16:00,C00542,P0091,ST011,In-Store,1.0,2270.0,0.0,MPESA ,Completed,0.0
5347,O006582,2025-11-28 15:53:00,C00137,P0053,ST099,Online,2.0,13410.0,0.05,M-Pesa,Completed,6.0
5348,O005763,2025-09-13 11:12:00,C01047,P0194,ST016,In-Store,1.0,24550.0,0.05,M pesa,Completed,0.0
5349,O006190,2025-10-25 16:10:00,C00396,P0009,ST003,In-Store,1.0,119240.0,0.05,airtel money,complete,0.0
5350,O006981,22/12/2025,C00026,P0122,ST005,In-Store,1.0,1050.0,0.0,M-Pesa,completed,0.0
5351,O005806,2025-09-18 10:51:00,C00220,P0168,ST001,In-Store,1.0,31350.0,0.0,credit card,Completed,0.0
5352,O005641,2025-08-31 18:22:00,C00168,P0034,ST011,In-Store,1.0,32600.0,0.0,Mpesa ,Completed,0.0
5353,O002753,2024-11-12 16:05:00,C00574,P0150,ST002,In-Store,1.0,32640.0,0.0,M pesa,Completed,0.0
5354,O005993,2025-10-07 19:20:00,C00765,P0098,ST005,In-Store,1.0,10630.0,,Bank Transfer,Completed,0.0
5355,O000459,2024-03-02 11:37:00,C01092,P0056,ST012,In-Store,1.0,14270.0,0.0,CARD,Completed,0.0
5356,O000003,2024/01/02,C00836,P0024,ST001,In-Store,1.0,85100.0,0.0,M pesa,Completed,0.0
5357,O003492,2025-01-04 16:42:00,C00349,P0084,ST007,In-Store,1.0,17830.0,0.0,M-Pesa,Completed,0.0
5358,O002171,2024-09-16 08:24:00,C01036 ,P0056,ST020,In-Store,2.0,14270.0,0.0,M-Pesa,Completed,0.0
5359,O006565,2025-11-26 10:28:00,C00985,P0091,ST024,In-Store,2.0,2270.0,0.0,M-Pesa,Completed,0.0
5360,O005639,2025-08-31 12:40:00,C00824,P0074,ST011,In-Store,1.0,1880.0,0.0,Bank Transfer,complete,0.0
5361,O004171,2025-03-30 20:44:00,C00096,P0175,ST011,In-Store,1.0,15740.0,0.0,Credit/Debit Card,Returned,0.0
5362,O001539,2024-07-09 17:01:00,C00456,P0183,ST099,Online,1.0,39320.0,0.0,Credit/Debit Card,RETURNED,6.0
5363,O002432,2024-10-13 18:26:00,C00291,P0165,ST006,In-Store,1.0,45630.0,0.0,M-Pesa,Completed,0.0
5364,O006260,2025-10-31 19:09:00,C01143,P0005,ST017,In-Store,1.0,18960.0,0.05,Cash,Completed,0.0
5365,O002583,2024-10-29 16:24:00,C00324,P0146,ST003,In-Store,1.0,29570.0,0.05,Credit/Debit Card,Returned,0.0
5366,O004817,2025-06-05 09:41:00,C00440,P0016,ST099,Online,1.0,38090.0,0.0,Airtel Money,Completed,1.0
5367,O000442,2024/02/28,C00085,P0086,ST023,In-Store,1.0,19730.0,0.15,Cash,Completed,0.0
5368,O002939,2024-11-28 17:43:00,C01083,P0013,ST099,Online,1.0,30190.0,0.0,Mpesa ,Completed,3.0
5369,O006702,2025-12-06 17:38:00,C00984,P0096,ST099,Online,1.0,6270.0,,M-Pesa,completed,3.0
5370,O004371,2025-04-20 16:30:00,C01149,P0151,ST099,Online,1.0,47660.0,0.0,Credit/Debit Card,Completed,3.0
5371,O002064,2024-09-05 12:38:00,C00857,P0160,ST020,In-Store,2.0,52970.0,0.0,Credit/Debit Card,completed,0.0
5372,O004288,2025-04-12 13:23:00,C00972,P0114,ST022,In-Store,,3720.0,0.0,Airtel Money,Returned,0.0
5373,O002094,2024-09-09 14:04:00,C00050,P0062,ST016,In-Store,1.0,20210.0,0.0,m-pesa,Completed,0.0
5374,O004524,2025/05/05,C00689,P0002,ST099,Online,2.0,91490.0,0.0,AIRTEL MONEY,Returned,2.0
5375,O001076,2024-05-14 09:20:00,C01341,P0074,ST010,In-Store,1.0,1880.0,0.0,M-Pesa,Returned,0.0
5376,O001647,2024-07-21 08:42:00,C00957,P0160,ST010,In-Store,1.0,52970.0,0.0,m-pesa,Completed,0.0
5377,O000187,2024-01-23 09:09:00,C00257,P0036,ST007,In-Store,1.0,82830.0,0.0,Credit/Debit Card,Completed,0.0
5378,O000787,2024-04-11 19:35:00,C00131,P0162,ST005,In-Store,2.0,42760.0,0.0,mpesa,Completed,0.0
5379,O001352,2024-06-17 19:03:00,C00976,P0116,ST099,Online,1.0,13190.0,0.0,Credit/Debit Card,Completed,1.0
5380,O006435,2025-11-15 17:42:00,C00155,P0110,ST024,In-Store,1.0,9580.0,0.0,cash,Completed,0.0
5381,O003552,2025-01-12 16:49:00,C01174,P0146,ST014,In-Store,1.0,29570.0,0.0,Credit/Debit Card,Completed,0.0
5382,O004939,2025-06-20 14:41:00,C00541,P0058,ST022,In-Store,4.0,17000.0,0.05,AIRTEL MONEY,Completed,0.0
5383,O001600,2024-07-16 20:58:00,C00419,P0080,ST019,In-Store,4.0,4980.0,0.0,Cash,Completed,0.0
5384,O006948,2025-12-20 08:38:00,C00860,P0079,ST099,Online,2.0,17060.0,0.05,M-Pesa,Completed,4.0
5385,O005412,2025-08-09 11:16:00,C00101,P0058,ST003,In-Store,1.0,17000.0,0.0,MPESA ,complete,0.0
5386,O006984,2025-12-22 08:42:00,C00908,P0084,ST099,Online,1.0,17830.0,0.25,M-Pesa,Completed,2.0
5387,O005855,2025-09-24 17:51:00,C00719,P0039,ST016,In-Store,1.0,75080.0,0.0,Cash,Completed,0.0
5388,O004163,2025-03-29 11:04:00,C00227,P0085,ST018,In-Store,1.0,16110.0,0.0,AIRTEL MONEY,Completed,0.0
5389,O000530,2024-03-09 12:13:00,C01081,P0080,ST099,Online,1.0,4980.0,0.0,Card,Completed,6.0
5390,O001899,2024-08-18 14:58:00,C00614,P0112,ST016,In-Store,1.0,9880.0,0.0,M-Pesa,Completed,0.0
5391,O005701,2025-09-07 10:52:00,C01349,P0030,ST014,In-Store,1.0,62130.0,0.0,M-Pesa,Completed,0.0
5392,O002277,2024-09-28 11:29:00,C01011,P0194,ST099,Online,1.0,24550.0,0.0,Cash,Returned,6.0
5393,O002598,2024-10-30 19:09:00,C01089,P0135,ST013,In-Store,1.0,3510.0,,M-PESA,Completed,0.0
5394,O004219,2025-04-04 09:48:00,C00823,P0114,ST001,In-Store,2.0,3720.0,0.0,M-Pesa,COMPLETED,0.0
5395,O001003,2024-05-06 09:11:00,C01044,P0192,ST022,In-Store,1.0,34850.0,0.0,M-Pesa,Completed,0.0
5396,O001376,2024-06-21 11:13:00,C00749,P0160,ST099 ,Online,3.0,52970.0,0.0,M-PESA,Completed,2.0
5397,O005010,2025-06-28 16:03:00,C01152,P0013,ST099,Online,1.0,30190.0,0.0,M-Pesa,Completed,1.0
5398,O000827,2024-04-15 08:23:00,C01115,P0183,ST099,Online,1.0,39320.0,0.0,M-Pesa,completed,6.0
5399,O004621,2025-05-17 13:38:00,C00618,P0010,ST005,In-Store,1.0,127120.0,,Cash,Completed,0.0
5400,O002000,2024-08-29 17:09:00,C00391,P0125,ST099,Online,1.0,5710.0,0.05,M pesa,Completed,6.0
5401,O001549,2024-07-10 11:21:00,C00864,P0056,ST099,Online,1.0,14270.0,0.0,M-Pesa,complete,5.0
5402,O003562,2025-01-13 19:49:00,C01285,P0032,ST099,Online,1.0,112270.0,0.0,Bank Transfer,Completed,3.0
5403,O001138,2024-05-22 15:16:00,C01064,P0005,ST099,Online,2.0,18960.0,0.0,Airtel money,Returned,1.0
5404,O003916,2025-03-02 15:33:00,C01015,P0008,ST099,Online,1.0,94740.0,0.1,M-Pesa,Returned,2.0
5405,O000121,2024-01-15 15:20:00,C00463,P0165,ST021,In-Store,1.0,45630.0,0.0,M-Pesa,Completed,0.0
5406,O000278,2024-02-04 15:49:00,C01011,P0155,ST099,Online,1.0,,0.1,M-Pesa,Cancelled,2.0
5407,O005897,2025-09-27 09:56:00,C00955,P0150,ST008,In-Store,1.0,32640.0,0.0,M-Pesa,Completed,0.0
5408,O000878,2024-04-21 16:45:00,C00688,P0091,ST099,Online,1.0,2270.0,0.0,M-Pesa,Completed,2.0
5409,O000745,2024-04-06 09:23:00,C00761,P0091,ST015,In-Store,2.0,2270.0,0.0,M-PESA,Completed,0.0
5410,O002920,2024-11-27 17:01:00,C00558,P0084,ST003,In-Store,2.0,17830.0,0.0,M-Pesa,Returned,0.0
5411,O000619,2024-03-21 08:46:00,C00434,P0172,ST004,In-Store,2.0,38980.0,0.0,M-Pesa,Completed,0.0
5412,O000369,2024-02-18 08:34:00,C00085,P0158,ST001,In-Store,1.0,36400.0,0.0,m-pesa,Completed,0.0
5413,O000296,2024-02-07 17:58:00,C01085,P0096,ST023,In-Store,2.0,6270.0,0.0,M-Pesa,Completed,0.0
5414,O004599,2025-05-14 12:02:00,C00565,P0151,ST010 ,In-Store,1.0,47660.0,0.0,M-Pesa,Completed,0.0
5415,O001653,2024-07-22 16:06:00,C00710,P0171,ST023,In-Store,2.0,48310.0,0.0,Cash,Completed,0.0
5416,O006536,2025-11-24 11:30:00,C01237,P0135,ST009,In-Store,1.0,3510.0,0.0,m-pesa,Completed,0.0
5417,O006913,2025-12-19 18:26:00,,P0159,ST099,Online,1.0,14960.0,0.05,Airtel Money,Completed,6.0
5418,O003214,2024-12-17 08:00:00,C00506,P0135,ST099,Online,1.0,3510.0,0.0,M-Pesa,Completed,3.0
5419,O004643,2025-05-19 15:36:00,C00327,P0183,ST022,In-Store,2.0,39320.0,0.0,M-Pesa,Completed,0.0
5420,O004107,2025-03-23 10:50:00,C00117,P0060,ST099,Online,1.0,20160.0,0.0,Cash,Returned,2.0
5421,O000980,2024-05-03 08:17:00,C00290,P0135,ST009,In-Store,1.0,3510.0,0.0,Cash,Returned,0.0
5422,O005243,2025-07-22 08:38:00,C00920,P0197,ST004,In-Store,2.0,22390.0,0.05,Credit/Debit Card,Completed,0.0
5423,O006858,2025-12-16 11:56:00,C01064,P0039,ST099,Online,1.0,,0.0,M pesa,Returned,4.0
5424,O001879,2024-08-17 11:06:00,C00963,P0042,ST099,Online,2.0,123680.0,0.2,M-Pesa,completed,4.0
5425,O006644,2025-12-02 12:28:00,C01191,P0086,ST011,In-Store,3.0,19730.0,0.0,M-Pesa,Completed,0.0
5426,O006049,2025-10-11 16:33:00,C01230,P0092,ST099,Online,1.0,2840.0,0.0,Bank Transfer,Completed,1.0
5427,O004933,2025-06-19 10:38:00,C00660,P0048,ST099,Online,2.0,21400.0,0.2,M-Pesa,Completed,6.0
5428,O003504,2025-01-06 20:40:00,C01052,P0053,ST099,Online,1.0,13410.0,0.0,M-Pesa,Completed,2.0
5429,O003022,2024-12-05 10:33:00,C00400 ,P0006,ST099,Online,1.0,34810.0,0.0,M-Pesa,Cancelled,1.0
5430,O003422,2024-12-28 13:59:00,C00888,P0061,ST017,In-Store,2.0,19410.0,0.15,Bank Transfer,Returned,0.0
5431,O000198,2024-01-25 12:00:00,C00187,P0098,ST014,In-Store,1.0,10630.0,0.0,credit card,Completed,0.0
5432,O004704,2025-05-25 15:33:00,C00862,P0155,ST099,Online,1.0,13260.0,0.0,M-Pesa,Completed,6.0
5433,O005776,2025-09-15 13:38:00,C00919,P0173,ST099,Online,2.0,19620.0,0.2,M-Pesa,Completed,6.0
5434,O001141,2024-05-22 20:48:00,C00390,P0084,ST014,In-Store,1.0,17830.0,0.0,M-Pesa,Completed,0.0
5435,O001026,2024-05-08 14:29:00,C00216,P0074,ST099,Online,1.0,1880.0,0.0,Mpesa ,COMPLETED,3.0
5436,O002476,2024-10-18 19:58:00,C00801,P0123,ST016,In-Store,1.0,7870.0,0.0,Mpesa,Completed,0.0
5437,O006396,2025-11-12 15:43:00,C00354,P0135,ST099,Online,2.0,3510.0,0.0,Credit/Debit Card,Completed,2.0
5438,O001821,2024-08-09 10:54:00,C01144,P0171,ST023,In-Store,1.0,48310.0,0.0,Bank Transfer,Cancelled,0.0
5439,O005656,2025-09-01 16:32:00,C00660,P0128,ST006,In-Store,1.0,13910.0,0.0,M-Pesa,Completed,0.0
5440,O006567,2025-11-26 17:18:00,C00134,P0039,ST010,In-Store,2.0,75080.0,0.2,M-Pesa,Completed,0.0
5441,O002944,29/11/2024,C00209,P0010,ST009,In-Store,1.0,127120.0,0.05,Credit/Debit Card,Completed,0.0
5442,O001864,2024-08-15 11:11:00,C01345,P0060,ST008,In-Store,1.0,20160.0,0.0,Mpesa,Returned,0.0
5443,O004447,2025-04-27 16:59:00,C00407,P0088,ST009,In-Store,1.0,10360.0,0.0,MPESA ,Completed,0.0
5444,O004156,2025-03-29 15:18:00,C00595,P0159,ST099,Online,1.0,14960.0,0.0,Mpesa ,COMPLETED,1.0
5445,O005578,2025-08-24 13:04:00,C00720,P0080,ST099,Online,2.0,4980.0,0.0,M-Pesa,Completed,1.0
5446,O000713,2024-04-01 19:45:00,C00629,P0008,ST004,In-Store,1.0,,0.0,M-Pesa,complete,0.0
5447,O004850,2025-06-09 13:01:00,C00344,P0158,ST099,Online,1.0,36400.0,0.05,M-Pesa,Completed,2.0
5448,O005323,2025-07-30 17:08:00,C00436,P0021,ST099,Online,1.0,135600.0,0.0,mpesa,Completed,1.0
5449,O000975,2024-05-02 09:15:00,C00439,P0138,ST099,Online,1.0,4780.0,0.0,M-Pesa,Completed,1.0
5450,O004911,2025-06-16 08:44:00,C01033,P0156,ST099,Online,1.0,30350.0,0.0,Cash,Completed,4.0
5451,O002110,2024-09-10 10:52:00,C00052,P0060,ST019,In-Store,3.0,20160.0,0.0,Bank Transfer,Completed,0.0
5452,O003748,2025-02-08 14:40:00,C00791,P0068,ST020,In-Store,1.0,1250.0,0.05,Credit/Debit Card,COMPLETED,0.0
5453,O003933,2025-03-03 20:49:00,C01233,P0084,ST007,In-Store,1.0,17830.0,0.0,M-Pesa,Completed,0.0
5454,O003779,2025-02-11 09:54:00,C01078,P0033,ST016,In-Store,1.0,103260.0,0.0,M-Pesa,Completed,0.0
5455,O001190,2024-05-29 09:29:00,C00080,P0160,ST005,In-Store,1.0,52970.0,0.0,M-Pesa,Completed,0.0
5456,O006789,2025-12-12 15:45:00,C00048,P0152,ST021,In-Store,2.0,11580.0,0.05,Airtel Money,completed,0.0
5457,O001446,2024-06-29 17:30:00,C00701,P0058,ST099,Online,2.0,17000.0,0.0,M-Pesa,Completed,6.0
5458,O006706,2025-12-07 13:59:00,C00792,P0128,ST006,In-Store,1.0,13910.0,0.0,Cash,Completed,0.0
5459,O000723,2024-04-02 11:40:00,C00401,P0160,ST009,In-Store,1.0,52970.0,0.0,M-Pesa,Completed,0.0
5460,O005393,2025-08-07 15:46:00,C00155,P0104,ST005,In-Store,1.0,3780.0,0.0,M-Pesa,complete,0.0
5461,O001684,2024-07-25 09:57:00,C00635,P0022 ,ST099,Online,2.0,63380.0,0.0,Airtel Money,Completed,5.0
5462,O000993,2024-05-04 09:13:00,C00771,P0150,ST003,In-Store,1.0,32640.0,0.0,M-Pesa,complete,0.0
5463,O004242,2025-04-06 16:34:00,C01071,P0146,ST099,Online,3.0,29570.0,0.0,mpesa,Completed,1.0
5464,O003356,2024-12-24 13:41:00,C00839,P0039,ST009,In-Store,1.0,75080.0,0.05,Cash,completed,0.0
5465,O001921,2024-08-20 17:40:00,C00367,P0166,ST011,In-Store,2.0,36200.0,0.0,Cash,Returned,0.0
5466,O006969,2025-12-21 19:46:00,C00389,P0144,ST099,Online,2.0,30700.0,0.0,M-Pesa,Completed,5.0
5467,O001105,2024-05-18 19:07:00,C00041,P0030,ST012,In-Store,3.0,62130.0,0.0,M-Pesa,Returned,0.0
5468,O000375,2024-02-19 15:14:00,C00407,P0189,ST006,In-Store,1.0,32140.0,,Airtel Money,Completed,0.0
5469,O005194,2025-07-17 14:44:00,C00055,P0160,ST014,In-Store,1.0,52970.0,0.0,M-Pesa,completed,0.0
5470,O003988,2025-03-09 10:43:00,C00299,P0080,ST007,In-Store,1.0,4980.0,0.15,M-Pesa,Completed,0.0
5471,O006210,2025-10-26 15:44:00,C00986,P0098,ST016,In-Store,1.0,10630.0,0.15,Credit/Debit Card,Completed,0.0
5472,O000500,2024-03-06 15:25:00,C00193,P0160,ST015,In-Store,1.0,52970.0,0.0,M-PESA,Completed,0.0
5473,O003812,2025-02-16 19:37:00,C01321,P0151,ST099,Online,1.0,47660.0,0.0,m-pesa,Completed,6.0
5474,O006285,2025-11-02 18:20:00,C00699,P0181,ST009,In-Store,2.0,23170.0,0.0,Airtel Money,Completed,0.0
5475,O001277,2024-06-09 18:38:00,C00049,P0020,ST099,Online,1.0,10070.0,0.0,M-Pesa,Returned,5.0
5476,O000151,2024-01-19 11:11:00,C00184,P0010,ST001,In-Store,1.0,127120.0,0.0,Credit/Debit Card,Completed,0.0
5477,O003425,2024-12-29 10:35:00,C00410,P0002,ST020,In-Store,2.0,91490.0,0.05,Credit/Debit Card,COMPLETED,0.0
5478,O006668,2025-12-04 19:42:00,C00283,P0148,ST099,Online,1.0,32090.0,0.1,M pesa,Completed,5.0
5479,O003082,2024-12-09 08:58:00,C00666,P0125,ST006,In-Store,2.0,5710.0,,debit card,Returned,0.0
5480,O004466,2025-04-28 15:57:00,C01290,P0160,ST099,Online,2.0,52970.0,0.0,M-Pesa,Completed,2.0
5481,O006223,2025-10-28 09:05:00,C00394,P0023,ST099,Online,2.0,122960.0,0.0,Bank Transfer,complete,3.0
5482,O002803,2024-11-17 11:31:00,C00636,P0192,ST022,In-Store,1.0,34850.0,0.0,Credit/Debit Card,Completed,0.0
5483,O000233,2024-01-28 20:25:00,C00284,P0189,ST007,In-Store,1.0,32140.0,0.0,M-Pesa,Completed,0.0
5484,O007005,2025-12-23 08:52:00,,P0068,ST099,Online,3.0,1250.0,0.0,Bank Transfer,Completed,3.0
5485,O003279,2024-12-20 14:32:00,C01021,P0173,ST099,Online,1.0,19620.0,0.0,Mpesa,complete,6.0
5486,O002601,2024-10-30 15:31:00,C00430,P0060,ST099,Online,1.0,20160.0,0.0,Mpesa ,Completed,1.0
5487,O006876,2025-12-17 08:07:00,C01162,P0151,ST099 ,Online,2.0,47660.0,0.2,M-PESA,Completed,2.0
5488,O004337,2025-04-17 10:00:00,C00966,P0028,ST012,In-Store,2.0,6690.0,0.0,Mpesa ,Returned,0.0
5489,O002338,2024-10-05 11:26:00,C01047,P0029,ST009,In-Store,1.0,114610.0,0.0,Bank Transfer,Completed,0.0
5490,O005116,2025-07-08 09:25:00,C00548,P0188,ST099,Online,1.0,10310.0,0.0,mpesa,Completed,2.0
5491,O004638,2025-05-18 19:53:00,C00414,P0004,ST099,Online,2.0,38100.0,0.0,M-Pesa,Completed,4.0
5492,O005796,2025-09-17 13:12:00,C00147,P0030,ST020,In-Store,1.0,62130.0,0.1,Card,Completed,0.0
5493,O001144,2024-05-23 17:01:00,C01076,P0160,ST099,Online,1.0,,0.1,M-PESA,Returned,5.0
5494,O000643,2024-03-23 18:15:00,C00499,P0249,ST001,In-Store,1.0,9580.0,,M-Pesa,COMPLETED,0.0
5495,O004399,2025-04-22 16:40:00,C01234,P0060,ST018,In-Store,1.0,20160.0,0.0,M-Pesa,COMPLETED,0.0
5496,O003641,2025-01-24 18:02:00,C00862,P0128,ST012,In-Store,1.0,13910.0,0.0,M-PESA,Completed,0.0
5497,O006525,2025-11-23 19:07:00,C00745 ,P0176,ST099,Online,1.0,10760.0,0.15,Bank Transfer,Cancelled,2.0
5498,O006741,2025-12-09 10:08:00,C00363,P0056,ST099,Online,4.0,14270.0,0.0,M-Pesa,Completed,3.0
5499,O003577,2025-01-16 13:55:00,C00636,P0061,ST017,In-Store,1.0,19410.0,0.0,Airtel Money,Returned,0.0
5500,O005458,2025-08-13 15:31:00,C00337,P0058,ST011,In-Store,1.0,,0.0,m-pesa,Completed,0.0
5501,O002953,2024-11-30 08:14:00,C00696,P0169,ST022,In-Store,1.0,57960.0,0.0,M-Pesa,Completed,0.0
5502,O006362,2025-11-09 08:13:00,C00251,P0166,ST021,In-Store,2.0,36200.0,0.0,Airtel-Money,Completed,0.0
5503,O001458,2024-06-30 11:59:00,C00418,P0033,ST099,Online,1.0,103260.0,0.0,M-Pesa,Completed,4.0
5504,O006411,2025-11-13 10:06:00,C01331,P0161,ST008,In-Store,1.0,49910.0,0.0,Airtel Money,Completed,0.0
5505,O006862,2025-12-16 15:39:00,C00905,P0175,ST099,Online,2.0,15740.0,0.0,M-Pesa,Completed,2.0
5506,O004001,2025-03-12 11:44:00,C00502,P0096,ST010,In-Store,1.0,6270.0,0.0,AIRTEL MONEY,Completed,0.0
5507,O000894,2024-04-22 08:27:00,C00473,P0066,ST099,Online,1.0,1630.0,0.0,Card,Completed,4.0
5508,O004090,22-Mar-2025,C00146,P0060,ST099,Online,1.0,20160.0,0.0,CARD,Completed,6.0
5509,O004756,2025-05-29 14:06:00,C00438,P0135,ST023,In-Store,1.0,3510.0,0.0,Cash,Completed,0.0
5510,O002528,2024-10-23 20:32:00,C00764,P0135,ST013,In-Store,1.0,3510.0,0.0,Credit/Debit Card,Completed,0.0
5511,O001480,2024-07-03 09:21:00,,P0079,ST008,In-Store,1.0,17060.0,0.0,Bank Transfer,Completed,0.0
5512,O003930,2025-03-03 08:51:00,C00235,P0012,ST099,Online,1.0,130340.0,0.0,M-Pesa,Completed,5.0
5513,O001518,2024-07-07 08:17:00,C00425,P0109,ST002,In-Store,2.0,6990.0,0.0,Mpesa ,completed,0.0
5514,O000656,2024-03-24 18:19:00,C00082,P0126,ST006,In-Store,1.0,12920.0,0.0,M-Pesa,Completed,0.0
5515,O003403,2024-12-27 20:13:00,C00490,P0062,ST099,Online,1.0,20210.0,0.15,Airtel Money,RETURNED,6.0
5516,O003367,2024-12-25 15:20:00,C01122,P0183,ST005,In-Store,1.0,39320.0,0.0,M-Pesa,Completed,0.0
5517,O000634,23/03/2024,C01004,P0074,ST017,In-Store,2.0,1880.0,0.0,Mpesa,Completed,0.0
5518,O005329,2025-07-31 18:24:00,C01106,P0162,ST006,In-Store,2.0,42760.0,0.0,debit card,complete,0.0
5519,O002923,2024-11-27 13:28:00,C00410,P0159,ST099,Online,1.0,14960.0,0.0,M-Pesa,Completed,5.0
5520,O005808,2025-09-18 16:46:00,C00141,P0160,ST099,Online,2.0,52970.0,0.0,Bank Transfer,Completed,3.0
5521,O006188,2025-10-25 09:48:00,C00316,P0094,ST099,Online,1.0,7010.0,0.0,Airtel Money,Returned,5.0
5522,O001806,2024-08-07 08:28:00,C00493,P0058,ST022,In-Store,1.0,17000.0,0.05,Bank Transfer,Completed,0.0
5523,O005778,2025-09-15 17:04:00,C00260,P0159,ST099,Online,1.0,14960.0,0.0,M-Pesa,Completed,5.0
5524,O000786,2024-04-11 19:18:00,C00836,P0012,ST002,In-Store,1.0,130340.0,0.0,M-Pesa,Completed,0.0
5525,O006316,2025-11-05 16:18:00,C01050,P0188,ST008,In-Store,1.0,10310.0,0.0,Airtel Money,Completed,0.0
5526,O003060,2024-12-07 19:56:00,C00494,P0084,ST016,In-Store,1.0,17830.0,0.0,M-Pesa,Completed,0.0
5527,O003274,2024-12-20 17:19:00,C00339,P0160,ST099,Online,1.0,52970.0,0.0,Cash,COMPLETED,5.0
5528,O001101,2024-05-18 13:38:00,C00709,P0125,ST001,In-Store,1.0,5710.0,0.05,Airtel-Money,Completed,0.0
5529,O004666,2025-05-21 13:00:00,C00320,P0160,ST014,In-Store,1.0,52970.0,0.0,M-Pesa,Completed,0.0
5530,O003518,2025-01-07 11:14:00,C01312,P0025,ST099,Online,1.0,53630.0,0.05,Credit/Debit Card,Completed,2.0
5531,O001165,2024-05-26 10:35:00,C00471,P0013,ST099,Online,1.0,30190.0,0.0,Mpesa,Completed,5.0
5532,O006235,2025-10-29 12:06:00,C00153,P0023,ST001,In-Store,1.0,122960.0,0.0,M-Pesa,Completed,0.0
5533,O001617,2024-07-17 17:35:00,C00485,P0008,ST099,Online,2.0,94740.0,0.0,cash ,Completed,2.0
5534,O006534,2025-11-24 14:11:00,C00469,P0013,ST012,In-Store,1.0,30190.0,0.25,M-Pesa,Completed,0.0
5535,O004659,2025-05-21 14:08:00,C00993,P0012,ST099,Online,1.0,,0.0,M-Pesa,Cancelled,2.0
5536,O002040,2024-09-01 13:25:00,C01233,P0163,ST099,Online,2.0,41210.0,0.0,Bank Transfer,complete,6.0
5537,O000832,2024-04-15 08:07:00,C00920,P0010,ST024,In-Store,1.0,127120.0,0.0,Bank Transfer,Completed,0.0
5538,O005248,2025-07-23 20:53:00,C00972,P0023,ST099,Online,1.0,122960.0,0.0,M-Pesa,Completed,4.0
5539,O000090,2024-01-12 16:28:00,C00485,P0040,ST007,In-Store,2.0,126140.0,0.0,Credit/Debit Card,Returned,0.0
5540,O001347,2024-06-17 19:31:00,C00694,P0157,ST024,In-Store,1.0,3390.0,0.0,Mpesa ,Completed,0.0
5541,O004321,2025-04-15 09:30:00,C00239,P0053,ST099,Online,1.0,13410.0,0.0,MPESA ,Completed,3.0
5542,O001147,2024-05-23 11:31:00,C00487,P0027,ST011,In-Store,1.0,26240.0,0.0,Cash,Completed,0.0
5543,O003250,2024-12-19 09:26:00,C01129,P0010,ST014,In-Store,2.0,127120.0,0.0,M-Pesa,Completed,0.0
5544,O002095,2024-09-09 08:47:00,C01227,P0165,ST011,In-Store,1.0,45630.0,0.0,credit card,complete,0.0
5545,O005442,2025-08-12 15:40:00,C00542,P0180,ST007,In-Store,1.0,18660.0,0.0,MPESA ,Completed,0.0
5546,O006918,2025-12-19 13:04:00,C01269,P0004,ST099,Online,2.0,38100.0,0.0,M-Pesa,RETURNED,5.0
5547,O000901,2024-04-23 11:17:00,C00421,P0160,ST004,In-Store,1.0,52970.0,0.1,Credit/Debit Card,Returned,0.0
5548,O000252,2024-01-31 09:58:00,C00918,P0080,ST001,In-Store,1.0,4980.0,0.0,Mpesa ,Completed,0.0
5549,O003799,2025-02-15 11:08:00,C00185 ,P0012,ST099,Online,1.0,130340.0,0.05,M-Pesa,Completed,1.0
5550,O004562,2025-05-09 08:36:00,C00064,P0091,ST017,In-Store,2.0,2270.0,0.1,M-Pesa,COMPLETED,0.0
5551,O002684,2024-11-07 10:27:00,C01079,P0002,ST004,In-Store,1.0,91490.0,0.0,Credit/Debit Card,Completed,0.0
5552,O006392,2025-11-11 08:30:00,C00827,P0086,ST022,In-Store,2.0,19730.0,0.0,M-Pesa,Completed,0.0
5553,O002234,2024-09-23 09:04:00,C00075,P0080,ST099,Online,2.0,4980.0,0.05,CASH,Completed,6.0
5554,O005878,2025-09-26 15:11:00,C00319,P0176,ST023,In-Store,1.0,10760.0,0.0,credit card,Completed,0.0
5555,O003951,2025-03-06 19:09:00,,P0098,ST020,In-Store,1.0,10630.0,0.0,M-Pesa,Returned,0.0
5556,O004984,2025-06-25 12:46:00,,P0153,ST021,In-Store,2.0,58800.0,0.0,CASH,Returned,0.0
5557,O004805,2025-06-04 17:51:00,C00764,P0004,ST014,In-Store,3.0,38100.0,0.0,Mpesa ,Completed,0.0
5558,O002333,2024-10-05 18:46:00,C00185,P0183,ST023,In-Store,1.0,39320.0,0.2,Cash,Completed,0.0
5559,O000501,2024-03-06 08:34:00,C00458,P0160,ST099,Online,2.0,52970.0,0.0,M-Pesa,Completed,5.0
5560,O003241,2024-12-18 15:12:00,C00917,P0161,ST099,Online,2.0,49910.0,0.05,mpesa,Completed,2.0
5561,O002776,2024-11-15 13:11:00,C01249,P0033,ST005,In-Store,1.0,103260.0,0.05,m-pesa,Completed,0.0
5562,O002971,2024-12-01 20:06:00,C00395,P0060,ST020,In-Store,1.0,20160.0,0.0,Credit/Debit Card,complete,0.0
5563,O004222,2025-04-04 11:33:00,C00568,P0176,ST006,In-Store,3.0,10760.0,0.0,Bank Transfer,Returned,0.0
5564,O002342,2024-10-05 11:18:00,C01346,P0018,ST099,Online,1.0,79380.0,0.0,Credit/Debit Card,Completed,2.0
5565,O004713,2025-05-25 19:48:00,C00255,P0060,ST099,Online,1.0,20160.0,0.2,Bank Transfer,Completed,6.0
5566,O001564,2024-07-12 13:30:00,C00685,P0005,ST099,Online,1.0,18960.0,0.0,Cash,Cancelled,2.0
5567,O005364,2025-08-04 18:55:00,C00700,P0135,ST099,Online,1.0,3510.0,0.0,M-PESA,Cancelled,1.0
5568,O001151,2024-05-24 11:52:00,C00990,P0091,ST099,Online,1.0,2270.0,0.0,Credit/Debit Card,Completed,5.0
5569,O003918,2025-03-02 13:53:00,C00563,P0174,ST099,Online,1.0,29840.0,0.0,Cash,Completed,4.0
5570,O004651,2025-05-20 20:22:00,C00229,P0019,ST099,Online,1.0,9380.0,0.0,CASH,Completed,3.0
5571,O001703,2024-07-27 14:10:00,C00692,P0156,ST002,In-Store,2.0,30350.0,0.25,M-PESA,completed,0.0
5572,O004865,2025-06-11 13:57:00,C00063,P0183,ST007,In-Store,2.0,39320.0,0.0,M-Pesa,Completed,0.0
5573,O002155,2024-09-15 12:06:00,C00518,P0041,ST003,In-Store,2.0,83810.0,0.0,cash ,Completed,0.0
5574,O000688,2024-03-30 16:58:00,C01156,P0016,ST003,In-Store,1.0,,0.0,mpesa,Completed,0.0
5575,O003529,2025-01-08 12:09:00,C00389,P0056,ST099,Online,2.0,14270.0,0.25,M-Pesa,Completed,1.0
5576,O005372,2025-08-04 12:59:00,C00012,P0018,ST099,Online,1.0,79380.0,0.0,Cash,Cancelled,1.0
5577,O001953,2024-08-24 09:41:00,C01273,P0169,ST099,Online,2.0,57960.0,0.0,Bank Transfer,Completed,6.0
5578,O005677,2025-09-04 16:40:00,C00290,P0030,ST008,In-Store,1.0,62130.0,0.1,Airtel Money,Completed,0.0
5579,O002103,2024-09-10 19:45:00,C01030,P0084,ST012,In-Store,2.0,17830.0,0.0,credit card,Completed,0.0
5580,O002297,2024-09-30 15:50:00,C01106,P0146,ST002,In-Store,1.0,29570.0,0.0,M-Pesa,Completed,0.0
5581,O002210,2024-09-21 13:52:00,C00888,P0094,ST001,In-Store,1.0,7010.0,0.0,Credit/Debit Card,Completed,0.0
5582,O002021,2024-08-31 13:15:00,C00973 ,P0175,ST099,Online,1.0,15740.0,0.0,M-Pesa,Completed,6.0
5583,O005829,2025-09-21 12:43:00,C01105,P0056,ST099,Online,1.0,14270.0,0.0,CASH,Completed,5.0
5584,O005971,2025-10-05 12:32:00,C00687,P0135,ST099,Online,1.0,3510.0,0.05,Cash,Completed,3.0
5585,O006420,2025-11-13 20:38:00,C00580,P0152,ST015,In-Store,1.0,11580.0,0.0,Cash,returned,0.0
5586,O000355,2024-02-16 16:09:00,C00718,P0012,ST002,In-Store,2.0,130340.0,0.0,Credit/Debit Card,Completed,0.0
5587,O005810,2025-09-19 13:24:00,C00086,P0035,ST012,In-Store,1.0,30040.0,0.0,MPESA ,complete,0.0
5588,O001554,2024-07-11 17:10:00,C00971,P0016,ST002 ,In-Store,2.0,38090.0,0.05,mpesa,completed,0.0
5589,O000312,2024-02-10 13:49:00,C01033,P0161,ST099,Online,1.0,49910.0,0.15,M pesa,Completed,1.0
5590,O001305,2024-06-13 13:16:00,C00884,P0151,ST022,In-Store,1.0,47660.0,0.0,M-Pesa,Completed,0.0
5591,O003334,2024-12-22 12:06:00,C00542,P0161,ST001,In-Store,3.0,49910.0,0.1,CASH,Returned,0.0
5592,O000131,2024-01-16 15:31:00,C00895,P0171,ST021,In-Store,1.0,48310.0,0.0,M-Pesa,Completed,0.0
5593,O006293,2025-11-02 12:24:00,C00326,P0196,ST001,In-Store,1.0,20930.0,0.05,Credit/Debit Card,Completed,0.0
5594,O000100,2024-01-13 18:38:00,,P0156,ST001,In-Store,1.0,30350.0,0.05,M-Pesa,Completed,0.0
5595,O000661,2024-03-25 15:07:00,C00929,P0104,ST008,In-Store,1.0,3780.0,0.0,M-Pesa,Completed,0.0
5596,O006287,2025-11-02 09:16:00,C00719,P0146,ST016,In-Store,3.0,29570.0,,Airtel Money,Completed,0.0
5597,O003693,2025/01/30,C00393,P0003,ST099,Online,1.0,26210.0,0.1,M-Pesa,Completed,5.0
5598,O003566,14-Jan-2025,C00696,P0156,ST018,In-Store,1.0,30350.0,0.0,cash ,Completed,0.0
5599,O004005,2025-03-12 16:59:00,C00107,P0156,ST007,In-Store,1.0,30350.0,,M-Pesa,Completed,0.0
5600,O005632,2025-08-30 17:41:00,C01119,P0151,ST007,In-Store,2.0,47660.0,0.0,AIRTEL MONEY,Cancelled,0.0
5601,O001514,2024-07-07 20:17:00,C00661,P0062,ST016,In-Store,1.0,20210.0,0.0,M-PESA,Completed,0.0
5602,O002713,2024-11-09 17:43:00,C01172,P0160,ST015,In-Store,1.0,52970.0,0.0,Mpesa ,Completed,0.0
5603,O004225,2025-04-05 20:56:00,C01059,P0160,ST007,In-Store,3.0,52970.0,0.0,M-Pesa,Returned,0.0
5604,O004136,2025-03-27 19:14:00,C00839,P0135,ST099,Online,1.0,3510.0,0.0,Mpesa ,Completed,5.0
5605,O003972,2025-03-08 19:58:00,C00407,P0188,ST011,In-Store,1.0,10310.0,0.0,M-Pesa,Completed,0.0
5606,O004009,2025-03-13 19:50:00,C01211,P0155,ST008,In-Store,1.0,13260.0,0.0,MPESA ,Completed,0.0
5607,O004310,2025-04-14 20:43:00,C00568,P0194,ST099,Online,1.0,24550.0,0.0,CASH,completed,1.0
5608,O002264,2024-09-26 17:19:00,C00871,P0062,ST099,Online,1.0,20210.0,0.0,Cash,RETURNED,5.0
5609,O005095,2025-07-06 16:34:00,C00714,P0062,ST002,In-Store,1.0,20210.0,0.0,m-pesa,Completed,0.0
5610,O006695,2025-12-06 17:14:00,C00457,P0160,ST099,Online,1.0,52970.0,0.0,M-Pesa,Completed,6.0
5611,O001744,2024-07-31 16:07:00,C00952,P0160,ST022,In-Store,1.0,52970.0,0.15,M-Pesa,Completed,0.0
5612,O003399,2024-12-27 12:15:00,C00571,P0111,ST005,In-Store,1.0,3840.0,0.0,Cash,Completed,0.0
5613,O005361,2025-08-03 14:15:00,C00573,P0187,ST099,Online,1.0,,0.0,Mpesa ,Completed,2.0
5614,O005522,2025-08-19 10:48:00,C00781,P0110,ST099,Online,1.0,9580.0,0.1,Cash,Completed,5.0
5615,O004029,2025-03-15 16:17:00,C01338,P0159,ST099,Online,4.0,14960.0,0.0,M pesa,Completed,6.0
5616,O003411,2024-12-28 19:09:00,C01210,P0112,ST014,In-Store,1.0,9880.0,0.0,M-Pesa,Completed,0.0
5617,O006106,2025-10-17 13:15:00,C01043,P0156,ST099,Online,1.0,30350.0,0.05,Airtel money,Completed,6.0
5618,O001005,2024-05-06 11:12:00,C01095,P0194,ST099,Online,1.0,24550.0,0.0,M-Pesa,Completed,2.0
5619,O001384,2024-06-22 13:41:00,C01340,P0160,ST099,Online,2.0,52970.0,0.05,M pesa,Completed,2.0
5620,O002501,2024-10-20 11:37:00,C00455,P0093,ST001,In-Store,4.0,15030.0,0.0,cash,Completed,0.0
5621,O006625,2025-12-01 11:43:00,C00110,P0080,ST099,Online,1.0,4980.0,0.0,Airtel Money,Completed,5.0
5622,O006060,2025-10-12 10:09:00,C01280,P0060,ST099,Online,1.0,20160.0,0.0,Bank Transfer,Completed,2.0
5623,O002044,01-Sep-2024,C00226,P0155,ST011,In-Store,1.0,13260.0,0.0,M-PESA,completed,0.0
5624,O001184,2024-05-28 09:56:00,C01125,P0135,ST099,Online,3.0,3510.0,0.0,debit card,Completed,4.0
5625,O004462,2025-04-28 15:13:00,C00478,P0010,ST099,Online,1.0,127120.0,0.0,Bank Transfer,Completed,1.0
5626,O002864,2024-11-22 12:06:00,C00984,P0104,ST099,Online,1.0,3780.0,,Bank Transfer,Completed,5.0
5627,O006828,2025-12-15 18:14:00,C00812,P0093,ST006,In-Store,1.0,15030.0,0.0,M-Pesa,Completed,0.0
5628,O004936,2025-06-19 08:54:00,C01221,P0171,ST022,In-Store,1.0,48310.0,0.0,MPESA ,Completed,0.0
5629,O006645,2025-12-02 08:49:00,C01042,P0183,ST099,Online,1.0,39320.0,0.0,M-Pesa,Completed,3.0
5630,O001839,2024-08-12 10:33:00,C01245,P0183,ST099,Online,1.0,39320.0,0.15,M-Pesa,Completed,1.0
5631,O001916,2024-08-19 20:05:00,C01044,P0086,ST099,Online,1.0,19730.0,0.0,Credit/Debit Card,Completed,1.0
5632,O001498,2024-07-05 14:32:00,C01242,P0148,ST003,In-Store,1.0,32090.0,0.0,M-Pesa,Completed,0.0
5633,O003857,2025-02-22 16:35:00,C01205,P0084,ST002,In-Store,2.0,17830.0,0.0,M-Pesa,Completed,0.0
5634,O001149,2024-05-24 14:21:00,C00962,P0104,ST022,In-Store,1.0,3780.0,0.0,CASH,Cancelled,0.0
5635,O005697,2025-09-06 19:09:00,C00170,P0083,ST099,Online,2.0,14200.0,0.0,M-Pesa,Completed,2.0
5636,O001284,2024-06-10 09:09:00,C00209,P0013 ,ST099,Online,2.0,30190.0,,Airtel Money,Completed,6.0
5637,O001598,2024-07-16 18:41:00,C01184,P0030,ST016,In-Store,1.0,62130.0,0.0,Airtel Money,Completed,0.0
5638,O007012,2025-12-23 18:08:00,C00865,P0091,ST099,Online,2.0,2270.0,0.0,MPESA ,Completed,2.0
5639,O001315,2024-06-14 08:08:00,C00466,P0156,ST099,Online,1.0,30350.0,,Credit/Debit Card,completed,5.0
5640,O006672,2025-12-05 19:28:00,C00308,P0160,ST099,Online,2.0,,0.0,M-Pesa,Returned,5.0
5641,O001960,2024-08-24 18:56:00,C01260,P0081,ST008,In-Store,1.0,14340.0,,M-Pesa,Completed,0.0
5642,O003169,2024-12-15 13:56:00,C00697,P0198,ST006,In-Store,1.0,35160.0,0.0,Airtel Money,Completed,0.0
5643,O004583,2025-05-11 10:15:00,C00730,P0034,ST099,Online,2.0,32600.0,0.0,Airtel Money,Completed,6.0
5644,O002585,2024-10-29 20:59:00,C00573,P0183,ST021,In-Store,2.0,39320.0,0.0,M-Pesa,Completed,0.0
5645,O002128,2024-09-13 10:27:00,C00927,P0129,ST007 ,In-Store,1.0,10150.0,0.0,M pesa,Completed,0.0
5646,O006903,2025-12-18 09:42:00,C00070,P0056,ST003,In-Store,1.0,14270.0,0.0,Credit/Debit Card,Completed,0.0
5647,O005773,2025-09-14 09:41:00,C00487,P0086,ST024,In-Store,1.0,19730.0,0.0,M-Pesa,Completed,0.0
5648,O000902,2024-04-23 14:40:00,C01075,P0062,ST015,In-Store,1.0,20210.0,0.0,M-Pesa,Completed,0.0
5649,O005709,07-Sep-2025,,P0146,ST099,Online,1.0,29570.0,0.0,Card,Completed,6.0
5650,O001780,2024-08-04 10:34:00,C00997,P0010,ST011 ,In-Store,1.0,127120.0,0.0,CARD,Completed,0.0
5651,O003017,2024-12-05 08:54:00,C01159,P0060,ST099,Online,1.0,20160.0,0.0,M-Pesa,Completed,2.0
5652,O004923,2025-06-18 18:06:00,C00414,P0012,ST099,Online,2.0,130340.0,0.0,credit card,Completed,5.0
5653,O001363,2024-06-19 12:09:00,C01338,P0183,ST099,Online,1.0,39320.0,0.0,Mpesa ,COMPLETED,2.0
5654,O002180,2024-09-18 08:05:00,C00702,P0109,ST099,Online,1.0,6990.0,0.2,MPESA ,Completed,5.0
5655,O004022,2025-03-14 13:23:00,C01030,P0152,ST017,In-Store,1.0,11580.0,0.0,airtel money,Completed,0.0
5656,O006640,2025-12-02 10:25:00,C00038,P0165,ST016,In-Store,1.0,45630.0,0.05,MPESA ,Completed,0.0
5657,O000651,2024-03-24 15:25:00,C00465,P0146,ST006,In-Store,1.0,29570.0,0.1,M-Pesa,Returned,0.0
5658,O004424,2025-04-25 12:53:00,C01179,P0080,ST099,Online,1.0,4980.0,0.0,M-Pesa,complete,1.0
5659,O002282,2024-09-28 10:15:00,C00466,P0172,ST020,In-Store,2.0,38980.0,0.0,M-Pesa,Completed,0.0
5660,O003848,2025-02-21 19:09:00,C00478,P0135,ST009,In-Store,1.0,3510.0,0.0,mpesa,completed,0.0
5661,O006258,2025-10-31 18:18:00,C00156,P0060,ST099,Online,1.0,20160.0,0.0,Credit/Debit Card,complete,3.0
5662,O006316,2025-11-05 16:18:00,C01050,P0188,ST008,In-Store,1.0,10310.0,0.0,Airtel Money,Completed,0.0
5663,O001124,2024-05-20 17:27:00,C00948,P0141,ST020,In-Store,1.0,12880.0,0.0,Bank Transfer,Completed,0.0
5664,O005785,2025-09-16 13:50:00,C00360,P0171,ST024,In-Store,2.0,48310.0,,airtel money,Completed,0.0
5665,O004036,2025-03-16 16:47:00,C01039,P0108,ST008,In-Store,1.0,14950.0,0.0,M-Pesa,Returned,0.0
5666,O005608,2025-08-28 14:24:00,C00699,P0155,ST099,Online,1.0,13260.0,0.05,Airtel Money,Completed,3.0
5667,O003141,2024-12-13 09:52:00,C01075,P0013,ST011,In-Store,1.0,30190.0,0.05,M-Pesa,Completed,0.0
5668,O000301,2024-02-08 18:35:00,C00932,P0176,ST099 ,Online,1.0,10760.0,0.0,M-Pesa,Completed,3.0
5669,O005137,2025-07-10 20:41:00,C00529,P0094,ST008,In-Store,1.0,7010.0,0.0,Credit/Debit Card,complete,0.0
5670,O004356,2025-04-19 11:08:00,C01106,P0146,ST099,Online,1.0,29570.0,0.2,M-Pesa,Completed,5.0
5671,O002270,2024-09-28 10:14:00,C01025,P0135,ST099,Online,2.0,3510.0,0.05,cash ,Completed,5.0
5672,O002306,2024-10-01 14:52:00,C01245,P0160,ST008,In-Store,2.0,52970.0,0.0,MPESA ,Completed,0.0
5673,O001080,2024-05-14 20:04:00,C01227,P0196,ST099,Online,1.0,20930.0,0.0,M-Pesa,Completed,3.0
5674,O005861,2025-09-25 14:48:00,C01021,P0012,ST018,In-Store,1.0,,0.0,Cash,Completed,0.0
5675,O000483,2024-03-04 08:28:00,,P0135,ST003,In-Store,4.0,3510.0,0.0,M-Pesa,Completed,0.0
5676,O003353,2024-12-24 16:16:00,,P0084,ST012,In-Store,1.0,17830.0,0.0,M-Pesa,complete,0.0
5677,O000609,2024-03-20 17:56:00,C00789,P0196,ST021,In-Store,2.0,20930.0,,MPESA ,Completed,0.0
5678,O001335,2024-06-16 18:50:00,C00145,P0001,ST099,Online,1.0,85060.0,0.05,credit card,Completed,6.0
5679,O003252,2024-12-19 18:54:00,C01110,P0128,ST009,In-Store,1.0,13910.0,0.0,M-Pesa,Returned,0.0
5680,O007076,2025-12-27 11:20:00,C00359,P0141,ST099,Online,1.0,12880.0,0.0,Cash,completed,1.0
5681,O000512,2024-03-08 13:21:00,C01255,P0032,ST001,In-Store,1.0,112270.0,0.0,M-Pesa,Completed,0.0
5682,O002970,2024-12-01 12:21:00,C00694,P0091,ST099,Online,2.0,2270.0,0.0,M-Pesa,Completed,3.0
5683,O004961,2025-06-23 20:12:00,C00399,P0088,ST002,In-Store,1.0,10360.0,0.0,Cash,Completed,0.0
5684,O002460,2024-10-16 11:44:00,C00469,P0160,ST099,Online,2.0,52970.0,0.0,CASH,Completed,5.0
5685,O001442,2024-06-28 08:01:00,C00172,P0053,ST003,In-Store,1.0,13410.0,0.0,Credit/Debit Card,Completed,0.0
5686,O001895,2024-08-18 14:37:00,C00371,P0081,ST099,Online,2.0,14340.0,0.0,MPESA ,Completed,5.0
5687,O001402,2024-06-23 14:37:00,C00455,P0135,ST099,Online,1.0,3510.0,0.0,Bank Transfer,Completed,6.0
5688,O002312,2024-10-02 11:06:00,,P0184,ST099,Online,0.0,20390.0,0.0,Cash,Completed,1.0
5689,O005164,2025-07-12 15:31:00,C00183,P0062,ST099,Online,1.0,20210.0,0.0,Cash,Completed,4.0
5690,O003908,2025-03-01 18:56:00,C00486,P0098,ST023,In-Store,1.0,10630.0,0.0,M-Pesa,Completed,0.0
5691,O003730,2025-02-05 15:32:00,C00703,P0174,ST099,Online,1.0,29840.0,0.1,Cash,Completed,4.0
5692,O004263,2025-04-09 08:40:00,C00667,P0088,ST002,In-Store,1.0,10360.0,0.0,M-Pesa,Completed,0.0
5693,O002879,2024-11-24 18:43:00,C00062,P0194,ST005,In-Store,1.0,24550.0,0.0,Mpesa,Completed,0.0
5694,O005828,2025-09-21 17:21:00,,P0010,ST011,In-Store,1.0,127120.0,0.0,M-Pesa,Returned,0.0
5695,O004094,2025-03-22 17:25:00,C01123,P0010,ST099,Online,1.0,127120.0,0.1,M-Pesa,Completed,1.0
5696,O003048,2024-12-07 16:10:00,C01280,P0156,ST003,In-Store,2.0,30350.0,0.0,Cash,Completed,0.0
5697,O005234,2025-07-20 16:59:00,C01090,P0004 ,ST004,In-Store,1.0,38100.0,0.05,cash ,completed,0.0
5698,O004900,2025-06-15 10:12:00,C00622,P0018,ST021,In-Store,2.0,79380.0,0.0,cash ,Completed,0.0
5699,O003429,2024-12-29 18:32:00,C00697,P0008,ST099,Online,1.0,94740.0,0.0,M-Pesa,Completed,1.0
5700,O002179,2024-09-17 18:14:00,C01289,P0151,ST099,Online,2.0,47660.0,0.0,Cash,Completed,4.0
5701,O001812,2024-08-08 14:51:00,C01036,P0024,ST011,In-Store,1.0,85100.0,0.0,Bank Transfer,Cancelled,0.0
5702,O006656,2025-12-03 19:02:00,C00738,P0070,ST099,Online,1.0,18010.0,0.0,M-Pesa,Completed,4.0
5703,O007014,2025-12-23 20:02:00,C00924,P0060,ST010,In-Store,2.0,20160.0,,Airtel Money,Completed,0.0
5704,O000513,2024-03-08 12:06:00,C00933,P0165,ST002,In-Store,1.0,45630.0,0.15,M-Pesa,COMPLETED,0.0
5705,O006423,2025-11-14 09:38:00,C00399,P0091,ST099,Online,1.0,2270.0,0.0,Bank Transfer,Cancelled,6.0
5706,O004819,2025-06-06 14:30:00,C01324,P0062,ST023,In-Store,2.0,20210.0,0.0,M-PESA,Returned,0.0
5707,O002492,2024-10-20 15:56:00,C00862,P0171,ST010,In-Store,2.0,48310.0,0.0,cash,Completed,0.0
5708,O001847,13-Aug-2024,C00991,P0060,ST099,Online,1.0,20160.0,0.05,M-PESA,complete,2.0
5709,O004608,2025-05-15 20:28:00,C00048,P0109,ST099,Online,1.0,6990.0,0.0,Bank Transfer,Completed,3.0
5710,O000070,2024-01-09 17:19:00,C00991,P0161,ST099,Online,1.0,49910.0,0.0,Airtel Money,Completed,3.0
5711,O000761,2024-04-08 13:43:00,C00680,P0024,ST099,Online,1.0,85100.0,0.0,Bank Transfer,Completed,4.0
5712,O001396,2024-06-23 12:20:00,C00867,P0056,ST099,Online,1.0,,0.0,M-Pesa,Returned,5.0
5713,O001619,2024-07-18 19:24:00,C01241,P0074,ST099,Online,2.0,1880.0,0.0,M-Pesa,COMPLETED,4.0
5714,O004706,2025-05-25 15:19:00,C00520,P0172,ST099,Online,2.0,38980.0,0.0,airtel money,Completed,2.0
5715,O000677,2024-03-29 15:09:00,C00534,P0030,ST020,In-Store,1.0,62130.0,0.0,Bank Transfer,Completed,0.0
5716,O004472,2025-04-29 13:35:00,C00999,P0160,ST022 ,In-Store,1.0,52970.0,0.0,Mpesa,Returned,0.0
5717,O002163,2024-09-15 14:24:00,C00055,P0163,ST099,Online,1.0,41210.0,0.15,m-pesa,Completed,3.0
5718,O004285,2025-04-11 20:53:00,C00522,P0178,ST099,Online,1.0,31250.0,0.05,cash ,Completed,6.0
5719,O002122,2024-09-12 19:36:00,C00963,P0019,ST001,In-Store,1.0,9380.0,0.0,M-Pesa,Completed,0.0
5720,O002116,2024-09-11 19:54:00,C00475,P0194,ST099,Online,1.0,24550.0,0.0,CARD,Completed,5.0
5721,O007088,2025-12-27 10:35:00,C00904,P0163,ST020,In-Store,1.0,41210.0,0.05,M-Pesa,Returned,0.0
5722,O006971,2025-12-21 16:22:00,C00014,P0061,ST023,In-Store,1.0,19410.0,,CASH,Completed,0.0
5723,O001152,2024-05-24 19:48:00,C01237 ,P0142,ST099,Online,1.0,5880.0,0.0,Airtel Money,Completed,1.0
5724,O001707,2024-07-28 15:09:00,C00311,P0160,ST008,In-Store,1.0,52970.0,0.0,M-Pesa,Completed,0.0
5725,O000241,2024-01-29 18:34:00,C00987,P0162,ST011,In-Store,1.0,42760.0,0.0,Bank Transfer,Returned,0.0
5726,O006306,2025-11-04 10:45:00,C00086,P0012,ST099,Online,1.0,130340.0,0.0,MPESA ,Cancelled,4.0
5727,O000226,2024-01-27 09:34:00,C00276,P0165,ST099,Online,1.0,45630.0,0.0,M-Pesa,Cancelled,3.0
5728,O005356,2025-08-03 13:23:00,C00344,P0098,ST099,Online,1.0,10630.0,0.05,M-Pesa,Completed,2.0
5729,O000447,2024-03-01 18:36:00,C00571,P0096,ST007,In-Store,4.0,6270.0,0.0,Cash,Completed,0.0
5730,O006225,2025-10-28 13:15:00,C01087,P0051,ST099,Online,2.0,20210.0,0.0,Cash,Completed,4.0
5731,O005753,2025-09-12 12:19:00,C00008,P0104,ST020,In-Store,1.0,3780.0,0.0,M-Pesa,Completed,0.0
5732,O001379,2024-06-21 18:39:00,C00741,P0135,ST099,Online,1.0,3510.0,0.0,m-pesa,Completed,6.0
5733,O000426,2024-02-25 13:23:00,C00619,P0143,ST018,In-Store,,2270.0,0.0,M-Pesa,Completed,0.0
5734,O002135,2024-09-14 20:49:00,C00230,P0010,ST022,In-Store,1.0,127120.0,0.0,Cash,Completed,0.0
5735,O005426,2025-08-10 18:09:00,C00072 ,P0160,ST099,Online,1.0,52970.0,0.0,M-Pesa,Returned,3.0
5736,O004065,2025-03-19 08:28:00,C01247,P0086,ST099,Online,1.0,19730.0,0.0,M-Pesa,Completed,1.0
5737,O006042,2025-10-11 13:55:00,C00202,P0165,ST015,In-Store,2.0,45630.0,0.2,cash,Returned,0.0
5738,O002676,2024-11-06 16:25:00,C00161,P0079,ST099,Online,2.0,17060.0,0.0,Bank Transfer,Completed,3.0
5739,O001710,2024-07-28 17:08:00,C00660,P0176,ST005,In-Store,2.0,10760.0,0.0,M-PESA,Completed,0.0
5740,O004172,30-Mar-2025,C00638,P0033,ST099,Online,1.0,103260.0,0.0,Mpesa,Completed,1.0
5741,O000696,2024-03-30 09:02:00,C00117,P0025,ST013,In-Store,1.0,53630.0,0.0,M pesa,Completed,0.0
5742,O005859,2025-09-25 10:19:00,C00185,P0021,ST021,In-Store,2.0,135600.0,0.05,M-Pesa,Completed,0.0
5743,O006983,2025-12-22 19:36:00,C00966,P0024,ST007,In-Store,1.0,85100.0,0.0,Cash,Completed,0.0
5744,O005026,2025-06-30 18:56:00,C00033,P0061,ST099,Online,3.0,19410.0,0.0,M-Pesa,Completed,3.0
5745,O001512,2024-07-06 11:45:00,C00176,P0056,ST014,In-Store,1.0,14270.0,0.0,M-Pesa,Returned,0.0
5746,O002176,2024-09-17 18:27:00,C00398,P0174,ST099,Online,1.0,29840.0,0.0,M-Pesa,Completed,6.0
5747,O001994,2024-08-28 16:46:00,,P0080,ST099,Online,3.0,4980.0,0.0,Mpesa ,Completed,6.0
5748,O000665,2024-03-26 18:52:00,C00364,P0013,ST011,In-Store,1.0,30190.0,0.0,M-Pesa,returned,0.0
5749,O001451,2024-06-29 15:19:00,C00993,P0173,ST002,In-Store,1.0,19620.0,0.0,Mpesa ,Completed,0.0
5750,O005670,2025-09-04 08:57:00,C01060,P0065,ST014,In-Store,1.0,4780.0,0.0,M-Pesa,Completed,0.0
5751,O001729,2024-07-29 20:23:00,C00990,P0060,ST012,In-Store,1.0,20160.0,0.0,MPESA ,Returned,0.0
5752,O001229,2024-06-03 17:30:00,C00161,P0152,ST009,In-Store,1.0,11580.0,0.0,Bank Transfer,Completed,0.0
5753,O003675,2025-01-28 09:08:00,C01201,P0023,ST099,Online,2.0,122960.0,0.0,Airtel money,COMPLETED,3.0
5754,O002559,2024-10-26 13:06:00,C00137,P0175,ST018,In-Store,2.0,15740.0,0.0,CASH,Completed,0.0
5755,O005034,2025-07-01 17:55:00,C00999,P0071,ST099,Online,3.0,4850.0,0.0,Credit/Debit Card,COMPLETED,1.0
5756,O005822,2025-09-20 16:08:00,C00375,P0010,ST010,In-Store,1.0,127120.0,,M-Pesa,Completed,0.0
5757,O002218,2024-09-22 13:11:00,C00061,P0060,ST018,In-Store,2.0,,0.15,M pesa,COMPLETED,0.0
5758,O000356,2024-02-16 13:32:00,C00970,P0058,ST099,Online,1.0,17000.0,0.0,Mpesa ,Completed,4.0
5759,O001314,2024-06-14 16:50:00,C00949,P0094,ST022,In-Store,4.0,7010.0,0.0,Credit/Debit Card,Completed,0.0
5760,O001978,2024-08-27 15:04:00,C01256,P0162,ST099,Online,1.0,42760.0,0.0,Mpesa,Completed,2.0
5761,O000451,2024-03-01 11:24:00,C00574,P0173,ST099,Online,1.0,19620.0,0.0,credit card,Cancelled,3.0
5762,O002014,2024-08-30 09:25:00,C00279,P0086,ST006,In-Store,1.0,19730.0,0.0,Cash,Completed,0.0
5763,O003702,2025-02-01 18:30:00,C00218,P0010,ST010,In-Store,1.0,127120.0,0.0,Credit/Debit Card,Completed,0.0
5764,O000817,2024-04-14 13:44:00,C01143,P0080,ST099,Online,1.0,4980.0,0.0,M-Pesa,Completed,2.0
5765,O002688,2024-11-07 11:51:00,C00348,P0067,ST099,Online,1.0,4320.0,0.0,M-Pesa,Completed,6.0
5766,O004146,2025-03-28 20:43:00,C01096,P0148,ST099,Online,1.0,32090.0,0.0,Cash,Completed,3.0
5767,O002973,2024-12-01 10:04:00,C00863,P0056,ST018,In-Store,1.0,14270.0,0.05,Cash,Completed,0.0
5768,O004945,2025-06-21 16:02:00,C00353,P0061,ST015,In-Store,1.0,19410.0,0.0,M-Pesa,Completed,0.0
5769,O000939,2024-04-27 09:15:00,C01112,P0097,ST003,In-Store,1.0,1930.0,0.25,M-Pesa,Completed,0.0
5770,O006516,2025-11-22 15:42:00,C00164,P0010,ST020,In-Store,1.0,127120.0,0.0,Cash,Completed,0.0
5771,O006740,2025-12-09 14:33:00,C00075,P0151,ST011,In-Store,1.0,47660.0,0.0,M-Pesa,Returned,0.0
5772,O005568,2025-08-24 15:16:00,C00818,P0162,ST019,In-Store,2.0,42760.0,0.0,Airtel-Money,Returned,0.0
5773,O006717,2025-12-08 14:11:00,C01009,P0159,ST099,Online,1.0,14960.0,0.0,Cash,Completed,4.0
5774,O003991,2025-03-10 16:07:00,C00518,P0061,ST019,In-Store,2.0,19410.0,0.0,M-Pesa,Completed,0.0
5775,O002077,2024-09-07 16:09:00,C00862,P0017,ST099,Online,2.0,123410.0,0.0,M-PESA,Completed,4.0
5776,O001604,2024-07-17 08:07:00,C00819,P0139,ST099,Online,1.0,6700.0,0.0,Mpesa ,Returned,5.0
5777,O002175,2024-09-16 14:44:00,C00781,P0088,ST024,In-Store,1.0,10360.0,0.0,Credit/Debit Card,Completed,0.0
5778,O000741,2024-04-06 17:49:00,C00463,P0010,ST004,In-Store,2.0,127120.0,0.25,Mpesa ,Cancelled,0.0
5779,O005942,2025-10-02 20:08:00,C00387,P0045 ,ST010,In-Store,1.0,20960.0,,Cash,Returned,0.0
5780,O002894,2024-11-25 08:38:00,C00816,P0056,ST099,Online,1.0,14270.0,0.15,Cash,COMPLETED,2.0
5781,O000805,2024-04-13 19:19:00,C00073,P0005,ST099,Online,2.0,18960.0,0.1,M-Pesa,Returned,4.0
5782,O000593,2024-03-18 18:28:00,C01136,P0087,ST003,In-Store,1.0,11890.0,0.05,Cash,Completed,0.0
5783,O001503,2024-07-06 17:22:00,C00118,P0109,ST011,In-Store,1.0,6990.0,0.0,Cash,Completed,0.0
5784,O004978,2025-06-24 15:13:00,C01205,P0194,ST006,In-Store,2.0,24550.0,0.0,Cash,COMPLETED,0.0
5785,O000382,2024-02-20 10:08:00,C00784,P0196,ST099,Online,1.0,20930.0,0.0,M-Pesa,Returned,3.0
5786,O005215,2025-07-18 12:16:00,C00864,P0086,ST014,In-Store,1.0,19730.0,0.0,M-Pesa,Completed,0.0
5787,O001880,2024-08-17 15:34:00,C00639,P0019,ST099,Online,1.0,9380.0,0.05,Credit/Debit Card,Completed,1.0
5788,O003691,2025-01-30 08:30:00,C01094,P0183,ST001,In-Store,2.0,39320.0,,Card,Completed,0.0
5789,O002534,2024-10-23 16:43:00,C00638,P0196,ST004,In-Store,1.0,20930.0,0.0,M-Pesa,Completed,0.0
5790,O001824,2024-08-10 17:08:00,C00129,P0174,ST024,In-Store,1.0,29840.0,0.0,M-Pesa,Completed,0.0
5791,O004926,2025-06-18 13:22:00,C00402,P0116,ST024,In-Store,1.0,13190.0,0.0,M-Pesa,COMPLETED,0.0
5792,O001227,2024-06-02 14:51:00,C00949,P0034,ST024,In-Store,2.0,32600.0,0.0,M-Pesa,Completed,0.0
5793,O005079,2025-07-05 14:48:00,C01167,P0010,ST006,In-Store,2.0,127120.0,0.0,M-Pesa,Completed,0.0
5794,O000307,2024-02-09 13:21:00,C00486,P0056,ST099,Online,4.0,14270.0,0.0,Cash,Completed,3.0
5795,O006391,2025-11-11 10:05:00,C00919,P0016,ST099,Online,1.0,38090.0,0.05,Mpesa ,Returned,2.0
5796,O002109,2024-09-10 08:52:00,C01324,P0160,ST020,In-Store,1.0,52970.0,0.0,Credit/Debit Card,Completed,0.0
5797,O004600,2025-05-14 16:47:00,C00039,P0194,ST099,Online,1.0,24550.0,0.0,Airtel Money,Completed,6.0
5798,O004570,2025-05-10 18:09:00,C01052,P0160,ST099,Online,1.0,52970.0,0.0,CARD,Completed,6.0
5799,O004705,2025-05-25 13:17:00,C00712,P0074,ST099,Online,1.0,1880.0,,M pesa,Completed,3.0
5800,O005513,2025-08-18 10:50:00,C00145,P0151,ST007,In-Store,2.0,47660.0,0.05,M-Pesa,Completed,0.0
5801,O001271,2024-06-09 18:48:00,C00882,P0197,ST022,In-Store,1.0,22390.0,0.0,M-Pesa,Completed,0.0
5802,O001241,2024-06-05 13:06:00,C00161,P0151,ST099,Online,1.0,47660.0,0.0,cash ,Completed,4.0
5803,O006713,2025-12-07 15:26:00,C00975,P0128,ST019,In-Store,2.0,13910.0,0.0,Airtel Money,Completed,0.0
5804,O006934,2025-12-20 19:18:00,C01037,P0161,ST019,In-Store,1.0,49910.0,0.0,Bank Transfer,Completed,0.0
5805,O004420,2025-04-24 20:23:00,C00477,P0021,ST099,Online,2.0,135600.0,0.0,M-Pesa,Completed,4.0
5806,O004546,2025-05-08 20:58:00,C00403,P0146 ,ST007,In-Store,1.0,29570.0,0.0,Cash,Returned,0.0
5807,O002349,2024-10-06 15:56:00,C00177,P0175,ST003,In-Store,2.0,15740.0,0.0,M-Pesa,Completed,0.0
5808,O004129,2025-03-26 15:57:00,C00318,P0034,ST012,In-Store,1.0,32600.0,0.0,M-PESA,Returned,0.0
5809,O004957,2025-06-22 10:07:00,C01256,P0074,ST011,In-Store,1.0,1880.0,0.0,M-Pesa,Completed,0.0
5810,O001793,2024-08-05 19:50:00,C00323 ,P0084,ST002,In-Store,1.0,17830.0,0.0,credit card,COMPLETED,0.0
5811,O001798,2024-08-06 09:40:00,C00268,P0051,ST015,In-Store,1.0,20210.0,0.0,M-Pesa,Completed,0.0
5812,O000452,2024-03-01 20:01:00,C00064,P0004,ST099,Online,1.0,38100.0,0.0,CASH,Completed,3.0
5813,O001611,2024-07-17 20:53:00,C00456,P0155,ST007,In-Store,1.0,13260.0,0.0,Bank Transfer,Returned,0.0
5814,O006355,2025-11-08 16:40:00,C00823,P0051,ST099,Online,1.0,20210.0,0.1,AIRTEL MONEY,Completed,5.0
5815,O002981,2024-12-02 08:06:00,C01134,P0080,ST099,Online,1.0,4980.0,0.15,M pesa,Completed,2.0
5816,O004683,2025-05-23 13:17:00,,P0094,ST005,In-Store,1.0,7010.0,0.0,M-PESA,Completed,0.0
5817,O001720,2024-07-28 08:25:00,C00222,P0018,ST099,Online,1.0,79380.0,0.0,cash ,Completed,1.0
5818,O006310,2025-11-04 20:51:00,C01082,P0080,ST099,Online,1.0,4980.0,0.25,M-Pesa,Returned,1.0
5819,O004176,2025-03-30 12:46:00,C00023,P0025,ST099,Online,1.0,53630.0,0.0,M-Pesa,Completed,1.0
5820,O000065,2024-01-09 12:48:00,C00580,P0038,ST099,Online,2.0,65560.0,0.0,Credit/Debit Card,Completed,5.0
5821,O002758,2024-11-12 08:53:00,C00779,P0010,ST099,Online,1.0,127120.0,0.0,cash ,Returned,5.0
5822,O005886,2025-09-27 08:16:00,C00700,P0139,ST009,In-Store,1.0,6700.0,0.0,MPESA ,Completed,0.0
5823,O003621,2025-01-21 09:58:00,C01011,P0129,ST023,In-Store,2.0,10150.0,,Mpesa,Completed,0.0
5824,O005140,2025-07-10 14:42:00,C01161,P0189,ST021,In-Store,2.0,32140.0,0.0,Credit/Debit Card,Returned,0.0
5825,O003941,2025-03-04 13:57:00,C00982 ,P0070,ST099,Online,1.0,18010.0,0.0,M-Pesa,Completed,4.0
5826,O007057,25-Dec-2025,C00880,P0079,ST099,Online,1.0,17060.0,0.15,M-Pesa,Completed,3.0
5827,O002104,2024-09-10 11:47:00,C00012,P0138,ST099,Online,1.0,4780.0,0.0,cash,Completed,5.0
5828,O002043,2024-09-01 15:41:00,C00352,P0173,ST024,In-Store,1.0,19620.0,0.05,M-Pesa,Completed,0.0
5829,O006621,2025-12-01 14:18:00,C00491,P0059,ST099,Online,1.0,16280.0,0.1,M-Pesa,Completed,2.0
5830,O000449,2024-03-01 16:08:00,C00349,P0063,ST014 ,In-Store,1.0,1440.0,0.0,cash ,Cancelled,0.0
5831,O002617,2024-11-01 11:57:00,C00794,P0141,ST002,In-Store,2.0,12880.0,0.0,Airtel Money,Returned,0.0
5832,O007042,2025-12-24 10:41:00,C01168,P0135,ST099,Online,1.0,3510.0,0.0,M-Pesa,Completed,5.0
5833,O000867,2024-04-19 18:09:00,C00431,P0062,ST099,Online,1.0,20210.0,0.0,M-Pesa,Completed,6.0
5834,O005430,2025-08-10 16:39:00,C01279,P0005,ST012,In-Store,1.0,18960.0,0.0,cash ,Completed,0.0
5835,O000255,2024-02-01 14:03:00,C00521,P0160,ST007,In-Store,1.0,52970.0,0.0,M-Pesa,Completed,0.0
5836,O002278,2024-09-28 12:55:00,C00749,P0158,ST001,In-Store,1.0,36400.0,0.0,M-Pesa,Completed,0.0
5837,O005881,2025-09-27 11:59:00,C01293,P0138,ST001,In-Store,1.0,4780.0,0.0,M-Pesa,Completed,0.0
5838,O003086,2024/12/09,C01320,P0156,ST004,In-Store,1.0,30350.0,0.0,Airtel Money,returned,0.0
5839,O003921,2025-03-02 09:19:00,C01067,P0112,ST011,In-Store,1.0,9880.0,,M-Pesa,Completed,0.0
5840,O002495,2024-10-20 12:58:00,C00291,P0005,ST021,In-Store,1.0,18960.0,0.0,M-Pesa,Completed,0.0
5841,O003210,2024-12-17 08:22:00,C00822,P0045,ST018,In-Store,1.0,20960.0,0.0,M-Pesa,Completed,0.0
5842,O000105,2024-01-13 11:24:00,C00167,P0175,ST024,In-Store,1.0,15740.0,0.0,Cash,Completed,0.0
5843,O003423,2024-12-28 19:34:00,C00714,P0111,ST008,In-Store,1.0,3840.0,0.1,Cash,Returned,0.0
5844,O002053,2024-09-03 17:05:00,C00985,P0144,ST004,In-Store,1.0,30700.0,0.0,M-Pesa,Completed,0.0
5845,O004312,2025-04-14 12:51:00,C00993,P0181,ST010 ,In-Store,1.0,23170.0,0.0,airtel money,Cancelled,0.0
5846,O002085,2024-09-08 09:09:00,C00123,P0074,ST099,Online,1.0,1880.0,0.0,Bank Transfer,Returned,5.0
5847,O006654,2025-12-03 12:14:00,C00185 ,P0152,ST010,In-Store,1.0,11580.0,0.1,cash,Completed,0.0
5848,O002395,2024-10-11 17:21:00,C00477,P0013,ST005,In-Store,2.0,30190.0,0.0,Credit/Debit Card,Returned,0.0
5849,O006816,2025-12-14 12:15:00,C00413,P0109,ST099,Online,1.0,6990.0,0.05,M pesa,Completed,1.0
5850,O005249,2025-07-23 20:46:00,C00830,P0083,ST099,Online,1.0,14200.0,0.0,Airtel-Money,Completed,2.0
5851,O002602,2024-10-30 15:08:00,C00563,P0160,ST003,In-Store,2.0,52970.0,0.0,Credit/Debit Card,Completed,0.0
5852,O001303,2024-06-13 09:45:00,C00184,P0146,ST017,In-Store,2.0,29570.0,0.0,M-PESA,Returned,0.0
5853,O001928,2024-08-21 16:49:00,C00142,P0176,ST007,In-Store,1.0,10760.0,0.15,Credit/Debit Card,Completed,0.0
5854,O004343,2025-04-17 13:08:00,C00287,P0036,ST099,Online,1.0,82830.0,0.0,Mpesa,Completed,1.0
5855,O005497,2025-08-17 08:03:00,C00755,P0159,ST004,In-Store,1.0,14960.0,0.0,M-Pesa,Completed,0.0
5856,O001926,2024-08-20 17:33:00,C01045,P0096,ST011,In-Store,1.0,6270.0,0.0,M-Pesa,Completed,0.0
5857,O002892,2024-11-25 17:41:00,C00062,P0140,ST015,In-Store,1.0,13940.0,0.0,Mpesa,Completed,0.0
5858,O006337,2025-11-06 19:54:00,C00049,P0108 ,ST013,In-Store,2.0,14950.0,0.0,airtel money,Completed,0.0
5859,O006714,2025-12-07 18:32:00,C01071,P0159,ST099,Online,3.0,14960.0,0.0,Airtel Money,Completed,2.0
5860,O005007,2025-06-27 13:53:00,C01061,P0010,ST099,Online,1.0,127120.0,0.0,Airtel money,Completed,1.0
5861,O006535,2025-11-24 11:27:00,C00532,P0086,ST022,In-Store,1.0,19730.0,0.0,Airtel Money,Completed,0.0
5862,O005065,2025-07-04 14:47:00,C01092,P0196,ST099,Online,1.0,20930.0,0.0,m-pesa,Completed,2.0
5863,O003360,2024-12-24 14:51:00,C00199,P0153,ST005,In-Store,2.0,58800.0,0.1,M-Pesa,Completed,0.0
5864,O003287,2024-12-21 11:45:00,C00556,P0056,ST099,Online,1.0,14270.0,0.0,M-Pesa,Completed,2.0
5865,O005586,2025-08-26 10:46:00,C01122,P0020,ST024,In-Store,4.0,10070.0,0.0,M-Pesa,Completed,0.0
5866,O000384,2024-02-21 19:29:00,C00240,P0009,ST011,In-Store,2.0,119240.0,0.0,m-pesa,Cancelled,0.0
5867,O005916,2025-09-29 15:03:00,C00318,P0010,ST008,In-Store,1.0,127120.0,0.0,Mpesa ,Cancelled,0.0
5868,O004499,2025-05-03 10:18:00,C00158,P0091,ST008,In-Store,2.0,2270.0,0.0,Airtel Money,Returned,0.0
5869,O000705,2024-03-31 16:57:00,C00873,P0086,ST003,In-Store,2.0,19730.0,0.1,M-Pesa,completed,0.0
5870,O006434,2025-11-15 14:28:00,,P0126,ST002,In-Store,1.0,12920.0,0.0,Mpesa ,Completed,0.0
5871,O003645,2025-01-24 17:51:00,C00161,P0052,ST023,In-Store,1.0,3180.0,,Cash,Completed,0.0
5872,O004695,2025-05-24 17:32:00,C00253,P0086 ,ST099,Online,1.0,19730.0,0.0,Credit/Debit Card,Completed,2.0
5873,O001535,2024-07-08 16:36:00,C01247,P0061,ST099,Online,2.0,19410.0,0.0,cash ,Completed,4.0
5874,O002665,2024-11-05 12:11:00,C00175,P0051,ST002,In-Store,1.0,20210.0,0.05,Cash,Completed,0.0
5875,O000618,2024-03-21 14:51:00,C00397,P0060,ST099,Online,1.0,20160.0,0.0,Airtel Money,Completed,1.0
5876,O004464,2025-04-28 19:59:00,C00213,P0028,ST024,In-Store,1.0,6690.0,0.0,Bank Transfer,Completed,0.0
5877,O000680,2024-03-29 15:11:00,C01324,P0056,ST099,Online,1.0,14270.0,0.0,Bank Transfer,COMPLETED,4.0
5878,O004869,2025-06-12 18:22:00,C00231,P0013,ST099,Online,1.0,30190.0,0.0,M-Pesa,Completed,3.0
5879,O006744,2025-12-09 15:39:00,C00960,P0126,ST024,In-Store,1.0,12920.0,0.1,M-Pesa,Completed,0.0
5880,O003085,2024-12-09 19:54:00,C01298,P0108,ST022,In-Store,2.0,14950.0,0.0,MPESA ,Completed,0.0
5881,O002250,2024-09-25 09:57:00,C01287,P0097,ST099,Online,2.0,1930.0,0.0,Cash,Completed,2.0
5882,O005428,2025-08-10 15:35:00,C00273,P0176,ST099,Online,1.0,10760.0,0.0,M-Pesa,Completed,6.0
5883,O005941,2025-10-02 18:25:00,C00198,P0088,ST099,Online,1.0,10360.0,0.1,Bank Transfer,Completed,1.0
5884,O005205,2025-07-18 17:25:00,C00952,P0135,ST019,In-Store,1.0,3510.0,0.0,Bank Transfer,Completed,0.0
5885,O005733,2025-09-10 20:14:00,C00665,P0129,ST004,In-Store,1.0,10150.0,0.0,M-Pesa,Completed,0.0
5886,O004564,2025-05-09 15:21:00,C00973,P0073,ST005,In-Store,2.0,21150.0,,M-Pesa,Completed,0.0
5887,O002711,2024-11-09 11:33:00,C00154,P0091,ST014,In-Store,1.0,2270.0,0.0,M-Pesa,Returned,0.0
5888,O002950,2024-11-29 17:39:00,C00379,P0023,ST099,Online,4.0,122960.0,0.0,Airtel Money,Completed,5.0
5889,O005596,2025-08-27 20:48:00,C00601,P0140,ST099,Online,1.0,13940.0,0.0,M-Pesa,Completed,1.0
5890,O002002,2024-08-29 17:14:00,C00943,P0059,ST099,Online,1.0,16280.0,0.0,Bank Transfer,completed,4.0
5891,O001398,2024-06-23 16:37:00,C00407,P0088,ST099,Online,2.0,10360.0,0.0,Bank Transfer,Completed,6.0
5892,O006083,2025-10-14 13:37:00,C00907,P0194,ST006,In-Store,1.0,24550.0,0.0,M-Pesa,COMPLETED,0.0
5893,O004417,2025-04-24 15:05:00,C00450 ,P0161,ST099,Online,1.0,49910.0,0.0,Cash,Completed,4.0
5894,O002453,2024-10-15 12:20:00,C00595,P0160,ST011,In-Store,2.0,52970.0,0.25,M-Pesa,Returned,0.0
5895,O000218,2024-01-27 19:30:00,C01018,P0120,ST019,In-Store,1.0,10270.0,0.0,M-Pesa,Completed,0.0
5896,O000536,2024-03-10 14:45:00,C01297,P0159,ST010,In-Store,1.0,14960.0,0.05,M pesa,Completed,0.0
5897,O002826,2024-11-19 12:58:00,C00573,P0125,ST020,In-Store,2.0,5710.0,0.0,Cash,Returned,0.0
5898,O003255,2024-12-19 14:22:00,C00310,P0120,ST019,In-Store,1.0,10270.0,0.0,M-PESA,Completed,0.0
5899,O004701,2025-05-25 17:34:00,C00440,P0030,ST015,In-Store,2.0,62130.0,0.0,M-Pesa,Completed,0.0
5900,O001638,2024-07-20 17:00:00,C00499,P0058,ST099,Online,1.0,17000.0,0.0,Credit/Debit Card,Completed,3.0
5901,O002129,2024-09-13 20:36:00,C01076,P0076,ST099,Online,1.0,14080.0,0.0,M-Pesa,Completed,2.0
5902,O002808,2024-11-17 17:32:00,C00806,P0151,ST013,In-Store,1.0,47660.0,0.0,M-Pesa,Completed,0.0
5903,O001077,2024-05-14 09:51:00,C01042,P0169,ST015,In-Store,2.0,57960.0,0.0,M-Pesa,Completed,0.0
5904,O001411,2024-06-25 15:42:00,C00920,P0074,ST001,In-Store,1.0,1880.0,0.0,airtel money,Completed,0.0
5905,O005727,2025-09-09 12:35:00,C00621,P0151,ST002,In-Store,2.0,47660.0,0.0,Bank Transfer,Completed,0.0
5906,O002866,2024-11-22 12:41:00,C00305,P0159,ST099,Online,1.0,14960.0,0.0,airtel money,complete,5.0
5907,O005572,2025-08-24 15:04:00,C01128,P0161,ST002,In-Store,1.0,49910.0,0.0,Bank Transfer,Completed,0.0
5908,O006927,2025-12-19 19:16:00,C01292,P0162,ST099,Online,1.0,42760.0,0.05,Airtel Money,Completed,5.0
5909,O003074,2024-12-08 10:13:00,C01329,P0171,ST015,In-Store,1.0,48310.0,0.0,Airtel Money,Completed,0.0
5910,O005070,2025-07-04 20:59:00,C00284,P0063,ST020,In-Store,1.0,1440.0,0.0,M-Pesa,complete,0.0
5911,O001511,2024-07-06 10:17:00,C01060,P0160,ST099,Online,1.0,52970.0,0.05,MPESA ,Completed,4.0
5912,O006367,2025-11-09 15:55:00,,P0074,ST018,In-Store,1.0,1880.0,0.0,Cash,Completed,0.0
5913,O003962,2025-03-07 10:32:00,,P0189,ST099,Online,1.0,32140.0,0.0,M-Pesa,completed,1.0
5914,O006577,2025-11-28 14:35:00,C00544,P0086,ST007,In-Store,3.0,19730.0,0.0,debit card,Cancelled,0.0
5915,O000205,2024-01-26 19:56:00,C00114,P0086,ST014,In-Store,1.0,19730.0,0.0,M pesa,completed,0.0
5916,O001032,2024-05-10 08:18:00,C00827,P0136,ST024,In-Store,1.0,1510.0,0.0,cash ,completed,0.0
5917,O004902,2025-06-15 11:32:00,C00174,P0088,ST099,Online,2.0,10360.0,0.0,Cash,complete,5.0
5918,O003439,2024-12-29 15:38:00,C01184,P0156,ST003,In-Store,1.0,30350.0,0.0,Bank Transfer,Completed,0.0
5919,O002136,2024-09-14 19:30:00,C01208,P0135,ST099,Online,1.0,3510.0,0.0,Bank Transfer,Completed,1.0
5920,O001531,2024-07-07 11:54:00,C01144,P0010,ST099,Online,1.0,127120.0,0.2,M-Pesa,Completed,3.0
5921,O004653,2025-05-20 18:57:00,C00101,P0028,ST099,Online,3.0,6690.0,0.05,Mpesa,Completed,5.0
5922,O001641,2024-07-20 11:19:00,C01042,P0174,ST099,Online,1.0,29840.0,0.2,M-Pesa,Completed,6.0
5923,O007132,2025-12-31 16:44:00,C00017,P0183,ST014,In-Store,1.0,39320.0,0.15,M-Pesa,Completed,0.0
5924,O002045,2024-09-02 12:40:00,C01284,P0084,ST099,Online,2.0,17830.0,0.0,Bank Transfer,Completed,3.0
5925,O005651,2025-09-01 17:44:00,C01181 ,P0059,ST099,Online,1.0,16280.0,0.0,Credit/Debit Card,Completed,4.0
5926,O004793,2025-06-02 19:31:00,C00997,P0176,ST009,In-Store,1.0,10760.0,0.0,Bank Transfer,Completed,0.0
5927,O002661,2024-11-04 14:37:00,C00921,P0066,ST002,In-Store,1.0,1630.0,0.0,M pesa,Completed,0.0
5928,O003500,2025-01-05 09:31:00,C00882,P0060,ST099,Online,1.0,20160.0,0.15,cash,Completed,4.0
5929,O006622,2025-12-01 11:15:00,C01324,P0148,ST011,In-Store,1.0,32090.0,0.0,M-Pesa,Completed,0.0
5930,O004330,2025-04-16 18:47:00,,P0013,ST099,Online,,,0.0,M-Pesa,complete,4.0
5931,O001530,2024-07-07 19:47:00,C00292,P0066,ST009,In-Store,1.0,1630.0,0.0,M-Pesa,Completed,0.0
5932,O005038,2025-07-01 08:46:00,C01236,P0194,ST013,In-Store,1.0,24550.0,0.0,MPESA ,Completed,0.0
5933,O001718,2024-07-28 15:01:00,C00364,P0086,ST001,In-Store,1.0,19730.0,0.0,Cash,completed,0.0
5934,O006317,2025-11-05 16:11:00,C00005,P0060,ST010,In-Store,1.0,20160.0,0.0,cash ,Completed,0.0
5935,O001709,2024-07-28 09:09:00,C00036,P0046,ST099,Online,1.0,17890.0,0.05,M-Pesa,Completed,1.0
5936,O006141,2025-10-21 20:37:00,C00635,P0176,ST019,In-Store,1.0,10760.0,0.0,Credit/Debit Card,Completed,0.0
5937,O000411,2024-02-23 16:10:00,C01124,P0079,ST018,In-Store,1.0,17060.0,0.0,Credit/Debit Card,Completed,0.0
5938,O005985,2025-10-06 20:24:00,C00353,P0123,ST099,Online,1.0,7870.0,0.0,Credit/Debit Card,Completed,3.0
5939,O004268,2025-04-10 18:09:00,C00556,P0011,ST007,In-Store,1.0,25490.0,0.0,M-Pesa,Completed,0.0
5940,O000577,2024/03/17,C00397,P0016,ST099,Online,1.0,38090.0,0.1,Cash,Returned,2.0
5941,O005224,2025-07-20 16:40:00,C00253,P0032,ST010,In-Store,2.0,112270.0,0.05,CASH,Completed,0.0
5942,O005856,24/09/2025,C01233,P0032,ST099,Online,2.0,112270.0,0.0,Cash,Completed,1.0
5943,O004914,2025-06-17 10:23:00,C00506,P0138,ST010,In-Store,1.0,4780.0,0.0,M-Pesa,Completed,0.0
5944,O006385,2025-11-10 20:37:00,C01317,P0160,ST002,In-Store,1.0,52970.0,0.0,M-Pesa,Completed,0.0
5945,O000367,2024-02-18 09:48:00,C00779,P0160,ST015,In-Store,1.0,52970.0,0.0,Credit/Debit Card,Completed,0.0
5946,O005977,2025-10-05 15:08:00,C00067,P0139,ST013,In-Store,2.0,6700.0,0.0,M-Pesa,Completed,0.0
5947,O002993,2024-12-03 10:13:00,C00397,P0048,ST015,In-Store,2.0,21400.0,0.0,debit card,Completed,0.0
5948,O000538,2024-03-10 16:31:00,C00929,P0027,ST015,In-Store,2.0,26240.0,0.0,debit card,Completed,0.0
5949,O000143,2024-01-19 17:38:00,C00943,P0160,ST024,In-Store,2.0,52970.0,0.0,Bank Transfer,Completed,0.0
5950,O004737,2025-05-28 19:27:00,C00417,P0020,ST019,In-Store,1.0,10070.0,0.0,M-Pesa,Returned,0.0
5951,O003544,2025-01-11 08:04:00,C01144,P0025,ST022,In-Store,1.0,53630.0,0.0,cash ,Completed,0.0
5952,O004838,2025-06-08 11:52:00,C00113,P0024,ST099,Online,1.0,85100.0,0.0,Cash,Completed,1.0
5953,O002001,2024-08-29 16:19:00,C00579,P0056,ST099,Online,1.0,14270.0,0.0,MPESA ,Completed,5.0
5954,O002426,2024-10-13 13:46:00,C00703,P0039,ST019,In-Store,1.0,75080.0,0.0,Mpesa,Completed,0.0
5955,O000653,2024-03-24 15:37:00,C00986,P0056,ST015,In-Store,2.0,14270.0,0.0,Bank Transfer,Completed,0.0
5956,O005745,2025-09-11 15:39:00,C00764,P0069,ST013,In-Store,1.0,20690.0,0.0,CARD,completed,0.0
5957,O000191,2024-01-24 17:22:00,C00757,P0060,ST023,In-Store,2.0,20160.0,,CARD,Completed,0.0
5958,O001943,2024-08-23 15:29:00,C00443,P0152,ST002,In-Store,2.0,11580.0,0.0,M-Pesa,Completed,0.0
5959,O000935,2024-04-27 16:28:00,C01205,P0128,ST099,Online,1.0,13910.0,0.0,m-pesa,Completed,1.0
5960,O000173,2024-01-21 10:48:00,C00951,P0164,ST017,In-Store,1.0,18800.0,0.0,M-Pesa,Completed,0.0
5961,O000542,2024-03-11 16:45:00,C00829,P0086,ST005 ,In-Store,1.0,19730.0,0.0,M-Pesa,Completed,0.0
5962,O003588,2025-01-17 16:57:00,C01171,P0165,ST007,In-Store,1.0,45630.0,0.0,cash ,Completed,0.0
5963,O004745,2025-05-28 19:47:00,C00386,P0062,ST099,Online,4.0,20210.0,0.0,M-Pesa,Completed,3.0
5964,O003802,2025/02/15,C01192,P0146,ST002,In-Store,1.0,29570.0,0.0,Credit/Debit Card,complete,0.0
5965,O004998,2025-06-26 17:44:00,C00865,P0062,ST099,Online,1.0,20210.0,0.0,Mpesa ,Completed,2.0
5966,O000626,2024-03-22 17:43:00,C01221,P0146,ST099,Online,1.0,29570.0,0.15,cash,Completed,4.0
5967,O002584,2024-10-29 20:41:00,,P0112,ST012,In-Store,1.0,9880.0,0.0,MPESA ,Completed,0.0
5968,O004533,2025-05-06 17:20:00,C01253,P0024,ST017,In-Store,2.0,85100.0,0.0,Credit/Debit Card,Cancelled,0.0
5969,O001109,2024-05-18 11:26:00,C01317,P0171,ST099,Online,1.0,48310.0,0.0,Credit/Debit Card,canceled,1.0
5970,O007126,2025-12-31 17:01:00,C00041,P0086,ST014,In-Store,1.0,19730.0,0.0,MPESA ,COMPLETED,0.0
5971,O004403,2025-04-22 15:15:00,C00418,P0056,ST008,In-Store,2.0,14270.0,0.0,M-Pesa,Completed,0.0
5972,O000585,2024-03-17 18:40:00,C00579,P0084,ST099,Online,1.0,17830.0,0.1,M-Pesa,Returned,4.0
5973,O002767,2024-11-13 17:27:00,C00492,P0061,ST020,In-Store,1.0,19410.0,0.0,M-Pesa,Completed,0.0
5974,O005373,2025-08-05 14:22:00,C00180,P0158,ST023,In-Store,3.0,36400.0,0.0,M-Pesa,Completed,0.0
5975,O000370,2024-02-18 13:43:00,C00418,P0171,ST099,Online,2.0,48310.0,,M-Pesa,Completed,1.0
5976,O005660,2025-09-02 12:53:00,C01171,P0168,ST099,Online,3.0,31350.0,0.0,MPESA ,Completed,4.0
5977,O006181,2025-10-25 09:44:00,C01060,P0069,ST020,In-Store,1.0,20690.0,0.0,Card,COMPLETED,0.0
5978,O003617,2025-01-20 19:34:00,C00441,P0178,ST006,In-Store,2.0,31250.0,0.0,mpesa,Completed,0.0
5979,O001551,2024-07-11 10:28:00,C01314,P0096,ST099,Online,1.0,6270.0,0.0,mpesa,Completed,4.0
5980,O006937,2025-12-20 19:56:00,C00500,P0122,ST099,Online,1.0,1050.0,0.2,M-Pesa,Returned,5.0
5981,O005840,2025-09-23 19:19:00,C01319,P0018,ST019,In-Store,1.0,79380.0,0.0,Cash,Completed,0.0
5982,O001270,2024-06-09 12:41:00,C01135,P0159 ,ST099,Online,1.0,14960.0,0.0,MPESA ,Completed,2.0
5983,O005257,2025-07-24 13:47:00,C01096,P0176,ST014,In-Store,3.0,10760.0,0.1,M-Pesa,Completed,0.0
5984,O006071,2025-10-12 14:16:00,C00952,P0010,ST010,In-Store,1.0,127120.0,0.15,Airtel-Money,Completed,0.0
5985,O004386,2025-04-21 11:14:00,C00445,P0013,ST099,Online,1.0,30190.0,0.0,Airtel Money,Completed,4.0
5986,O003164,2024-12-15 16:30:00,C00513,P0175,ST099,Online,1.0,15740.0,0.05,m-pesa,Completed,6.0
5987,O006046,2025/10/11,C01280,P0093,ST018,In-Store,2.0,15030.0,0.0,Credit/Debit Card,Completed,0.0
5988,O002653,2024-11-04 20:27:00,C01256,P0183,ST020,In-Store,1.0,39320.0,0.0,M pesa,Completed,0.0
5989,O002215,2024-09-21 18:08:00,C00389,P0144,ST020,In-Store,1.0,30700.0,0.0,CASH,Completed,0.0
5990,O003186,2024-12-16 09:13:00,C01298,P0125,ST099,Online,2.0,5710.0,0.15,M-Pesa,Completed,5.0
5991,O002762,2024-11-13 20:58:00,C01041,P0174,ST099,Online,1.0,29840.0,0.0,Mpesa ,Completed,5.0
5992,O000900,2024-04-23 16:49:00,C01192,P0175,ST099,Online,2.0,15740.0,0.0,Bank Transfer,Completed,6.0
5993,O004425,2025-04-25 08:04:00,C00395,P0159,ST099,Online,2.0,14960.0,,Airtel Money,Completed,6.0
5994,O001643,2024-07-20 10:05:00,C01192,P0196,ST099,Online,1.0,20930.0,0.0,M-Pesa,Completed,6.0
5995,O000554,2024-03-14 12:45:00,C00604,P0062,ST006,In-Store,-2.0,20210.0,0.0,cash,Completed,0.0
5996,O003606,2025-01-19 11:12:00,C01319,P0155,ST014,In-Store,1.0,13260.0,0.0,M-Pesa,Completed,0.0
5997,O006305,2025-11-04 16:28:00,C00630,P0109,ST099,Online,1.0,6990.0,0.0,Airtel money,Completed,4.0
5998,O006820,2025-12-14 20:20:00,C00912,P0189,ST002,In-Store,1.0,32140.0,0.0,M-Pesa,completed,0.0
5999,O003522,2025-01-08 13:27:00,C01081,P0005,ST023,In-Store,1.0,18960.0,0.0,M-Pesa,Completed,0.0
6000,O002488,2024-10-19 08:45:00,C00248,P0008,ST099,Online,1.0,94740.0,0.0,M-PESA,Completed,5.0
6001,O005956,2025-10-03 12:35:00,C00189,P0102,ST006,In-Store,1.0,5210.0,0.1,M-Pesa,Completed,0.0
6002,O006350,2025-11-08 12:46:00,C00916,P0088,ST024,In-Store,1.0,10360.0,0.0,M-Pesa,Completed,0.0
6003,O006247,2025-10-30 16:02:00,C00476,P0183,ST018,In-Store,1.0,39320.0,,Airtel money,Completed,0.0
6004,O001646,2024-07-21 13:31:00,C00381,P0196,ST017,In-Store,2.0,20930.0,0.0,M-Pesa,Completed,0.0
6005,O003418,2024-12-28 14:06:00,C01079,P0146,ST022,In-Store,1.0,29570.0,0.05,M-Pesa,Completed,0.0
6006,O000284,2024-02-05 20:30:00,C00941,P0161,ST099,Online,1.0,49910.0,0.1,M-Pesa,Completed,2.0
6007,O004100,2025-03-23 15:18:00,C00986,P0051,ST099,Online,1.0,20210.0,0.0,Credit/Debit Card,Cancelled,2.0
6008,O001448,2024-06-29 14:15:00,C01249,P0125 ,ST022,In-Store,1.0,5710.0,0.0,debit card,Completed,0.0
6009,O006827,2025-12-15 15:10:00,C00808,P0104,ST099,Online,1.0,3780.0,0.15,Cash,Completed,2.0
6010,O002031,2024-08-31 11:26:00,C01115,P0058,ST015,In-Store,1.0,17000.0,0.0,M-Pesa,Completed,0.0
6011,O003409,2024-12-27 15:01:00,C00644,P0060,ST013,In-Store,1.0,20160.0,0.15,m-pesa,Completed,0.0
6012,O005487,2025-08-16 17:29:00,C00911,P0094,ST099,Online,1.0,7010.0,0.0,Airtel Money,Completed,6.0
6013,O000673,2024-03-28 16:46:00,C00698,P0068,ST021,In-Store,1.0,1250.0,0.2,Bank Transfer,Returned,0.0
6014,O006588,2025-11-28 08:48:00,C00056,P0060,ST099,Online,2.0,20160.0,0.0,Airtel Money,Returned,1.0
6015,O003355,2024-12-24 08:12:00,C00026,P0027,ST099,Online,1.0,26240.0,0.05,Cash,Completed,4.0
6016,O005389,2025-08-06 19:05:00,C01323,P0088,ST007,In-Store,1.0,10360.0,0.0,cash,Completed,0.0
6017,O002837,2024-11-20 20:17:00,C00485,P0061,ST099,Online,2.0,19410.0,0.0,CARD,Completed,6.0
6018,O001377,2024-06-21 17:25:00,C00244,P0162,ST099,Online,1.0,42760.0,0.0,M-Pesa,Completed,4.0
6019,O001350,2024-06-17 15:13:00,C01324,P0086,ST012,In-Store,1.0,19730.0,0.0,Credit/Debit Card,Completed,0.0
6020,O004594,2025-05-13 09:52:00,C00517,P0178,ST012,In-Store,1.0,31250.0,0.0,M-Pesa,Completed,0.0
6021,O000841,2024-04-16 20:30:00,C01221,P0162,ST004,In-Store,1.0,42760.0,0.0,M-Pesa,Completed,0.0
6022,O001961,2024-08-25 16:15:00,C00157,P0188,ST099,Online,1.0,10310.0,0.0,M-Pesa,Completed,2.0
6023,O000071,2024-01-09 19:55:00,C01556,P0108,ST099,Online,1.0,14950.0,0.0,M-Pesa,Completed,3.0
6024,O004558,2025-05-09 14:52:00,C01134,P0039,ST099,Online,1.0,75080.0,,Credit/Debit Card,Completed,3.0
6025,O001656,2024-07-22 20:26:00,C01324,P0196,ST020,In-Store,2.0,20930.0,0.0,Airtel Money,Completed,0.0
6026,O000042,2024-01-06 18:37:00,C00043,P0018,ST009,In-Store,2.0,79380.0,0.0,Bank Transfer,Completed,0.0
6027,O001164,2024-05-25 20:27:00,C00492,P0060,ST009,In-Store,1.0,20160.0,0.0,debit card,Cancelled,0.0
6028,O004492,2025-05-02 14:32:00,,P0039,ST013,In-Store,1.0,75080.0,0.05,Cash,Completed,0.0
6029,O002876,2024-11-23 16:48:00,C00685,P0060,ST099,Online,1.0,20160.0,0.0,M-Pesa,Completed,6.0
6030,O005761,2025-09-13 19:40:00,,P0160,ST013,In-Store,1.0,52970.0,0.2,M pesa,Completed,0.0
6031,O002930,2024-11-28 12:48:00,C01269,P0030,ST017,In-Store,1.0,62130.0,0.0,m-pesa,Completed,0.0
6032,O000779,2024-04-11 17:09:00,C01157,P0013,ST099,Online,2.0,30190.0,0.0,Airtel Money,Completed,3.0
6033,O005657,2025-09-02 20:22:00,C01326,P0088,ST015,In-Store,2.0,10360.0,0.0,M-Pesa,Completed,0.0
6034,O004798,2025-06-03 10:53:00,C00797,P0168,ST008,In-Store,1.0,31350.0,0.0,M-Pesa,Completed,0.0
6035,O000424,2024-02-25 11:54:00,,P0070,ST001,In-Store,1.0,18010.0,0.0,M-Pesa,Completed,0.0
6036,O005275,2025-07-26 11:55:00,C01260,P0175,ST007,In-Store,1.0,15740.0,,Credit/Debit Card,Completed,0.0
6037,O000916,2024-04-25 20:34:00,C00178,P0039,ST006,In-Store,2.0,75080.0,0.0,M-Pesa,Completed,0.0
6038,O000929,2024-04-26 08:47:00,C00229,P0135,ST016,In-Store,2.0,3510.0,0.0,M-Pesa,Completed,0.0
6039,O001696,2024/07/27,C00929,P0162,ST002,In-Store,1.0,42760.0,0.1,Airtel Money,Returned,0.0
6040,O000823,2024-04-14 15:55:00,C00772,P0091,ST018,In-Store,2.0,2270.0,0.0,Mpesa ,COMPLETED,0.0
6041,O004614,2025/05/16,C01191,P0086,ST014,In-Store,1.0,19730.0,0.0,M-Pesa,Completed,0.0
6042,O000864,2024-04-19 15:31:00,C01245,P0160,ST099,Online,1.0,52970.0,0.1,M-Pesa,completed,1.0
6043,O003605,2025-01-19 12:54:00,C01324,P0175,ST016,In-Store,1.0,15740.0,0.0,M-Pesa,Completed,0.0
6044,O006405,2025-11-12 11:58:00,C01144,P0109,ST099,Online,1.0,6990.0,0.0,Airtel Money,Completed,4.0
6045,O002120,2024-09-12 10:10:00,C00302,P0007,ST099,Online,1.0,46260.0,0.0,M-Pesa,Cancelled,5.0
6046,O003070,2024-12-08 10:52:00,C00813,P0140,ST099,Online,1.0,13940.0,0.0,Cash,Completed,4.0
6047,O005694,2025-09-06 11:50:00,C01204,P0059,ST099,Online,3.0,16280.0,0.0,debit card,Completed,5.0
6048,O005202,2025-07-17 11:15:00,C00224,P0004,ST019,In-Store,1.0,38100.0,0.0,AIRTEL MONEY,Returned,0.0
6049,O002089,2024-09-08 08:52:00,,P0198,ST021,In-Store,1.0,35160.0,0.0,Credit/Debit Card,Completed,0.0
6050,O002407,2024-10-11 18:55:00,C00439,P0023,ST016,In-Store,1.0,122960.0,0.0,M-Pesa,Completed,0.0
6051,O001455,2024-06-30 18:09:00,C00084,P0250,ST099,Online,1.0,135600.0,0.0,cash ,Completed,2.0
6052,O001711,2024-07-28 16:30:00,C00780,P0181,ST099,Online,2.0,23170.0,0.0,Cash,Completed,1.0
6053,O003969,2025-03-07 18:05:00,C00001,P0025,ST012,In-Store,1.0,53630.0,0.0,M-Pesa,Returned,0.0
6054,O003923,03/03/2025,C00360,P0111,ST002,In-Store,2.0,3840.0,0.0,Cash,Completed,0.0
6055,O001383,2024-06-21 18:18:00,C00057,P0084,ST020,In-Store,1.0,17830.0,0.0,M-Pesa,Completed,0.0
6056,O006214,2025-10-27 10:33:00,C01073,P0058,ST099,Online,1.0,17000.0,0.0,Mpesa ,Completed,1.0
6057,O000990,2024-05-04 10:52:00,C00161,P0059,ST099,Online,1.0,,0.0,M-Pesa,completed,1.0
6058,O005203,2025-07-18 19:18:00,C00161,P0153,ST023,In-Store,1.0,58800.0,0.0,Airtel-Money,Completed,0.0
6059,O004026,2025-03-15 13:17:00,C00484,P0001,ST099,Online,1.0,85060.0,0.0,Credit/Debit Card,Returned,2.0
6060,O002081,2024-09-07 14:37:00,C00548,P0056,ST010,In-Store,1.0,14270.0,0.0,Airtel Money,Completed,0.0
6061,O000269,2024-02-03 13:01:00,,P0031,ST022,In-Store,2.0,7910.0,0.0,M-Pesa,Completed,0.0
6062,O005831,2025-09-21 14:36:00,C00667,P0198,ST010,In-Store,1.0,35160.0,0.0,MPESA ,Completed,0.0
6063,O001484,2024-07-04 08:35:00,C00467,P0060,ST006,In-Store,1.0,20160.0,0.0,Mpesa ,Completed,0.0
6064,O006413,2025-11-13 09:12:00,C00994,P0098,ST016,In-Store,2.0,10630.0,0.0,mpesa,Completed,0.0
6065,O000189,2024-01-23 15:00:00,C00553,P0174,ST099,Online,4.0,29840.0,0.0,M-Pesa,Completed,1.0
6066,O000287,2024-02-06 09:20:00,C00233,P0030,ST016,In-Store,2.0,62130.0,0.0,Cash,Completed,0.0
6067,O006532,2025-11-24 14:36:00,C00234,P0096,ST010,In-Store,1.0,6270.0,0.0,M-Pesa,COMPLETED,0.0
6068,O004433,2025-04-26 19:04:00,C00882,P0084,ST099,Online,1.0,17830.0,0.0,Mpesa,Completed,1.0
6069,O003602,2025-01-19 17:00:00,C00426,P0058,ST099,Online,3.0,17000.0,0.0,Bank Transfer,Returned,4.0
6070,O004099,2025-03-23 17:35:00,C00276,P0188,ST016,In-Store,3.0,10310.0,0.0,Airtel-Money,cancelled,0.0
6071,O000760,2024-04-08 12:12:00,C01004,P0070,ST022,In-Store,1.0,18010.0,0.0,cash ,completed,0.0
6072,O002060,2024-09-04 18:39:00,C00800,P0008,ST099,Online,1.0,94740.0,0.0,Credit/Debit Card,Completed,5.0
6073,O003945,2025-03-05 20:36:00,C00476,P0058,ST004,In-Store,1.0,17000.0,0.0,M pesa,Completed,0.0
6074,O006524,2025-11-23 15:39:00,,P0005,ST099,Online,1.0,18960.0,0.0,M-Pesa,Completed,2.0
6075,O002153,2024-09-15 13:56:00,C00414,P0058,ST099,Online,2.0,17000.0,,M-Pesa,Completed,5.0
6076,O000860,2024-04-18 09:13:00,C00077,P0056,ST021,In-Store,3.0,14270.0,0.1,Bank Transfer,Completed,0.0
6077,O005196,2025-07-17 08:49:00,C00946,P0162,ST099,Online,1.0,42760.0,0.0,mpesa,Completed,2.0
6078,O000057,2024-01-07 11:22:00,C00086,P0060,ST099,Online,1.0,20160.0,0.0,M-Pesa,Completed,6.0
6079,O006462,2025-11-17 14:41:00,C00668,P0060,ST011,In-Store,1.0,20160.0,0.0,CARD,Completed,0.0
6080,O006191,2025-10-25 10:34:00,C01245,P0174,ST019,In-Store,1.0,29840.0,0.0,M-Pesa,Completed,0.0
6081,O006057,2025-10-11 10:46:00,C01276,P0141,ST008,In-Store,1.0,12880.0,0.0,mpesa,Completed,0.0
6082,O006627,2025-12-01 12:33:00,C00093,P0058,ST099,Online,1.0,17000.0,0.0,M-Pesa,complete,4.0
6083,O005146,2025-07-11 12:32:00,C00612,P0012,ST007,In-Store,1.0,130340.0,0.0,Cash,Completed,0.0
6084,O002271,2024-09-28 15:09:00,C00108,P0128,ST021,In-Store,1.0,13910.0,0.0,Airtel Money,Completed,0.0
6085,O002557,2024-10-26 12:51:00,C00719,P0125,ST018,In-Store,1.0,5710.0,0.0,M-Pesa,Completed,0.0
6086,O003130,2024-12-12 08:37:00,C00636,P0183,ST019,In-Store,1.0,39320.0,0.2,Cash,Completed,0.0
6087,O006489,2025-11-20 08:25:00,C00302,P0084,ST021,In-Store,1.0,17830.0,0.0,Airtel Money,Completed,0.0
6088,O005742,2025-09-11 12:57:00,C00748,P0096,ST011,In-Store,1.0,6270.0,0.0,mpesa,Completed,0.0
6089,O004969,2025-06-24 17:52:00,C00749,P0138,ST010,In-Store,1.0,4780.0,,Credit/Debit Card,Completed,0.0
6090,O001777,2024-08-04 11:16:00,C01183,P0062,ST015,In-Store,1.0,20210.0,0.1,Cash,Completed,0.0
6091,O001615,2024/07/17,C00347,P0056,ST015,In-Store,1.0,14270.0,0.0,M-Pesa,Completed,0.0
6092,O002005,2024-08-30 12:57:00,C00029,P0160,ST023,In-Store,1.0,52970.0,0.0,M-Pesa,Completed,0.0
6093,O000380,2024-02-19 12:29:00,C01083,P0091,ST017 ,In-Store,1.0,2270.0,0.0,Cash,Completed,0.0
6094,O004033,2025-03-16 18:10:00,C00250,P0173,ST015,In-Store,1.0,19620.0,0.0,M-Pesa,Completed,0.0
6095,O001578,2024-07-14 17:09:00,C01181,P0192,ST004,In-Store,1.0,34850.0,0.0,Bank Transfer,Completed,0.0
6096,O002244,2024-09-24 17:47:00,C00843,P0163,ST099,Online,1.0,41210.0,0.0,MPESA ,Completed,5.0
6097,O005890,2025-09-27 19:59:00,C01187,P0159,ST099,Online,1.0,14960.0,0.0,M-Pesa,Completed,2.0
6098,O006562,2025-11-26 20:05:00,C00387,P0062,ST023,In-Store,2.0,20210.0,0.0,M-Pesa,COMPLETED,0.0
6099,O005439,2025-08-11 12:09:00,C00318,P0027,ST005,In-Store,2.0,26240.0,0.05,M-Pesa,Returned,0.0
6100,O001657,2024-07-22 19:42:00,C00721,P0061,ST007,In-Store,1.0,19410.0,0.0,M-Pesa,Completed,0.0
6101,O005907,2025-09-28 15:38:00,C00026,P0010,ST099,Online,1.0,127120.0,0.0,M-Pesa,Completed,1.0
6102,O004162,2025-03-29 16:27:00,,P0086,ST010,In-Store,1.0,19730.0,,M-Pesa,Completed,0.0
6103,O005312,2025-07-29 14:03:00,C00990,P0091,ST004,In-Store,3.0,2270.0,,M-Pesa,Completed,0.0
6104,O005189,2025-07-16 15:00:00,C00942,P0150,ST099,Online,2.0,32640.0,0.05,M-Pesa,Completed,1.0
6105,O003673,2025-01-28 08:48:00,C01060,P0053,ST099,Online,1.0,13410.0,0.0,cash,Completed,3.0
6106,O003182,2024-12-15 11:06:00,C00232,P0084,ST023,In-Store,1.0,17830.0,0.0,M-Pesa,Completed,0.0
6107,O000845,2024-04-17 19:23:00,C00974,P0108,ST010,In-Store,2.0,14950.0,0.0,M-Pesa,complete,0.0
6108,O003347,2024-12-23 17:35:00,C00942,P0016,ST024,In-Store,1.0,38090.0,0.0,mpesa,Completed,0.0
6109,O000850,2024-04-17 16:11:00,C00841,P0008,ST021,In-Store,1.0,94740.0,0.0,M-Pesa,Completed,0.0
6110,O005584,2025/08/25,C00327,P0125,ST009,In-Store,1.0,5710.0,0.0,M-Pesa,Completed,0.0
6111,O004783,2025-06-01 13:32:00,C00114,P0070,ST009,In-Store,2.0,18010.0,0.0,mpesa,Completed,0.0
6112,O004656,2025-05-20 10:29:00,C00988,P0112,ST023,In-Store,1.0,9880.0,0.0,MPESA ,complete,0.0
6113,O004235,2025-04-06 15:51:00,C01212,P0135,ST099,Online,1.0,3510.0,0.05,M pesa,Completed,4.0
6114,O005556,2025-08-23 10:59:00,C00540,P0194,ST019,In-Store,1.0,24550.0,0.0,Mpesa,COMPLETED,0.0
6115,O000487,2024-03-05 09:46:00,C00378,P0069,ST099,Online,1.0,20690.0,0.0,m-pesa,Completed,6.0
6116,O000238,2024-01-28 16:54:00,C00636,P0160,ST011,In-Store,1.0,52970.0,0.0,M-Pesa,returned,0.0
6117,O005900,2025-09-28 20:57:00,C00683,P0027,ST099,Online,1.0,26240.0,0.0,M-Pesa,Completed,4.0
6118,O003623,2025-01-22 13:10:00,C01106,P0135,ST004,In-Store,4.0,3510.0,0.0,Airtel Money,Completed,0.0
6119,O003705,2025-02-01 14:19:00,C01038,P0084,ST099,Online,1.0,17830.0,,Credit/Debit Card,complete,4.0
6120,O003448,2024-12-30 18:57:00,,P0152,ST099,Online,1.0,11580.0,0.0,M-Pesa,Completed,1.0
6121,O006098,2025-10-16 15:42:00,,P0108,ST099,Online,1.0,14950.0,0.0,Credit/Debit Card,Completed,1.0
6122,O005869,2025-09-26 12:01:00,C00629,P0016,ST099,Online,1.0,38090.0,0.0,Credit/Debit Card,completed,2.0
6123,O006408,2025-11-12 13:14:00,C00773,P0007,ST003,In-Store,2.0,46260.0,0.0,Credit/Debit Card,Completed,0.0
6124,O002433,2024-10-13 18:57:00,C00971,P0017,ST008,In-Store,2.0,123410.0,0.0,Credit/Debit Card,Completed,0.0
6125,O001125,2024-05-20 15:17:00,C00898,P0146,ST007,In-Store,1.0,29570.0,0.0,Airtel money,Completed,0.0
6126,O002642,2024-11-03 15:37:00,C01125,P0175,ST014,In-Store,1.0,15740.0,0.2,Bank Transfer,Completed,0.0
6127,O004790,2025-06-02 17:18:00,C00712,P0150,ST016,In-Store,1.0,32640.0,0.0,MPESA ,CANCELLED,0.0
6128,O005043,01/07/2025,C00768,P0165,ST018,In-Store,1.0,45630.0,0.0,mpesa,Completed,0.0
6129,O001358,2024-06-18 17:12:00,C01233,P0086,ST022,In-Store,1.0,19730.0,0.0,Mpesa,Completed,0.0
6130,O002231,2024-09-22 14:56:00,C01324,P0166,ST099,Online,2.0,36200.0,0.0,M-Pesa,complete,6.0
6131,O005728,2025-09-09 16:09:00,C00313,P0173,ST014,In-Store,1.0,19620.0,0.0,Credit/Debit Card,Completed,0.0
6132,O006470,2025-11-18 17:27:00,C00783,P0152,ST099,Online,1.0,11580.0,0.0,M-Pesa,Completed,4.0
6133,O002481,2024-10-19 13:38:00,C00118,P0091,ST099,Online,2.0,2270.0,0.0,Airtel Money,completed,2.0
6134,O000815,2024-04-14 17:58:00,C01212,P0012,ST009,In-Store,1.0,130340.0,0.1,Airtel Money,Completed,0.0
6135,O000557,14-Mar-2024,C00778,P0062,ST099,Online,2.0,20210.0,0.0,Airtel Money,Completed,3.0
6136,O001275,2024-06-09 20:45:00,C00648,P0013,ST099,Online,2.0,30190.0,0.1,Airtel Money,Returned,5.0
6137,O003726,2025-02-04 09:52:00,C01555,P0096,ST016,In-Store,1.0,6270.0,0.0,Bank Transfer,Completed,0.0
6138,O004470,2025-04-29 17:21:00,C00400,P0163,ST099 ,Online,1.0,41210.0,0.05,m-pesa,Completed,3.0
6139,O000814,2024-04-14 18:02:00,C00103,P0150,ST001,In-Store,1.0,32640.0,0.0,M-Pesa,COMPLETED,0.0
6140,O006865,2025-12-17 20:51:00,C00948,P0086,ST099,Online,1.0,19730.0,0.0,Credit/Debit Card,Completed,5.0
6141,O002856,2024-11-21 09:11:00,C00306,P0175,ST005,In-Store,1.0,15740.0,0.05,Bank Transfer,Completed,0.0
6142,O005823,2025-09-20 14:39:00,C01062,P0175,ST021,In-Store,1.0,15740.0,0.0,M-Pesa,Completed,0.0
6143,O004184,2025-03-30 16:18:00,C00984,P0098,ST003,In-Store,2.0,10630.0,0.0,M-Pesa,Completed,0.0
6144,O003282,2024-12-20 09:45:00,C00630,P0120,ST009,In-Store,1.0,10270.0,0.0,debit card,Completed,0.0
6145,O005184,2025-07-15 15:08:00,C00929,P0183,ST099,Online,1.0,39320.0,0.0,M-Pesa,Returned,6.0
6146,O004536,2025-05-06 16:40:00,C00973,P0176,ST001,In-Store,1.0,10760.0,0.0,Credit/Debit Card,Completed,0.0
6147,O004639,19-May-2025,C00872,P0016,ST099,Online,3.0,38090.0,0.0,credit card,Completed,6.0
6148,O007040,2025-12-24 17:24:00,C01185,P0151,ST099,Online,2.0,47660.0,0.0,M-Pesa,Completed,1.0
6149,O006279,2025-11-02 19:49:00,C00538,P0061,ST017,In-Store,1.0,19410.0,0.0,m-pesa,completed,0.0
6150,O005213,2025-07-18 10:03:00,C00288,P0135,ST006,In-Store,1.0,3510.0,0.0,Credit/Debit Card,Completed,0.0
6151,O005665,2025-09-03 14:11:00,C01338,P0188,ST099,Online,2.0,10310.0,0.0,M-Pesa,Returned,3.0
6152,O001844,2024-08-12 17:05:00,C01266,P0159,ST099,Online,1.0,14960.0,0.0,Bank Transfer,Completed,5.0
6153,O005493,2025-08-16 18:15:00,C00984,P0002,ST009,In-Store,1.0,91490.0,0.0,mpesa,Completed,0.0
6154,O001257,07/06/2024,C00773,P0160,ST017,In-Store,4.0,52970.0,0.0,Airtel Money,Returned,0.0
6155,O000208,2024-01-26 15:02:00,C00544,P0111,ST099,Online,1.0,3840.0,0.0,Credit/Debit Card,Cancelled,3.0
6156,O001538,2024-07-08 10:10:00,C01344,P0084,ST099,Online,2.0,17830.0,,Bank Transfer,Completed,3.0
6157,O001616,2024-07-17 20:36:00,C01309,P0103,ST099,Online,3.0,15070.0,0.0,Cash,Completed,1.0
6158,O003780,2025-02-11 10:15:00,C00117,P0183,ST099,Online,1.0,39320.0,0.0,M pesa,Completed,6.0
6159,O004249,2025-04-07 18:59:00,C00572,P0160,ST099,Online,1.0,52970.0,,CASH,Completed,1.0
6160,O000138,2024-01-17 19:34:00,C01045,P0096,ST012,In-Store,1.0,6270.0,0.0,M-Pesa,COMPLETED,0.0
6161,O004283,2025-04-11 17:32:00,C00164,P0125,ST005,In-Store,,5710.0,0.0,Cash,Completed,0.0
6162,O004059,2025-03-19 18:44:00,,P0002,ST099,Online,1.0,91490.0,0.0,M-Pesa,Returned,1.0
6163,O002410,2024-10-12 18:30:00,C00959,P0189,ST099,Online,1.0,32140.0,0.0,Bank Transfer,Completed,1.0
6164,O002503,2024-10-20 13:13:00,C00211,P0129,ST005,In-Store,1.0,10150.0,0.05,Airtel Money,Completed,0.0
6165,O002331,2024-10-04 09:24:00,C01262,P0109,ST015,In-Store,1.0,6990.0,0.0,Credit/Debit Card,Completed,0.0
6166,O003372,2024-12-25 12:57:00,C01233,P0074,ST006,In-Store,2.0,1880.0,0.0,Airtel Money,returned,0.0
6167,O006610,2025-11-30 19:28:00,C01141,P0104,ST099,Online,3.0,3780.0,0.0,M-Pesa,Completed,3.0
6168,O001054,2024-05-11 19:47:00,C00598,P0163 ,ST024,In-Store,1.0,41210.0,0.05,M-Pesa,complete,0.0
6169,O003656,2025-01-25 17:20:00,C00816,P0088,ST006,In-Store,1.0,10360.0,0.0,Credit/Debit Card,Completed,0.0
6170,O002620,2024-11-01 18:29:00,C01074,P0064,ST004,In-Store,1.0,6160.0,0.0,mpesa,Completed,0.0
6171,O006703,2025-12-07 12:17:00,C01226,P0151,ST019,In-Store,2.0,47660.0,0.0,M-Pesa,Completed,0.0
6172,O004233,2025-04-06 09:08:00,C01065,P0058,ST013,In-Store,1.0,17000.0,0.0,M-Pesa,Completed,0.0
6173,O004979,2025-06-24 08:12:00,C00664,P0041,ST004,In-Store,1.0,83810.0,0.0,debit card,Completed,0.0
6174,O005835,2025-09-22 12:59:00,C01001,P0183,ST019,In-Store,1.0,39320.0,,M-Pesa,COMPLETED,0.0
6175,O002012,2024-08-30 18:51:00,C00084,P0033,ST099,Online,1.0,103260.0,0.0,M-Pesa,Completed,6.0
6176,O004806,2025-06-04 18:59:00,C00990,P0060,ST099,Online,1.0,20160.0,0.0,M-Pesa,Completed,3.0
6177,O005253,2025-07-23 17:42:00,C01011,P0176,ST099,Online,4.0,10760.0,0.0,Airtel Money,Completed,2.0
6178,O005853,2025-09-24 13:25:00,C00635,P0040,ST020,In-Store,2.0,126140.0,,M-Pesa,Cancelled,0.0
6179,O006112,2025-10-17 10:15:00,,P0027,ST099,Online,1.0,26240.0,0.0,cash,Completed,5.0
6180,O006113,2025-10-17 15:45:00,C00419,P0196,ST005,In-Store,2.0,20930.0,0.0,m-pesa,Completed,0.0
6181,O006804,2025-12-13 19:49:00,C00669,P0158,ST099,Online,1.0,36400.0,0.1,mpesa,Completed,3.0
6182,O000591,2024-03-18 18:13:00,C01161,P0012,ST008,In-Store,1.0,130340.0,0.0,Bank Transfer,Completed,0.0
6183,O002880,2024-11-24 17:41:00,C01220,P0020,ST099,Online,1.0,10070.0,0.0,M pesa,Completed,6.0
6184,O000879,2024-04-21 12:29:00,C00108,P0183,ST099,Online,1.0,39320.0,0.0,Credit/Debit Card,Returned,1.0
6185,O003636,2025-01-23 15:12:00,C00222,P0004,ST099,Online,1.0,38100.0,0.0,Airtel Money,Completed,2.0
6186,O001041,2024-05-10 08:19:00,C00993,P0063,ST099,Online,2.0,1440.0,0.0,Credit/Debit Card,Completed,4.0
6187,O000347,2024-02-15 13:09:00,C00260,P0160,ST099,Online,1.0,52970.0,0.0,Airtel Money,Completed,1.0
6188,O000840,2024-04-16 19:47:00,C00934,P0061,ST022,In-Store,1.0,19410.0,0.0,Card,Completed,0.0
6189,O006686,2025-12-05 18:48:00,C01009,P0074,ST006,In-Store,,1880.0,0.0,CASH,Completed,0.0
6190,O002471,2024-10-18 16:39:00,C01151,P0095,ST018,In-Store,1.0,4260.0,0.0,M-Pesa,Completed,0.0
6191,O005182,2025-07-15 14:35:00,C01287,P0062 ,ST022,In-Store,2.0,20210.0,0.0,M-Pesa,Returned,0.0
6192,O004151,2025-03-28 14:33:00,C00799,P0024,ST006,In-Store,1.0,85100.0,0.0,M-Pesa,Completed,0.0
6193,O003253,2024-12-19 16:39:00,C00774,P0169,ST011,In-Store,1.0,57960.0,0.05,M-Pesa,Returned,0.0
6194,O001869,2024-08-15 11:08:00,C00200,P0161,ST099,Online,1.0,49910.0,0.0,M-Pesa,Completed,5.0
6195,O006091,2025-10-15 19:03:00,C00691,P0016,ST099,Online,2.0,38090.0,0.15,mpesa,Returned,4.0
6196,O004016,2025-03-14 19:20:00,C00504,P0088,ST004,In-Store,1.0,10360.0,0.0,M-Pesa,Completed,0.0
6197,O003398,2024-12-26 15:56:00,C00564,P0032,ST014,In-Store,1.0,112270.0,0.0,Credit/Debit Card,Completed,0.0
6198,O005064,2025-07-04 18:24:00,C00797,P0027,ST099,Online,1.0,26240.0,0.0,Credit/Debit Card,Completed,3.0
6199,O003721,2025-02-03 13:00:00,C01165,P0148,ST099,Online,1.0,32090.0,0.0,Airtel Money,Completed,2.0
6200,O007067,2025-12-26 10:07:00,C00478,P0041,ST099,Online,1.0,83810.0,,M-Pesa,Returned,2.0
6201,O003163,2024-12-15 19:15:00,C01280,P0171,ST022,In-Store,2.0,48310.0,0.1,m-pesa,Completed,0.0
6202,O003787,2025-02-13 17:50:00,C01131,P0009,ST099,Online,1.0,119240.0,0.0,MPESA ,Completed,2.0
6203,O004617,2025-05-16 19:13:00,C01122,P0146,ST010,In-Store,1.0,29570.0,0.0,M-Pesa,Completed,0.0
6204,O006230,2025-10-29 10:51:00,C00474,P0086,ST006,In-Store,1.0,19730.0,0.0,M pesa,COMPLETED,0.0
6205,O004975,2025-06-24 15:24:00,C00513,P0148,ST099,Online,1.0,32090.0,0.0,Airtel Money,Completed,6.0
6206,O005746,2025-09-11 19:01:00,C00855,P0088,ST099,Online,1.0,10360.0,0.0,Airtel-Money,Completed,2.0
6207,O003451,2024-12-30 15:20:00,C01212,P0072,ST099 ,Online,1.0,1640.0,0.0,Credit/Debit Card,Completed,5.0
6208,O005051,2025-07-02 12:18:00,C00850,P0160,ST099,Online,2.0,52970.0,0.0,Credit/Debit Card,Completed,2.0
6209,O001830,2024-08-11 13:06:00,C00956,P0060,ST005,In-Store,1.0,20160.0,0.0,Bank Transfer,completed,0.0
6210,O003218,2024-12-17 11:52:00,C01349,P0032,ST099,Online,1.0,112270.0,0.1,CASH,Returned,1.0
6211,O003105,2024-12-10 09:33:00,C00087,P0032,ST019,In-Store,1.0,112270.0,0.15,m-pesa,Completed,0.0
6212,O001810,2024-08-07 15:00:00,C00996,P0156 ,ST099,Online,1.0,30350.0,0.15,debit card,Returned,3.0
6213,O004037,2025-03-16 17:24:00,C00890,P0060,ST007,In-Store,1.0,20160.0,0.0,M-Pesa,Completed,0.0
6214,O002904,2024-11-26 13:02:00,C00259,P0125,ST012,In-Store,1.0,5710.0,0.0,M-Pesa,Completed,0.0
6215,O003366,2024-12-24 14:50:00,C00032,P0160,ST006,In-Store,1.0,,0.2,M-Pesa,Completed,0.0
6216,O001192,2024-05-29 10:47:00,C00209,P0004,ST005,In-Store,1.0,38100.0,0.0,M pesa,Completed,0.0
6217,O002235,2024-09-23 11:40:00,C01134,P0040,ST012 ,In-Store,2.0,126140.0,0.0,Airtel Money,Completed,0.0
6218,O005154,2025-07-12 09:03:00,C00199,P0160,ST099,Online,1.0,52970.0,0.05,M-Pesa,Completed,6.0
6219,O004174,2025-03-30 09:12:00,C00705,P0171,ST020,In-Store,1.0,48310.0,0.0,Airtel money,complete,0.0
6220,O005099,2025-07-06 10:13:00,,P0059,ST022,In-Store,1.0,16280.0,0.0,M-Pesa,Completed,0.0
6221,O005354,2025-08-02 17:28:00,C00348,P0084,ST099,Online,2.0,17830.0,0.0,M-Pesa,Completed,3.0
6222,O001359,2024-06-18 20:15:00,C00591,P0060,ST099,Online,1.0,20160.0,0.0,M-Pesa,Completed,1.0
6223,O001487,2024-07-04 13:24:00,C01174,P0010,ST023,In-Store,2.0,127120.0,0.0,Mpesa,Completed,0.0
6224,O003639,2025-01-23 20:54:00,C00140,P0183,ST009,In-Store,2.0,39320.0,0.0,M-Pesa,returned,0.0
6225,O001561,2024-07-12 18:52:00,C01103,P0034,ST099 ,Online,1.0,32600.0,0.0,Credit/Debit Card,Completed,4.0
6226,O003859,2025-02-23 10:15:00,C00900,P0025,ST011,In-Store,2.0,53630.0,0.0,MPESA ,Returned,0.0
6227,O006486,2025-11-19 11:55:00,C00689,P0151 ,ST099,Online,1.0,47660.0,0.0,M-Pesa,Completed,4.0
6228,O003532,2025-01-09 10:28:00,C01007,P0160,ST003,In-Store,1.0,52970.0,0.0,M-Pesa,Cancelled,0.0
6229,O004383,2025-04-21 11:00:00,C00922,P0060,ST099,Online,1.0,20160.0,0.05,mpesa,Returned,1.0
6230,O006530,2025-11-24 18:17:00,C00117,P0074,ST003,In-Store,3.0,1880.0,0.0,Credit/Debit Card,Completed,0.0
6231,O005118,2025-07-08 13:55:00,C01022,P0166,ST099,Online,1.0,36200.0,0.15,M-Pesa,Returned,4.0
6232,O002521,2024-10-22 08:31:00,C00281,P0176,ST008,In-Store,1.0,10760.0,0.05,Airtel-Money,Cancelled,0.0
6233,O006124,18/10/2025,C00416,P0125,ST099,Online,2.0,5710.0,0.0,M-Pesa,Completed,4.0
6234,O000126,2024-01-15 16:07:00,C00987,P0098,ST012,In-Store,1.0,10630.0,0.2,Credit/Debit Card,Completed,0.0
6235,O000365,2024-02-17 19:21:00,C00700,P0080,ST002,In-Store,2.0,4980.0,0.0,Bank Transfer,Completed,0.0
6236,O000115,2024-01-14 17:27:00,C00084,P0074,ST021,In-Store,1.0,1880.0,0.0,CARD,completed,0.0
6237,O006418,2025-11-13 18:48:00,C00557,P0153,ST099,Online,1.0,58800.0,0.0,Credit/Debit Card,Completed,5.0
6238,O005091,2025-07-05 13:51:00,C00668,P0183,ST001,In-Store,1.0,39320.0,0.0,Bank Transfer,Completed,0.0
6239,O004976,2025-06-24 13:49:00,C01194,P0110,ST099,Online,1.0,9580.0,0.0,M-Pesa,Completed,5.0
6240,O005201,2025-07-17 15:43:00,C00193,P0034,ST099,Online,1.0,32600.0,0.2,M pesa,Completed,3.0
6241,O000620,2024-03-22 20:40:00,C00552,P0016,ST015,In-Store,1.0,38090.0,0.0,m-pesa,Completed,0.0
6242,O005625,2025-08-30 08:12:00,C00207,P0108,ST023,In-Store,1.0,14950.0,0.1,Credit/Debit Card,Completed,0.0
6243,O002573,2024-10-27 20:25:00,C00090,P0089,ST020,In-Store,1.0,7140.0,0.0,M-Pesa,completed,0.0
6244,O006316,2025-11-05 16:18:00,C01050,P0188,ST008,In-Store,1.0,10310.0,0.0,Airtel Money,Completed,0.0
6245,O005150,2025-07-12 15:05:00,,P0013,ST003,In-Store,2.0,30190.0,0.0,Mpesa,Completed,0.0
6246,O006859,2025-12-16 15:03:00,C01054,P0082,ST007,In-Store,1.0,2840.0,0.1,m-pesa,Completed,0.0
6247,O004685,2025-05-23 15:53:00,C01326,P0168,ST099,Online,1.0,31350.0,0.0,Bank Transfer,complete,6.0
6248,O001691,2024-07-26 11:47:00,C00212,P0153,ST099,Online,1.0,58800.0,0.0,Cash,Returned,2.0
6249,O002015,2024-08-30 17:34:00,C00306,P0183,ST011,In-Store,2.0,39320.0,0.0,debit card,Completed,0.0
6250,O001995,2024-08-28 14:47:00,C00963,P0160,ST013,In-Store,2.0,52970.0,0.0,M-Pesa,Completed,0.0
6251,O005402,08-Aug-2025,,P0062,ST099,Online,1.0,20210.0,0.0,Credit/Debit Card,Completed,3.0
6252,O001528,2024-07-07 12:20:00,C00906,P0116,ST002,In-Store,1.0,13190.0,0.0,Airtel Money,Completed,0.0
6253,O005922,2025-09-30 10:18:00,C00732,P0013,ST013,In-Store,1.0,30190.0,0.0,mpesa,Completed,0.0
6254,O006817,2025-12-14 13:57:00,C00827,P0116,ST099,Online,2.0,13190.0,0.0,M-PESA,Completed,6.0
6255,O001504,2024-07-06 19:04:00,C00700,P0156,ST003,In-Store,1.0,30350.0,0.0,Bank Transfer,Cancelled,0.0
6256,O003174,2024-12-15 19:14:00,C00036,P0074,ST099,Online,1.0,1880.0,0.05,M-Pesa,Completed,2.0
6257,O004578,2025-05-11 19:10:00,C00306,P0146,ST024,In-Store,1.0,29570.0,0.0,M-Pesa,Completed,0.0
6258,O005256,2025-07-23 08:02:00,,P0104,ST008,In-Store,1.0,3780.0,0.0,M-Pesa,Completed,0.0
6259,O005675,2025-09-04 16:31:00,C01280,P0164,ST099,Online,1.0,18800.0,0.15,M-Pesa,Completed,1.0
6260,O000977,2024-05-02 20:26:00,C00021,P0009,ST004,In-Store,2.0,119240.0,0.0,Mpesa ,Completed,0.0
6261,O006447,2025-11-16 13:52:00,C00697,P0160,ST003,In-Store,1.0,52970.0,0.0,cash ,COMPLETED,0.0
6262,O003749,2025-02-08 14:17:00,C01172,P0196,ST009,In-Store,2.0,20930.0,0.0,m-pesa,Completed,0.0
6263,O004477,2025-04-30 18:39:00,C01261,P0056,ST020,In-Store,1.0,14270.0,,AIRTEL MONEY,Returned,0.0
6264,O004254,2025-04-08 16:36:00,C00233,P0123,ST022,In-Store,1.0,7870.0,0.0,Bank Transfer,Cancelled,0.0
6265,O003050,2024-12-07 19:13:00,C00396,P0096,ST099,Online,1.0,6270.0,0.0,Airtel Money,Cancelled,4.0
6266,O001732,2024-07-30 18:14:00,C00235,P0005,ST023,In-Store,1.0,18960.0,0.0,Airtel Money,returned,0.0
6267,O000478,2024-03-03 19:03:00,C01112,P0034,ST019,In-Store,1.0,32600.0,0.0,Cash,Completed,0.0
6268,O001801,2024-08-06 09:24:00,C01280,P0109,ST099,Online,1.0,6990.0,0.0,Airtel Money,Returned,1.0
6269,O001008,2024-05-06 13:40:00,C01267,P0181,ST099,Online,1.0,23170.0,0.0,M-Pesa,Completed,5.0
6270,O005488,2025-08-16 18:40:00,C00736,P0005,ST004,In-Store,1.0,18960.0,0.0,Mpesa,Completed,0.0
6271,O000633,2024-03-23 08:31:00,C01052,P0160,ST099,Online,1.0,52970.0,0.0,M-Pesa,Completed,2.0
6272,O006123,2025-10-18 13:16:00,C00636,P0146,ST014,In-Store,1.0,29570.0,0.0,M-Pesa,Completed,0.0
6273,O006347,2025-11-07 08:14:00,C00812,P0128,ST099,Online,1.0,13910.0,0.0,M-Pesa,Completed,5.0
6274,O002646,2024-11-03 16:44:00,C00026,P0119,ST099,Online,1.0,10780.0,0.0,Airtel Money,completed,2.0
6275,O004739,28-May-2025,C01036,P0106,ST021,In-Store,1.0,12940.0,0.0,M-Pesa,complete,0.0
6276,O001529,2024-07-07 13:27:00,C01244,P0091,ST023,In-Store,1.0,2270.0,0.0,M-Pesa,complete,0.0
6277,O006682,2025-12-05 08:15:00,C01142,P0173,ST099,Online,2.0,19620.0,0.0,M-Pesa,Completed,2.0
6278,O001395,2024-06-23 13:43:00,C00284,P0043,ST018,In-Store,1.0,20360.0,0.0,M pesa,Completed,0.0
6279,O006868,2025-12-17 12:46:00,C00268,P0062,ST018,In-Store,1.0,20210.0,,M-Pesa,complete,0.0
6280,O004591,2025-05-12 14:28:00,C00247,P0165,ST099,Online,1.0,45630.0,0.0,CARD,COMPLETED,2.0
6281,O005836,2025-09-22 10:40:00,C01332,P0058,ST013,In-Store,1.0,17000.0,0.0,Credit/Debit Card,Completed,0.0
6282,O004213,2025-04-03 17:42:00,C00640,P0088,ST001,In-Store,1.0,10360.0,0.0,M-Pesa,Completed,0.0
6283,O002330,2024-10-04 12:30:00,C01331,P0041,ST024,In-Store,1.0,83810.0,0.0,M-Pesa,Completed,0.0
6284,O006334,06-Nov-2025,C01187,P0084,ST012,In-Store,1.0,17830.0,0.0,Mpesa ,completed,0.0
6285,O004716,2025-05-26 13:47:00,C00968,P0004,ST002,In-Store,1.0,38100.0,0.0,Credit/Debit Card,Completed,0.0
6286,O005187,2025-07-16 11:26:00,C00562,P0013,ST020,In-Store,1.0,30190.0,,M-Pesa,Completed,0.0
6287,O002936,2024-11-28 17:37:00,C00207,P0074,ST017,In-Store,1.0,1880.0,0.1,Credit/Debit Card,Completed,0.0
6288,O006412,2025-11-13 10:27:00,C00544,P0183,ST099,Online,1.0,39320.0,0.0,M-Pesa,Completed,6.0
6289,O002459,2024-10-16 14:43:00,C01106,P0086,ST013,In-Store,1.0,19730.0,0.0,Mpesa ,Completed,0.0
6290,O005573,2025-08-24 14:07:00,C00759,P0183,ST017,In-Store,3.0,39320.0,0.0,Mpesa,Completed,0.0
6291,O004866,2025-06-11 18:37:00,C00179,P0160,ST099,Online,1.0,52970.0,0.0,M-Pesa,Completed,2.0
6292,O006778,2025-12-11 08:00:00,C00185,P0110,ST099,Online,1.0,9580.0,0.0,M-Pesa,COMPLETED,2.0
6293,O005247,2025-07-23 10:07:00,C01011,P0091,ST017,In-Store,1.0,2270.0,0.0,m-pesa,Completed,0.0
6294,O002991,2024-12-03 12:10:00,C00161,P0091,ST002,In-Store,1.0,2270.0,0.0,credit card,Completed,0.0
6295,O002917,2024-11-27 08:36:00,,P0010,ST099,Online,1.0,127120.0,0.0,Mpesa,COMPLETED,2.0
6296,O003330,2024-12-22 13:35:00,C00744,P0005,ST022,In-Store,1.0,18960.0,0.0,Bank Transfer,Completed,0.0
6297,O002619,2024-11-01 20:27:00,C00504,P0071,ST009,In-Store,1.0,4850.0,0.0,M-Pesa,Completed,0.0
6298,O001998,2024-08-29 10:23:00,C01340,P0084,ST099,Online,1.0,17830.0,0.0,cash,Completed,4.0
6299,O004302,2025-04-13 15:06:00,C01047,P0160,ST023,In-Store,2.0,52970.0,0.0,Mpesa,Completed,0.0
6300,O005104,2025-07-06 12:01:00,C00856,P0171,ST015,In-Store,1.0,48310.0,0.2,M-PESA,COMPLETED,0.0
6301,O003116,2024-12-11 16:02:00,C01135,P0032,ST006,In-Store,2.0,112270.0,0.0,Credit/Debit Card,Completed,0.0
6302,O001808,2024-08-07 12:26:00,C01064,P0160,ST099,Online,1.0,52970.0,0.0,M-Pesa,Completed,1.0
6303,O004497,2025-05-03 10:10:00,C00763,P0122,ST099,Online,1.0,1050.0,0.0,airtel money,Completed,6.0
6304,O001993,2024-08-28 14:48:00,C00710,P0107,ST099,Online,3.0,13230.0,0.0,M-Pesa,Completed,2.0
6305,O001571,2024-07-13 19:38:00,C00861,P0008,ST008,In-Store,1.0,94740.0,0.1,M-Pesa,Completed,0.0
6306,O002596,2024-10-30 16:14:00,C00313,P0165,ST023,In-Store,1.0,45630.0,0.0,M-Pesa,Completed,0.0
6307,O003956,2025-03-06 11:10:00,C00156,P0152,ST013,In-Store,1.0,11580.0,0.2,airtel money,Completed,0.0
6308,O001201,2024-05-31 08:32:00,C00386,P0104,ST002,In-Store,2.0,3780.0,0.1,M-Pesa,Completed,0.0
6309,O002369,2024-10-08 10:45:00,C00295,P0022,ST099,Online,2.0,63380.0,0.0,Credit/Debit Card,Completed,4.0
6310,O003597,2025-01-18 14:25:00,C01115,P0061,ST003,In-Store,1.0,19410.0,0.0,Airtel Money,Completed,0.0
6311,O000470,2024-03-03 10:20:00,C01233,P0169,ST012,In-Store,1.0,57960.0,0.0,M-Pesa,complete,0.0
6312,O006554,2025-11-26 18:58:00,,P0135,ST099,Online,2.0,3510.0,0.0,Airtel money,Completed,1.0
6313,O003052,2024-12-07 16:45:00,C00569,P0080,ST018,In-Store,1.0,4980.0,0.25,Mpesa,Completed,0.0
6314,O004955,2025-06-22 12:17:00,C01265,P0141,ST008,In-Store,1.0,12880.0,0.0,M-Pesa,Completed,0.0
6315,O000865,2024-04-19 15:46:00,C01105,P0045,ST002,In-Store,1.0,20960.0,0.0,M-Pesa,Completed,0.0
6316,O000086,2024-01-11 09:03:00,C01193,P0080,ST015,In-Store,,4980.0,0.0,Airtel Money,COMPLETED,0.0
6317,O000533,2024-03-10 11:30:00,C01163 ,P0086,ST006,In-Store,1.0,19730.0,0.0,M-PESA,Completed,0.0
6318,O001100,2024-05-18 15:59:00,C01287,P0032,ST099,Online,1.0,112270.0,0.0,Cash,Completed,1.0
6319,O002343,2024-10-05 17:37:00,C00884,P0150,ST002,In-Store,1.0,32640.0,0.0,Mpesa,Returned,0.0
6320,O004471,2025-04-29 08:12:00,C00362,P0172,ST003,In-Store,2.0,38980.0,0.0,M-Pesa,Completed,0.0
6321,O004359,2025-04-19 16:33:00,C01210,P0074,ST099 ,Online,1.0,1880.0,0.0,Bank Transfer,completed,5.0
6322,O005708,2025-09-07 13:19:00,C00505,P0080,ST001,In-Store,1.0,4980.0,0.0,M-Pesa,Completed,0.0
6323,O005596,2025-08-27 20:48:00,C00601,P0140,ST099,Online,1.0,13940.0,0.0,M-Pesa,Completed,1.0
6324,O000166,2024-01-21 09:14:00,C00798,P0159,ST003,In-Store,2.0,14960.0,0.0,M-Pesa,Completed,0.0
6325,O004018,2025-03-14 12:12:00,C01126,P0013,ST019,In-Store,2.0,30190.0,0.0,Cash,Completed,0.0
6326,O006507,2025-11-22 10:24:00,C00639,P0039,ST006,In-Store,1.0,75080.0,0.0,M-Pesa,Completed,0.0
6327,O004567,2025-05-10 09:49:00,C00450,P0105,ST006,In-Store,1.0,15970.0,0.0,CARD,Completed,0.0
6328,O000877,2024-04-20 14:39:00,C00087,P0160,ST099,Online,1.0,52970.0,0.15,Bank Transfer,Completed,1.0
6329,O000184,2024-01-23 12:54:00,C00973,P0086,ST022,In-Store,2.0,19730.0,0.0,M-Pesa,Completed,0.0
6330,O002164,2024-09-15 18:22:00,C01164,P0070,ST099,Online,1.0,18010.0,0.0,Airtel Money,Completed,5.0
6331,O002478,2024-10-18 10:24:00,C00410,P0002,ST012,In-Store,2.0,91490.0,0.0,M-Pesa,Completed,0.0
6332,O001477,2024-07-02 16:03:00,C00550,P0181,ST099,Online,1.0,23170.0,0.0,M-Pesa,Completed,4.0
6333,O000134,2024-01-17 13:47:00,C00878,P0179,ST099,Online,1.0,40350.0,0.0,M-Pesa,Completed,4.0
6334,O002419,2024-10-12 20:35:00,C01036,P0086,ST099,Online,1.0,19730.0,0.0,M-Pesa,completed,1.0
6335,O003935,2025-03-04 13:27:00,C00329,P0141 ,ST099,Online,2.0,12880.0,0.0,Airtel Money,Completed,3.0
6336,O006407,2025-11-12 13:44:00,C00412,P0160,ST099,Online,1.0,52970.0,0.0,M-Pesa,COMPLETED,6.0
6337,O005947,2025-10-03 13:39:00,,P0156,ST001,In-Store,3.0,30350.0,0.0,M-Pesa,Completed,0.0
6338,O004431,2025-04-25 12:24:00,C01000,P0011,ST003,In-Store,1.0,25490.0,0.0,credit card,Completed,0.0
6339,O003651,2025-01-25 19:57:00,C00712,P0178,ST099,Online,1.0,31250.0,0.1,M-Pesa,Completed,2.0
6340,O004414,2025-04-23 19:02:00,C00459,P0091,ST020,In-Store,4.0,2270.0,0.0,Credit/Debit Card,Completed,0.0
6341,O002899,2024-11-25 13:39:00,C00875,P0034,ST099,Online,3.0,32600.0,0.0,cash,Completed,6.0
6342,O002102,2024-09-09 14:26:00,C01165,P0056,ST024,In-Store,1.0,14270.0,,M-Pesa,Completed,0.0
6343,O006739,2025-12-09 08:09:00,C00154,P0128,ST099,Online,1.0,13910.0,0.0,AIRTEL MONEY,COMPLETED,4.0
6344,O003869,2025-02-24 11:16:00,C00929,P0056,ST022,In-Store,1.0,14270.0,0.0,Bank Transfer,Completed,0.0
6345,O002574,2024-10-27 19:52:00,C01258,P0183,ST099,Online,1.0,39320.0,0.0,M-Pesa,Completed,3.0
6346,O002502,2024-10-20 14:49:00,C01283,P0183,ST022,In-Store,1.0,39320.0,0.0,M-Pesa,complete,0.0
6347,O006620,2025-11-30 14:57:00,C00589,P0175,ST099,Online,1.0,15740.0,0.0,Credit/Debit Card,Completed,2.0
6348,O002728,2024-11-10 18:03:00,C00210,P0103,ST006,In-Store,1.0,15070.0,0.0,M-Pesa,Completed,0.0
6349,O004559,2025-05-09 10:17:00,C00536,P0159,ST022,In-Store,1.0,14960.0,,M-Pesa,Completed,0.0
6350,O001232,2024-06-03 10:58:00,C01052,P0151,ST014,In-Store,2.0,47660.0,0.0,Credit/Debit Card,Returned,0.0
6351,O004644,2025-05-19 16:14:00,C00821,P0160,ST099,Online,1.0,52970.0,0.15,CARD,complete,2.0
6352,O005471,2025-08-14 16:40:00,C01212,P0013,ST099,Online,1.0,30190.0,0.0,M-Pesa,Completed,5.0
6353,O005587,2025-08-26 16:03:00,C01342,P0119,ST021,In-Store,1.0,10780.0,0.0,Mpesa,Cancelled,0.0
6354,O000645,2024-03-24 11:54:00,C00444,P0180,ST009,In-Store,1.0,18660.0,0.0,M pesa,Completed,0.0
6355,O006663,2025-12-04 20:21:00,C00339,P0146,ST099,Online,1.0,29570.0,0.0,M-Pesa,Completed,6.0
6356,O003099,2024-12-10 16:49:00,C00627,P0151,ST099,Online,1.0,47660.0,0.0,Cash,Completed,2.0
6357,O005934,2025-10-01 11:21:00,C00617,P0160,ST006,In-Store,1.0,52970.0,0.0,mpesa,Completed,0.0
6358,O004958,2025-06-22 10:52:00,C00939,P0166,ST099,Online,1.0,36200.0,0.0,Bank Transfer,Completed,1.0
6359,O002301,2024-09-30 10:52:00,C00987,P0074,ST099,Online,2.0,1880.0,0.0,M-Pesa,Returned,1.0
6360,O003032,2024-12-06 17:05:00,C00774,P0013,ST006,In-Store,1.0,30190.0,0.1,m-pesa,Completed,0.0
6361,O007051,2025-12-25 14:39:00,C00485,P0081,ST012,In-Store,3.0,14340.0,0.0,Cash,Completed,0.0
6362,O000694,2024-03-30 16:24:00,C00832,P0079,ST003,In-Store,1.0,17060.0,0.0,Cash,Completed,0.0
6363,O001466,2024/07/01,C00707,P0181,ST099,Online,2.0,23170.0,0.0,Bank Transfer,Completed,4.0
6364,O006961,2025-12-21 10:32:00,C01133,P0060,ST099,Online,1.0,20160.0,0.0,M-Pesa,Completed,5.0
6365,O005678,2025-09-04 19:24:00,C00208,P0163,ST099,Online,2.0,41210.0,,CASH,complete,6.0
6366,O002027,2024-08-31 19:13:00,C00410,P0096,ST099,Online,1.0,6270.0,0.1,M-Pesa,Returned,1.0
6367,O004311,2025-04-14 14:29:00,C01196,P0125,ST009,In-Store,2.0,5710.0,0.0,M-Pesa,completed,0.0
6368,O001280,2024-06-09 15:25:00,C00839,P0183,ST007,In-Store,1.0,39320.0,0.0,M-Pesa,Completed,0.0
6369,O000545,12/03/2024,C00703,P0062,ST012,In-Store,2.0,20210.0,,cash,Completed,0.0
6370,O002751,2024-11-12 20:46:00,C00564,P0060,ST099,Online,1.0,20160.0,0.05,M-PESA,Completed,2.0
6371,O006142,2025-10-21 14:40:00,C01285,P0160,ST014,In-Store,2.0,52970.0,0.0,M-Pesa,Completed,0.0
6372,O005591,2025-08-26 10:04:00,C00769,P0160,ST022,In-Store,1.0,52970.0,0.0,M-PESA,Completed,0.0
6373,O005777,2025-09-15 20:25:00,C00411,P0030,ST099,Online,1.0,62130.0,0.0,M-Pesa,Completed,6.0
6374,O004062,2025-03-19 20:50:00,C00905,P0159,ST008,In-Store,1.0,14960.0,0.0,M-Pesa,Completed,0.0
6375,O002479,2024-10-19 16:28:00,C00841,P0141,ST099,Online,1.0,12880.0,0.0,M-Pesa,Completed,1.0
6376,O006618,2025-11-30 18:45:00,C00473,P0104,ST021,In-Store,1.0,3780.0,0.0,M-Pesa,Completed,0.0
6377,O001991,2024-08-28 11:48:00,C00667,P0005,ST011,In-Store,1.0,18960.0,0.0,MPESA ,Completed,0.0
6378,O005370,2025-08-04 14:35:00,C00197,P0063,ST099,Online,2.0,1440.0,0.0,M-Pesa,Completed,5.0
6379,O002906,2024-11-26 12:29:00,C00896,P0188,ST099,Online,1.0,10310.0,0.0,M-Pesa,Completed,3.0
6380,O003004,2024-12-03 12:44:00,C00320,P0198,ST003,In-Store,4.0,35160.0,0.05,cash,Completed,0.0
6381,O002388,2024-10-09 08:47:00,C00303,P0060,ST099,Online,1.0,20160.0,0.0,Credit/Debit Card,Completed,4.0
6382,O000219,2024-01-27 20:37:00,C00873,P0160,ST018,In-Store,1.0,52970.0,0.0,Credit/Debit Card,Completed,0.0
6383,O006849,2025-12-16 13:59:00,C01007,P0159,ST008,In-Store,1.0,14960.0,0.0,Mpesa ,complete,0.0
6384,O000556,2024-03-14 09:56:00,,P0070,ST021,In-Store,1.0,18010.0,0.0,Credit/Debit Card,Completed,0.0
6385,O004157,2025-03-29 14:51:00,C00389,P0023,ST099,Online,1.0,122960.0,0.0,m-pesa,COMPLETED,5.0
6386,O002940,2024-11-28 13:41:00,C00793,P0060,ST023,In-Store,1.0,20160.0,,M-Pesa,Completed,0.0
6387,O005539,2025-08-21 12:42:00,C00681,P0086,ST099,Online,1.0,19730.0,0.0,M-Pesa,Completed,2.0
6388,O006186,2025-10-25 08:17:00,C00308,P0152,ST004,In-Store,1.0,11580.0,0.0,Cash,Returned,0.0
6389,O001736,2024-07-30 15:43:00,C00369,P0151,ST010,In-Store,2.0,47660.0,0.0,M-Pesa,Completed,0.0
6390,O002061,2024-09-04 16:23:00,C01233,P0063,ST008,In-Store,1.0,1440.0,0.0,Bank Transfer,Completed,0.0
6391,O002023,2024-08-31 14:50:00,C01210,P0025,ST022,In-Store,1.0,53630.0,0.0,Credit/Debit Card,Completed,0.0
6392,O004003,2025-03-12 19:58:00,C00203,P0025,ST099,Online,1.0,53630.0,0.0,Airtel Money,Returned,6.0
6393,O006302,2025/11/03,C00507,P0111,ST099,Online,1.0,3840.0,0.0,Bank Transfer,Completed,1.0
6394,O003871,2025-02-24 09:57:00,C00414,P0010,ST010,In-Store,2.0,127120.0,0.1,M-Pesa,Returned,0.0
6395,O006800,2025-12-13 16:31:00,C00928,P0092,ST014,In-Store,2.0,2840.0,0.0,Credit/Debit Card,Completed,0.0
6396,O006698,2025-12-06 09:28:00,C00262,P0060,ST010,In-Store,1.0,20160.0,0.15,Mpesa,Completed,0.0
6397,O001840,2024-08-12 10:34:00,C01012,P0091,ST011,In-Store,1.0,2270.0,0.0,cash,Completed,0.0
6398,O005084,2025-07-05 15:26:00,C00973,P0116,ST099,Online,1.0,13190.0,0.0,Bank Transfer,Completed,5.0
6399,O006824,2025-12-15 18:40:00,C00463,P0012,ST009,In-Store,1.0,,0.05,Credit/Debit Card,RETURNED,0.0
6400,O002107,2024-09-10 15:12:00,,P0084,ST099,Online,3.0,17830.0,0.0,M-Pesa,Completed,6.0
6401,O003944,2025-03-05 09:55:00,C00302,P0183,ST004,In-Store,2.0,39320.0,0.0,M pesa,Completed,0.0
6402,O003939,2025-03-04 09:35:00,C00985,P0009,ST099,Online,1.0,119240.0,0.0,Airtel Money,Completed,4.0
6403,O000664,26-Mar-2024,C01197,P0025,ST099,Online,1.0,53630.0,,Cash,Completed,6.0
6404,O001642,2024-07-20 10:16:00,C01257,P0034,ST001,In-Store,2.0,32600.0,0.0,Credit/Debit Card,Returned,0.0
6405,O000346,2024-02-15 16:31:00,C01109,P0174,ST002,In-Store,3.0,29840.0,0.0,M-Pesa,completed,0.0
6406,O005676,2025-09-04 12:51:00,C00320,P0017,ST099,Online,1.0,123410.0,0.0,M-Pesa,Completed,2.0
6407,O000303,2024-02-08 09:15:00,C00764,P0086,ST020,In-Store,1.0,19730.0,0.0,AIRTEL MONEY,Completed,0.0
6408,O006308,2025-11-04 15:51:00,C00475,P0062,ST022,In-Store,2.0,20210.0,0.0,mpesa,Completed,0.0
6409,O005980,05/10/2025,C00622,P0173,ST010,In-Store,1.0,19620.0,0.0,M-Pesa,Completed,0.0
6410,O006710,2025-12-07 15:06:00,C00562,P0086,ST010,In-Store,4.0,19730.0,0.2,CASH,Completed,0.0
6411,O002589,29/10/2024,C00839,P0168,ST099,Online,1.0,31350.0,0.1,Credit/Debit Card,Completed,2.0
6412,O003619,2025-01-20 20:28:00,C00385,P0183,ST024,In-Store,1.0,39320.0,0.0,Mpesa ,Returned,0.0
6413,O004303,2025-04-13 14:32:00,C00716,P0135,ST016,In-Store,1.0,3510.0,0.0,credit card,Completed,0.0
6414,O005832,2025-09-21 15:24:00,C01205,P0189,ST099,Online,1.0,32140.0,0.0,cash,returned,6.0
6415,O005004,2025-06-27 08:20:00,C00239,P0071,ST099,Online,1.0,4850.0,0.0,m-pesa,Completed,6.0
6416,O005011,2025-06-28 10:06:00,C00905,P0040,ST099,Online,1.0,126140.0,0.15,M-Pesa,Returned,3.0
6417,O003678,2025-01-29 08:02:00,C01078,P0096,ST005,In-Store,1.0,6270.0,0.0,Cash,Completed,0.0
6418,O002406,2024-10-11 17:23:00,C00831,P0125,ST014,In-Store,1.0,5710.0,0.0,M-Pesa,Completed,0.0
6419,O006327,2025-11-06 13:30:00,C00919,P0198,ST022,In-Store,1.0,35160.0,0.15,Airtel Money,Completed,0.0
6420,O007112,2025-12-29 20:39:00,C01070,P0084,ST099,Online,1.0,17830.0,0.0,mpesa,Completed,5.0
6421,O001040,2024-05-10 09:41:00,C00633,P0010,ST020,In-Store,1.0,127120.0,,Mpesa ,Completed,0.0
6422,O006150,2025-10-22 18:07:00,C00195,P0060,ST023,In-Store,1.0,20160.0,0.0,M pesa,Returned,0.0
6423,O004697,2025-05-24 08:10:00,C01221,P0024,ST018,In-Store,1.0,85100.0,0.0,M-Pesa,Completed,0.0
6424,O005400,2025-08-08 08:50:00,C01187,P0060,ST015,In-Store,1.0,,,M-Pesa,Completed,0.0
6425,O003701,2025-02-01 12:00:00,C00674,P0159,ST099,Online,1.0,14960.0,0.0,M-Pesa,Completed,2.0
6426,O003817,2025-02-17 10:09:00,C00188,P0025,ST099,Online,1.0,53630.0,0.0,m-pesa,Completed,4.0
6427,O005871,2025-09-26 10:22:00,C00956,P0146,ST022,In-Store,1.0,29570.0,0.0,M-Pesa,Completed,0.0
6428,O001230,2024-06-03 20:44:00,,P0164,ST023,In-Store,1.0,18800.0,0.0,M-Pesa,Completed,0.0
6429,O006810,2025-12-13 19:37:00,C00668,P0111,ST099,Online,1.0,3840.0,,M-Pesa,Returned,6.0
6430,O003806,2025-02-15 12:37:00,C00150,P0159,ST011,In-Store,1.0,14960.0,0.0,Credit/Debit Card,Completed,0.0
6431,O001584,2024-07-15 15:10:00,C01205,P0116,ST099,Online,1.0,13190.0,0.0,M-Pesa,complete,5.0
6432,O005911,2025-09-29 17:23:00,C00774,P0080,ST099,Online,1.0,4980.0,0.0,M-Pesa,Completed,6.0
6433,O001944,2024-08-23 19:45:00,C00998,P0160,ST011,In-Store,1.0,52970.0,0.0,M-Pesa,Returned,0.0
6434,O006228,2025-10-29 16:09:00,C00984,P0135,ST099,Online,1.0,3510.0,0.0,M-PESA,Completed,2.0
6435,O001593,2024-07-16 10:36:00,C00141,P0013,ST099,Online,1.0,30190.0,0.0,M-Pesa,Completed,4.0
6436,O004217,2025-04-03 20:47:00,C00154,P0175,ST099,Online,1.0,15740.0,0.0,airtel money,Completed,6.0
6437,O000657,2024/03/25,C01159,P0080,ST023,In-Store,3.0,4980.0,0.0,M-Pesa,Completed,0.0
6438,O005894,2025-09-27 16:27:00,C00884,P0012,ST024,In-Store,2.0,130340.0,0.2,m-pesa,Returned,0.0
6439,O002197,2024-09-20 19:49:00,C01051,P0151,ST099,Online,1.0,47660.0,0.0,debit card,Completed,5.0
6440,O006915,2025-12-19 08:52:00,C00177,P0083,ST099,Online,1.0,14200.0,0.0,M-Pesa,Completed,3.0
6441,O003199,2024-12-16 08:39:00,C00281,P0163,ST003,In-Store,2.0,41210.0,0.0,Bank Transfer,Completed,0.0
6442,O006204,2025-10-26 16:13:00,C01074,P0062,ST014,In-Store,1.0,20210.0,0.0,M-Pesa,Completed,0.0
6443,O001898,2024-08-18 13:30:00,C00311,P0152,ST007,In-Store,1.0,11580.0,0.0,Mpesa ,Cancelled,0.0
6444,O006036,2025-10-10 15:46:00,C00889,P0188,ST099,Online,1.0,10310.0,0.0,M-Pesa,Completed,3.0
6445,O003565,2025-01-13 08:50:00,C00334,P0098,ST002,In-Store,2.0,10630.0,0.0,M-Pesa,complete,0.0
6446,O004226,2025-04-05 13:55:00,C00177,P0154,ST022,In-Store,1.0,14610.0,0.05,Cash,Completed,0.0
6447,O005582,25-Aug-2025,C00693,P0176,ST099,Online,1.0,10760.0,0.1,Card,Completed,4.0
6448,O001726,2024-07-29 11:42:00,,P0160,ST099,Online,,52970.0,0.05,Airtel Money,Completed,5.0
6449,O000135,2024-01-17 11:07:00,C00646,P0051,ST099,Online,1.0,20210.0,0.0,Credit/Debit Card,Completed,2.0
6450,O004088,22-Mar-2025,C00236,P0023,ST020,In-Store,1.0,122960.0,0.0,Mpesa ,Completed,0.0
6451,O004348,2025-04-18 13:05:00,C01245,P0062,ST021,In-Store,1.0,20210.0,0.0,M-Pesa,Completed,0.0
6452,O005171,2025-07-13 10:16:00,C00209,P0023,ST099,Online,1.0,122960.0,0.0,M-Pesa,completed,4.0
6453,O001882,17/08/2024,C00475,P0151,ST099,Online,1.0,47660.0,0.0,MPESA ,Returned,6.0
6454,O004796,2025-06-03 09:42:00,C00263,P0035,ST010,In-Store,1.0,300400.0,0.2,M-Pesa,Completed,0.0
6455,O006556,2025-11-26 15:20:00,C00331,P0004,ST001,In-Store,1.0,38100.0,0.0,Airtel Money,Completed,0.0
6456,O000574,2024-03-17 11:15:00,C00462,P0060,ST011,In-Store,1.0,20160.0,0.0,M-Pesa,Completed,0.0
6457,O003154,2024-12-14 10:10:00,C00007,P0135,ST023,In-Store,1.0,3510.0,0.0,credit card,Completed,0.0
6458,O000240,2024-01-29 10:40:00,C00385,P0012,ST099,Online,2.0,130340.0,0.0,cash ,Returned,6.0
6459,O005524,2025-08-20 20:16:00,C00800,P0018,ST099,Online,1.0,79380.0,0.05,M-Pesa,Completed,1.0
6460,O002374,2024-10-08 14:34:00,C00502,P0012,ST099,Online,1.0,130340.0,,Cash,Completed,5.0
6461,O006148,22-Oct-2025,C01053,P0010,ST012,In-Store,1.0,127120.0,0.0,M-Pesa,completed,0.0
6462,O006528,2025-11-23 17:58:00,C01234,P0023,ST099,Online,1.0,122960.0,0.0,MPESA ,Returned,4.0
6463,O000957,2024-04-29 17:58:00,,P0013,ST020,In-Store,2.0,30190.0,0.0,M-Pesa,Completed,0.0
6464,O005576,2025-08-24 14:25:00,C00852,P0060,ST099,Online,1.0,20160.0,0.05,M-Pesa,Completed,3.0
6465,O005156,2025-07-12 17:20:00,C00779,P0152,ST014,In-Store,1.0,11580.0,0.0,M-Pesa,Completed,0.0
6466,O006325,2025-11-06 12:05:00,C00563,P0181,ST099,Online,3.0,23170.0,0.0,credit card,Returned,2.0
6467,O001957,2024-08-24 11:23:00,C00485,P0156,ST010,In-Store,1.0,30350.0,0.1,M-Pesa,complete,0.0
6468,O006007,2025-10-08 08:32:00,C00291,P0160,ST002,In-Store,2.0,52970.0,0.0,M-Pesa,Completed,0.0
6469,O003312,2024-12-21 10:25:00,C01001,P0116,ST099,Online,1.0,13190.0,0.0,mpesa,Completed,1.0
6470,O006916,2025-12-19 11:14:00,C01047,P0133,ST017,In-Store,1.0,8300.0,0.0,M pesa,Completed,0.0
6471,O001890,2024-08-17 11:42:00,C01146,P0070,ST023,In-Store,2.0,18010.0,0.0,M-Pesa,Completed,0.0
6472,O006445,2025-11-16 18:23:00,C00916,P0084 ,ST007,In-Store,1.0,17830.0,0.0,M-Pesa,COMPLETED,0.0
6473,O000725,2024-04-03 17:07:00,C00915,P0059,ST006,In-Store,1.0,16280.0,0.0,CASH,Completed,0.0
6474,O005552,2025-08-23 12:24:00,C01349,P0160,ST003,In-Store,1.0,52970.0,0.0,Credit/Debit Card,Completed,0.0
6475,O006589,2025-11-28 09:09:00,C00753,P0042,ST099,Online,1.0,123680.0,0.0,Credit/Debit Card,Completed,6.0
6476,O001002,2024-05-06 20:23:00,C01247,P0183,ST099,Online,2.0,39320.0,0.0,M-Pesa,Returned,3.0
6477,O000553,2024-03-13 13:55:00,C00777,P0165,ST099,Online,1.0,45630.0,0.0,Airtel Money,Completed,1.0
6478,O005437,2025-08-11 14:27:00,C00070,P0082,ST006,In-Store,1.0,2840.0,0.0,mpesa,Completed,0.0
6479,O005069,2025-07-04 14:42:00,C00745,P0165,ST013,In-Store,2.0,45630.0,0.05,CASH,Returned,0.0
6480,O001361,19/06/2024,C01319,P0184,ST012,In-Store,2.0,20390.0,0.0,M pesa,Completed,0.0
6481,O005818,2025-09-20 17:03:00,C01091,P0039,ST013,In-Store,1.0,75080.0,0.15,M-Pesa,Completed,0.0
6482,O003104,2024-12-10 17:42:00,C01150,P0089,ST009,In-Store,1.0,7140.0,0.05,MPESA ,Completed,0.0
6483,O004205,2025-04-03 10:18:00,C01346,P0183,ST005,In-Store,1.0,39320.0,0.0,cash ,Completed,0.0
6484,O000156,2024-01-20 17:51:00,C00671,P0179,ST099,Online,1.0,40350.0,0.25,debit card,Returned,3.0
6485,O002929,2024-11-28 17:32:00,,P0111,ST007,In-Store,2.0,3840.0,0.0,Bank Transfer,Completed,0.0
6486,O000613,2024-03-21 08:46:00,C00598,P0005,ST012,In-Store,1.0,18960.0,0.0,M-Pesa,cancelled,0.0
6487,O005012,2025-06-28 15:04:00,C00981,P0092,ST015,In-Store,1.0,2840.0,0.0,M-Pesa,Completed,0.0
6488,O000295,2024-02-07 16:22:00,C01326,P0086,ST008,In-Store,1.0,19730.0,0.05,Airtel Money,Completed,0.0
6489,O002987,2024-12-02 09:42:00,,P0018,ST009,In-Store,1.0,79380.0,0.0,Cash,COMPLETED,0.0
6490,O000757,2024-04-07 08:22:00,C01170,P0119,ST012,In-Store,1.0,10780.0,0.0,mpesa,Completed,0.0
6491,O005731,10-Sep-2025,C00317,P0088,ST016,In-Store,1.0,10360.0,0.0,MPESA ,Completed,0.0
6492,O000777,2024-04-10 15:33:00,C01141,P0007,ST010,In-Store,1.0,46260.0,0.0,cash,Completed,0.0
6493,O002743,2024-11-11 20:18:00,C00747,P0150,ST021,In-Store,1.0,32640.0,0.0,Cash,Completed,0.0
6494,,,,,,,,,,,,
6495,O004673,2025-05-22 16:01:00,C00646,P0171,ST099,Online,1.0,48310.0,0.0,Credit/Debit Card,Completed,6.0
6496,O001453,2024-06-30 15:12:00,C00492,P0080,ST001,In-Store,2.0,4980.0,0.0,M-Pesa,Completed,0.0
6497,O003231,18-Dec-2024,C01078,P0098,ST007,In-Store,1.0,10630.0,0.05,M-Pesa,Completed,0.0
6498,O000264,2024-02-02 18:37:00,C00237,P0034,ST015,In-Store,3.0,32600.0,0.0,Credit/Debit Card,Completed,0.0
6499,O001253,2024-06-07 16:55:00,C01223,P0086,ST099,Online,1.0,19730.0,0.0,Airtel money,Completed,5.0
6500,O004408,2025-04-22 13:41:00,C00904 ,P0194,ST099,Online,2.0,24550.0,0.0,credit card,Completed,1.0
6501,O001770,2024-08-03 15:49:00,C00258,P0096,ST012,In-Store,2.0,6270.0,0.15,m-pesa,complete,0.0
6502,O004086,2025-03-21 20:41:00,C00559,P0010,ST008,In-Store,1.0,127120.0,0.0,Cash,Completed,0.0
6503,O002986,2024-12-02 12:01:00,C00201,P0068,ST099,Online,2.0,1250.0,0.0,M-PESA,Completed,4.0
6504,O001199,2024-05-31 10:34:00,C00957,P0108,ST099,Online,1.0,14950.0,0.0,CASH,Cancelled,3.0
6505,O006694,2025-12-06 16:14:00,C00368,P0135,ST001,In-Store,1.0,3510.0,0.0,MPESA ,Returned,0.0
6506,O004247,2025-04-07 12:56:00,C00146,P0175,ST001,In-Store,1.0,15740.0,0.0,Cash,Completed,0.0
6507,O004906,2025-06-16 17:47:00,C00074,P0171,ST006,In-Store,1.0,,0.0,CASH,Completed,0.0
6508,O004158,2025-03-29 19:42:00,C00251,P0159,ST017,In-Store,3.0,14960.0,0.0,M-PESA,Completed,0.0
6509,O000096,2024-01-12 11:49:00,C00923,P0160,ST018,In-Store,1.0,52970.0,0.0,Bank Transfer,Completed,0.0
6510,O004214,2025-04-03 17:16:00,C00694,P0048,ST099,Online,1.0,21400.0,0.0,M-Pesa,Completed,5.0
6511,O001506,2024-07-06 18:14:00,C01338,P0183 ,ST017,In-Store,1.0,39320.0,0.0,M-Pesa,Completed,0.0
6512,O002367,2024/10/08,C00948,P0152,ST014,In-Store,1.0,11580.0,0.0,M-Pesa,Completed,0.0
6513,O006775,2025-12-11 13:07:00,C01124,P0060,ST099,Online,1.0,20160.0,0.15,Airtel Money,Completed,6.0
6514,O000467,2024-03-02 12:26:00,C01256,P0148,ST099,Online,2.0,32090.0,0.0,cash,Completed,5.0
6515,O002226,2024-09-22 12:11:00,C00674,P0112,ST021,In-Store,1.0,9880.0,,CASH,Completed,0.0
6516,O004323,2025-04-15 20:47:00,C01346,P0058,ST019,In-Store,1.0,17000.0,0.0,Airtel Money,Returned,0.0
6517,O003644,2025-01-24 18:08:00,C00966,P0042,ST006,In-Store,3.0,123680.0,0.0,credit card,Completed,0.0
6518,O004347,2025-04-17 14:05:00,C01279,P0159,ST002,In-Store,1.0,14960.0,0.05,Credit/Debit Card,Completed,0.0
6519,O004934,2025-06-19 19:14:00,C00229,P0146,ST021,In-Store,1.0,29570.0,,M-Pesa,Completed,0.0
6520,O001938,2024-08-22 17:25:00,C00065,P0084,ST012,In-Store,1.0,17830.0,0.0,M-Pesa,Completed,0.0
6521,O004836,2025-06-08 12:59:00,C00282,P0160,ST099,Online,1.0,52970.0,0.0,M-Pesa,Completed,3.0
6522,O003026,2024-12-05 20:22:00,C00535,P0184,ST021,In-Store,1.0,20390.0,0.15,M-Pesa,Cancelled,0.0
6523,O004095,2025-03-22 18:15:00,C00597,P0176,ST099,Online,1.0,10760.0,0.0,Airtel Money,COMPLETED,1.0
6524,O002319,2024-10-03 09:21:00,C01300,P0032,ST099,Online,1.0,112270.0,0.0,Credit/Debit Card,Completed,6.0
6525,O003166,2024-12-15 20:30:00,C00512,P0168,ST099,Online,1.0,31350.0,0.15,M-Pesa,Completed,5.0
6526,O004885,2025-06-13 10:35:00,C00681,P0166,ST099,Online,4.0,36200.0,0.05,mpesa,Returned,5.0
6527,O003587,2025-01-17 19:28:00,C00148,P0175,ST009,In-Store,1.0,15740.0,0.0,M-Pesa,Completed,0.0
6528,O000492,2024-03-06 14:10:00,C01237,P0060,ST023,In-Store,1.0,20160.0,0.0,M-Pesa,Completed,0.0
6529,O005967,2025-10-04 12:29:00,C00319,P0008,ST024,In-Store,1.0,94740.0,0.0,mpesa,Completed,0.0
6530,O005611,2025-08-29 17:19:00,C00860,P0062,ST006,In-Store,1.0,20210.0,0.0,m-pesa,Completed,0.0
6531,O000216,2024-01-27 16:13:00,C00243,P0108,ST007,In-Store,2.0,14950.0,0.0,M pesa,Completed,0.0
6532,O004508,2025-05-03 15:43:00,C00816,P0126,ST099,Online,2.0,12920.0,0.0,M-Pesa,Returned,3.0
6533,O005451,2025-08-13 17:46:00,C00778,P0179,ST017,In-Store,1.0,40350.0,0.0,M-Pesa,Completed,0.0
6534,O002922,2024-11-27 16:20:00,C01044,P0151,ST099,Online,1.0,47660.0,0.0,M-Pesa,COMPLETED,2.0
6535,O000922,2024-04-25 17:20:00,C00312,P0160,ST007,In-Store,1.0,52970.0,0.0,M-Pesa,Cancelled,0.0
6536,O006681,2025-12-05 19:17:00,C00293,P0161,ST099,Online,2.0,49910.0,0.1,M-Pesa,Completed,2.0
6537,O000979,2024-05-03 14:35:00,C00053,P0083,ST016,In-Store,1.0,14200.0,0.0,M-Pesa,Completed,0.0
6538,O006709,2025-12-07 12:24:00,C01083,P0039,ST024,In-Store,1.0,75080.0,0.0,M-PESA,Completed,0.0
6539,O005429,2025/08/10,C00660,P0173,ST020,In-Store,1.0,19620.0,0.0,m-pesa,Completed,0.0
6540,O001912,2024-08-19 15:56:00,C01060,P0168,ST099,Online,1.0,31350.0,0.0,Mpesa ,Returned,1.0
6541,O000310,2024-02-10 19:01:00,C00021,P0013,ST016,In-Store,1.0,30190.0,0.0,M-PESA,Completed,0.0
6542,O003207,2024-12-17 14:14:00,C01054,P0151,ST099,Online,,47660.0,0.0,Cash,Returned,5.0
6543,O002437,2024-10-14 13:23:00,C00297,P0123,ST013,In-Store,2.0,,0.0,M-PESA,Completed,0.0
6544,O003446,2024-12-30 20:09:00,C00976,P0002,ST008,In-Store,2.0,91490.0,0.0,M-Pesa,Completed,0.0
6545,O003836,2025-02-19 09:21:00,C00778,P0138,ST099,Online,3.0,4780.0,0.0,M-Pesa,Cancelled,3.0
6546,O000679,2024-03-29 13:05:00,C00220,P0012,ST021,In-Store,2.0,130340.0,0.0,M-PESA,Completed,0.0
6547,O000167,2024-01-21 10:44:00,C00429,P0080,ST011,In-Store,1.0,4980.0,0.0,M-Pesa,Returned,0.0
6548,O004427,2025-04-25 15:11:00,C00464,P0086,ST005,In-Store,1.0,19730.0,0.0,Credit/Debit Card,completed,0.0
6549,O005125,2025-07-09 20:19:00,C00030,P0012,ST012,In-Store,1.0,130340.0,0.0,Mpesa,Completed,0.0
6550,O002143,2024-09-14 08:13:00,C00184,P0173,ST002 ,In-Store,1.0,19620.0,0.0,M-Pesa,Cancelled,0.0
6551,O002130,2024-09-13 18:46:00,C01338,P0060,ST007,In-Store,1.0,20160.0,0.0,M-Pesa,Completed,0.0
6552,O002248,2024-09-25 16:34:00,C01162,P0120,ST099,Online,1.0,10270.0,0.0,Bank Transfer,complete,2.0
6553,O004201,2025-04-02 11:53:00,C01176,P0163,ST099,Online,1.0,41210.0,,airtel money,Completed,1.0
6554,O003278,2024-12-20 11:32:00,C00454,P0178,ST099,Online,1.0,31250.0,,M-Pesa,Cancelled,1.0
6555,O000737,2024-04-05 08:13:00,C00118,P0051,ST023,In-Store,1.0,20210.0,0.0,M-Pesa,Completed,0.0
6556,O003735,2025-02-06 19:12:00,C00349,P0179,ST012,In-Store,1.0,40350.0,0.0,Cash,Completed,0.0
6557,O005310,2025-07-29 09:25:00,C00906,P0063,ST021,In-Store,2.0,1440.0,0.0,Mpesa,Completed,0.0
6558,O000697,2024-03-30 16:56:00,C00343,P0063,ST010,In-Store,1.0,1440.0,0.0,Bank Transfer,Completed,0.0
6559,O003242,2024-12-18 17:16:00,C00323,P0135,ST099,Online,1.0,3510.0,0.1,M pesa,Completed,4.0
6560,O003919,02/03/2025,C00719,P0057,ST099,Online,1.0,2110.0,0.0,Cash,Completed,1.0
6561,O004598,2025-05-13 10:29:00,C01297,P0163,ST016,In-Store,2.0,41210.0,0.0,M-Pesa,Completed,0.0
6562,O005440,2025-08-11 17:39:00,C00203,P0041,ST019,In-Store,2.0,83810.0,0.0,M pesa,Completed,0.0
6563,O005265,2025/07/24,C00616,P0162,ST008,In-Store,1.0,42760.0,0.0,Cash,Completed,0.0
6564,O004057,18/03/2025,C01026,P0136,ST099,Online,1.0,1510.0,0.0,cash ,Completed,6.0
6565,O001345,2024-06-17 13:57:00,C00233,P0135,ST005,In-Store,1.0,3510.0,0.0,M-Pesa,Completed,0.0
6566,O006474,2025-11-18 15:33:00,C00918,P0041,ST099,Online,1.0,83810.0,0.0,Cash,Completed,6.0
6567,O004454,2025-04-27 09:43:00,C00438,P0060,ST009,In-Store,1.0,20160.0,0.0,Credit/Debit Card,Completed,0.0
6568,O005950,2025-10-03 10:58:00,C00744,P0188,ST099,Online,1.0,10310.0,0.05,Cash,Completed,3.0
6569,O003996,2025-03-11 19:36:00,C00900,P0104,ST020,In-Store,1.0,3780.0,0.2,Credit/Debit Card,Completed,0.0
6570,O002262,2024-09-26 09:34:00,C00654,P0146,ST018,In-Store,1.0,29570.0,0.0,Mpesa ,Completed,0.0
6571,O002616,2024-11-01 13:33:00,C01262,P0010,ST099,Online,1.0,127120.0,0.0,M pesa,Completed,3.0
6572,O006284,2025-11-02 14:57:00,C00509,P0005,ST001,In-Store,1.0,18960.0,0.0,M-Pesa,Completed,0.0
6573,O000514,2024-03-08 14:54:00,C00193,P0160,ST099,Online,1.0,52970.0,0.0,Credit/Debit Card,Completed,3.0
6574,O005124,2025-07-09 11:09:00,C00890,P0069,ST013,In-Store,1.0,20690.0,0.0,Cash,complete,0.0
6575,O004966,2025-06-23 08:43:00,C00071,P0151,ST099,Online,1.0,47660.0,0.0,M-Pesa,Completed,6.0
6576,O005321,2025-07-30 19:30:00,,P0074,ST099,Online,3.0,1880.0,,M-Pesa,Completed,5.0
6577,O002867,2024-11-22 10:39:00,C01116,P0160,ST010,In-Store,1.0,52970.0,0.0,Airtel money,Completed,0.0
6578,O006675,2025-12-05 18:44:00,C00443,P0147,ST099,Online,1.0,40520.0,0.05,M-PESA,completed,1.0
6579,O003950,06-Mar-2025,C00228,P0070,ST013,In-Store,2.0,18010.0,0.0,Airtel Money,Completed,0.0
6580,O003431,2024-12-29 10:11:00,C00461,P0033,ST003,In-Store,3.0,103260.0,0.0,M-Pesa,Returned,0.0
6581,O004661,21/05/2025,C00682,P0188,ST004,In-Store,1.0,10310.0,0.0,m-pesa,Completed,0.0
6582,O006608,2025-11-30 12:12:00,C00542,P0175,ST023,In-Store,4.0,15740.0,0.0,M-Pesa,Completed,0.0
6583,O006509,2025-11-22 19:35:00,C00228,P0146,ST015,In-Store,1.0,29570.0,0.15,Bank Transfer,Completed,0.0
6584,O001013,2024-05-07 10:14:00,C01050,P0174,ST016,In-Store,2.0,29840.0,0.0,M-Pesa,Cancelled,0.0
6585,O005408,2025-08-08 08:47:00,C01280,P0058,ST008,In-Store,1.0,17000.0,0.0,M-Pesa,Completed,0.0
6586,O000891,2024-04-22 08:33:00,C00136,P0008,ST099,Online,2.0,94740.0,0.0,cash,Completed,6.0
6587,O002794,2024-11-16 16:14:00,C00518,P0060,ST017,In-Store,3.0,20160.0,0.1,Cash,Completed,0.0
6588,O005357,2025-08-03 13:56:00,C00806,P0139,ST099,Online,1.0,6700.0,0.15,airtel money,Completed,5.0
6589,O007097,2025-12-28 18:55:00,C00101,P0125,ST002,In-Store,2.0,5710.0,0.0,Mpesa,Completed,0.0
6590,O003461,2024-12-31 12:20:00,C00120,P0184 ,ST099,Online,1.0,20390.0,0.05,Bank Transfer,Completed,2.0
6591,O004728,2025-05-27 10:43:00,C00424,P0079,ST099,Online,1.0,17060.0,0.0,Airtel Money,complete,1.0
6592,O003965,2025-03-07 13:42:00,C00388,P0060,ST001,In-Store,2.0,20160.0,0.0,Cash,Completed,0.0
6593,O000204,2024-01-25 09:26:00,C00714,P0151,ST099,Online,2.0,47660.0,0.0,M-Pesa,Returned,1.0
6594,O000510,2024-03-08 14:12:00,C00101,P0062,ST099,Online,1.0,20210.0,0.0,mpesa,Completed,5.0
6595,O001640,2024-07-20 11:44:00,C00863,P0056,ST099,Online,1.0,14270.0,0.0,M-Pesa,Completed,6.0
6596,O001459,2024-06-30 13:11:00,C00503,P0173,ST024,In-Store,1.0,19620.0,0.0,M-Pesa,Completed,0.0
6597,O004315,2025-04-14 08:00:00,C00555,P0122,ST007,In-Store,1.0,1050.0,0.0,Airtel Money,Completed,0.0
6598,O004048,2025-03-17 12:25:00,C00758,P0027,ST011,In-Store,1.0,26240.0,0.05,debit card,Completed,0.0
6599,O005288,2025-07-27 11:39:00,C00424,P0002,ST001,In-Store,1.0,91490.0,0.0,M-Pesa,Completed,0.0
6600,O000640,2024-03-23 14:59:00,C00101,P0175,ST007,In-Store,1.0,15740.0,0.0,Cash,returned,0.0
6601,O006707,2025-12-07 09:17:00,C00481,P0060,ST014,In-Store,1.0,20160.0,0.0,M-Pesa,Completed,0.0
6602,O005219,2025-07-19 10:32:00,C00765,P0033,ST099,Online,1.0,103260.0,,Cash,Completed,3.0
6603,O000088,2024-01-11 20:56:00,C01324,P0098,ST023,In-Store,1.0,10630.0,0.15,M-Pesa,COMPLETED,0.0
6604,O001371,2024-06-20 11:59:00,C01295,P0135,ST002,In-Store,1.0,3510.0,0.0,M-Pesa,Completed,0.0
6605,O004573,2025-05-10 08:04:00,C01188,P0173,ST099,Online,1.0,19620.0,0.1,M-PESA,Completed,5.0
6606,O007129,2025-12-31 15:52:00,C01042,P0106,ST099,Online,1.0,12940.0,0.0,Bank Transfer,Returned,1.0
6607,O000194,2024-01-24 08:36:00,C00297,P0159,ST017,In-Store,1.0,14960.0,0.0,mpesa,Completed,0.0
6608,O003823,2025-02-18 15:46:00,C01070,P0138,ST099,Online,1.0,4780.0,0.0,M-Pesa,Completed,2.0
6609,O000181,2024-01-22 18:19:00,C00550,P0047,ST007,In-Store,1.0,16000.0,0.0,M-Pesa,Completed,0.0
6610,O003928,2025-03-03 15:24:00,C01289,P0060,ST014,In-Store,1.0,20160.0,0.0,Airtel Money,Completed,0.0
6611,O003840,2025-02-20 18:40:00,C00323,P0171,ST021,In-Store,1.0,48310.0,0.0,Airtel Money,Completed,0.0
6612,O002591,2024-10-29 19:21:00,C00243,P0071,ST099,Online,2.0,4850.0,0.0,M-Pesa,Completed,3.0
6613,O003465,2024-12-31 17:00:00,C01082,P0135,ST006,In-Store,2.0,3510.0,0.0,Airtel-Money,Completed,0.0
6614,O006121,2025-10-18 12:32:00,C00739,P0156,ST099,Online,1.0,30350.0,,Bank Transfer,Completed,6.0
6615,O006197,2025-10-26 13:02:00,C01153,P0160,ST099,Online,1.0,52970.0,0.0,Cash,canceled,1.0
6616,O001685,2024-07-26 13:11:00,C01126,P0183,ST010,In-Store,2.0,39320.0,0.0,m-pesa,Completed,0.0
6617,O003323,2024-12-22 12:24:00,C00296,P0160,ST099,Online,1.0,52970.0,0.0,M-PESA,Completed,4.0
6618,O001133,2024-05-21 09:56:00,C00993,P0018,ST015,In-Store,4.0,79380.0,0.0,M-Pesa,Completed,0.0
6619,O003072,2024-12-08 14:13:00,C00002,P0024,ST099,Online,2.0,85100.0,0.0,M-PESA,Completed,5.0
6620,O003153,2024-12-14 11:28:00,C01215,P0135,ST022,In-Store,,3510.0,0.1,airtel money,complete,0.0
6621,O005914,2025-09-29 11:25:00,C01127,P0135,ST099,Online,1.0,3510.0,0.0,AIRTEL MONEY,complete,5.0
6622,O002556,2024-10-26 13:59:00,C00362,P0160,ST012,In-Store,1.0,52970.0,0.0,Cash,Returned,0.0
6623,O005401,2025-08-08 12:00:00,C00290,P0056,ST099,Online,1.0,14270.0,0.0,Credit/Debit Card,Completed,1.0
6624,O001022,2024-05-08 14:56:00,C00860,P0016,ST017,In-Store,2.0,38090.0,0.0,credit card,Completed,0.0
6625,O005841,2025-09-23 16:11:00,C00764,P0061,ST099,Online,1.0,19410.0,0.1,Credit/Debit Card,Completed,1.0
6626,O004577,2025-05-10 09:11:00,C01158,P0084,ST099,Online,3.0,17830.0,0.1,M-Pesa,Completed,2.0
6627,O000397,2024-02-22 17:35:00,,P0070,ST021,In-Store,1.0,18010.0,0.0,CARD,Completed,0.0
6628,O000034,2024-01-05 12:02:00,,P0042,ST099,Online,1.0,123680.0,0.0,Cash,Completed,5.0
6629,O002249,2024-09-25 16:23:00,C00701,P0173,ST099,Online,1.0,19620.0,0.0,debit card,Completed,5.0
6630,O002657,2024-11-04 16:58:00,C01184,P0135,ST099,Online,1.0,3510.0,0.0,MPESA ,Completed,4.0
6631,O000259,2024-02-01 12:29:00,C00297,P0135,ST004,In-Store,1.0,3510.0,0.0,Cash,Completed,0.0
6632,O005158,2025-07-12 20:57:00,C01278,P0060,ST015,In-Store,3.0,20160.0,0.1,Airtel-Money,Completed,0.0
6633,O005390,2025-08-06 08:06:00,C00697,P0183,ST099,Online,1.0,39320.0,0.0,M-Pesa,Completed,2.0
6634,O006571,2025-11-27 18:39:00,C00841,P0178,ST019,In-Store,1.0,31250.0,0.0,M-Pesa,Completed,0.0
6635,O002938,2024-11-28 19:35:00,C00765,P0010,ST019,In-Store,1.0,127120.0,0.15,Airtel Money,Completed,0.0
6636,O001877,2024-08-17 09:22:00,,P0010,ST016,In-Store,2.0,127120.0,0.0,Cash,Completed,0.0
6637,O000231,2024-01-28 08:08:00,C00986,P0160,ST099,Online,2.0,52970.0,0.0,Airtel Money,Completed,3.0
6638,O003047,2024-12-07 15:02:00,,P0086,ST010,In-Store,1.0,19730.0,0.0,mpesa,Completed,0.0
6639,O001747,2024-08-01 12:56:00,C00964,P0125,ST099,Online,3.0,5710.0,0.0,Mpesa ,Completed,6.0
6640,O004880,2025-06-12 09:13:00,C00410,P0135,ST099,Online,1.0,3510.0,0.1,M pesa,Completed,6.0
6641,O001645,2024-07-21 08:58:00,C00660,P0024,ST099,Online,1.0,85100.0,0.0,Cash,Completed,1.0
6642,O004160,2025-03-29 14:36:00,C00026,P0086,ST004,In-Store,1.0,19730.0,,Airtel Money,completed,0.0
6643,O005360,2025-08-03 18:00:00,C00975,P0060,ST002,In-Store,1.0,20160.0,0.0,Mpesa,Returned,0.0
6644,O001608,2024-07-17 15:42:00,C00424,P0041,ST007,In-Store,1.0,83810.0,0.0,MPESA ,Completed,0.0
6645,O002370,2024-10-08 08:03:00,C00493,P0154,ST008,In-Store,2.0,14610.0,0.0,Mpesa ,Completed,0.0
6646,O004723,2025-05-26 17:52:00,C00986,P0181,ST099,Online,1.0,23170.0,,M-Pesa,RETURNED,1.0
6647,O005016,2025-06-29 16:56:00,C00318,P0048,ST099,Online,1.0,21400.0,0.0,Cash,Cancelled,6.0
6648,O001025,2024-05-08 13:25:00,C00183,P0153,ST099,Online,1.0,58800.0,0.0,AIRTEL MONEY,Completed,4.0
6649,O007047,2025-12-24 08:37:00,C00240,P0158,ST003,In-Store,1.0,36400.0,0.05,MPESA ,COMPLETED,0.0
6650,O002088,2024-09-08 08:21:00,C00153,P0080,ST099,Online,1.0,4980.0,0.05,Bank Transfer,Completed,4.0
6651,O003998,2025-03-11 09:09:00,C00715,P0135,ST008,In-Store,1.0,3510.0,0.0,M-Pesa,Completed,0.0
6652,O001781,2024-08-04 20:39:00,C00438,P0156,ST099,Online,1.0,30350.0,0.0,Bank Transfer,Returned,5.0
6653,O002121,2024-09-12 19:13:00,C00268,P0188,ST014,In-Store,1.0,10310.0,0.0,Credit/Debit Card,Completed,0.0
6654,O002219,2024-09-22 13:55:00,C00542,P0151,ST099,Online,2.0,47660.0,0.0,Mpesa ,completed,1.0
6655,O007018,2025-12-23 13:30:00,C00137,P0135,ST099,Online,1.0,,0.0,M-Pesa,Completed,1.0
6656,O001072,2024-05-14 13:57:00,C00268,P0160,ST015,In-Store,1.0,52970.0,0.0,M-Pesa,Completed,0.0
6657,O002947,2024-11-29 15:54:00,C01265,P0108,ST021,In-Store,1.0,14950.0,0.0,Credit/Debit Card,Completed,0.0
6658,O003866,2025-02-23 11:49:00,C00513,P0146,ST014,In-Store,1.0,29570.0,0.0,M-Pesa,Completed,0.0
6659,O006972,2025-12-21 09:02:00,C01217,P0197,ST099,Online,1.0,22390.0,0.05,Airtel Money,Returned,6.0
6660,O003903,2025-02-28 18:25:00,C00903,P0036,ST011,In-Store,2.0,82830.0,0.0,M-Pesa,Completed,0.0
6661,O001856,2024-08-13 15:08:00,C01204,P0135,ST013,In-Store,2.0,3510.0,,Mpesa,Completed,0.0
6662,O007083,2025-12-27 15:44:00,C00311,P0066,ST001,In-Store,1.0,1630.0,0.1,M-Pesa,Completed,0.0
6663,O002788,2024-11-16 18:33:00,C01144,P0173,ST099,Online,1.0,19620.0,0.0,M-Pesa,Completed,2.0
6664,O005337,2025-08-01 16:05:00,C00263,P0162,ST099,Online,1.0,42760.0,0.15,Cash,Completed,6.0
6665,O007033,2025-12-24 09:12:00,C00472,P0146,ST099,Online,1.0,29570.0,0.1,M pesa,Completed,5.0
6666,O004602,2025-05-14 20:47:00,C01204,P0135,ST013,In-Store,1.0,3510.0,0.0,Mpesa,Completed,0.0
6667,O004811,2025-06-04 17:35:00,C00129,P0190,ST004,In-Store,1.0,24360.0,0.0,Airtel Money,Completed,0.0
6668,O006892,2025-12-18 19:17:00,C00063,P0168,ST099,Online,1.0,31350.0,0.15,Airtel Money,Completed,4.0
6669,O000607,2024-03-20 15:30:00,C00719,P0172,ST011,In-Store,1.0,38980.0,0.0,mpesa,Completed,0.0
6670,O004489,01-May-2025,C01024,P0102,ST023,In-Store,1.0,5210.0,0.0,cash,COMPLETED,0.0
6671,O000868,2024-04-19 17:54:00,C01246,P0161,ST099,Online,1.0,49910.0,0.1,Mpesa ,Returned,5.0
6672,O002809,2024-11-17 09:53:00,C00919,P0060,ST099,Online,1.0,20160.0,0.0,Cash,Completed,6.0
6673,O005006,2025-06-27 19:40:00,C00526,P0071,ST004,In-Store,1.0,4850.0,0.0,m-pesa,Completed,0.0
6674,O006011,2025-10-09 12:26:00,C00887,P0178,ST006,In-Store,2.0,31250.0,0.0,M-Pesa,Completed,0.0
6675,O004251,2025-04-07 10:56:00,C01268,P0183,ST099,Online,1.0,39320.0,0.25,M-Pesa,complete,5.0
6676,O004854,2025-06-09 14:12:00,C01060,P0188,ST019,In-Store,1.0,10310.0,0.0,M-Pesa,Completed,0.0
6677,O003554,2025-01-12 17:08:00,C00552,P0146,ST014,In-Store,2.0,29570.0,0.0,Bank Transfer,Completed,0.0
6678,O006550,2025-11-25 14:54:00,C00873,P0160,ST013,In-Store,1.0,52970.0,0.0,M-Pesa,Completed,0.0
6679,O001281,2024-06-09 14:04:00,C00660,P0059,ST099,Online,1.0,16280.0,0.0,Credit/Debit Card,Completed,3.0
6680,O004434,2025-04-26 15:46:00,C01319,P0094,ST020,In-Store,3.0,7010.0,0.0,M-Pesa,Completed,0.0
6681,O006299,2025-11-03 17:24:00,C01289,P0060,ST099,Online,2.0,20160.0,0.0,M-Pesa,Completed,3.0
6682,O006338,2025-11-07 17:55:00,C01156,P0136,ST004,In-Store,2.0,1510.0,0.0,M-Pesa,Returned,0.0
6683,O001113,2024-05-19 12:52:00,C01016,P0086,ST016,In-Store,1.0,19730.0,0.1,mpesa,Cancelled,0.0
6684,O000539,2024-03-10 20:25:00,C00709,P0090,ST009,In-Store,1.0,8490.0,0.0,Credit/Debit Card,Completed,0.0
6685,O002747,2024-11-11 14:40:00,C00230,P0012,ST017,In-Store,0.0,130340.0,0.0,Credit/Debit Card,Completed,0.0
6686,O003665,2025-01-26 10:52:00,,P0196,ST099,Online,1.0,20930.0,0.0,M-Pesa,Completed,1.0
6687,O001463,2024-07-01 19:13:00,,P0110,ST001 ,In-Store,2.0,9580.0,,mpesa,Completed,0.0
6688,O002651,2024-11-04 19:24:00,C00882,P0013,ST099,Online,1.0,30190.0,0.0,m-pesa,Completed,4.0
6689,O005006,2025-06-27 19:40:00,C00526,P0071,ST004,In-Store,1.0,4850.0,0.0,m-pesa,Completed,0.0
6690,O005054,2025-07-02 16:10:00,C00409,P0160,ST004,In-Store,1.0,52970.0,0.0,Credit/Debit Card,Completed,0.0
6691,O000280,2024-02-04 18:25:00,C00671,P0160,ST024,In-Store,1.0,,0.0,Airtel Money,completed,0.0
6692,O002462,2024-10-16 10:02:00,C01263,P0025,ST099,Online,2.0,53630.0,0.0,M-Pesa,COMPLETED,1.0
6693,O000511,2024-03-08 12:33:00,C00549,P0129,ST003,In-Store,1.0,10150.0,0.0,M-Pesa,Returned,0.0
6694,O004060,2025-03-19 20:37:00,C00070,P0104,ST099,Online,2.0,3780.0,0.0,Airtel Money,Completed,1.0
6695,O004617,2025-05-16 19:13:00,C01122,P0146,ST010,In-Store,1.0,29570.0,0.0,M-Pesa,Completed,0.0
6696,O005681,2025-09-05 15:50:00,C00736,P0135,ST019,In-Store,1.0,3510.0,0.0,MPESA ,Completed,0.0
6697,O002606,2024-10-31 13:46:00,C00202,P0058,ST007 ,In-Store,1.0,17000.0,0.05,m-pesa,Completed,0.0
6698,O003763,2025-02-09 18:26:00,C00390,P0017,ST020,In-Store,2.0,123410.0,0.0,Cash,Completed,0.0
6699,O001523,2024-07-07 10:22:00,C00699,P0136,ST009,In-Store,1.0,1510.0,0.0,M-Pesa,Completed,0.0
6700,O000690,2024-03-30 11:23:00,C00551,P0151,ST099,Online,1.0,47660.0,0.0,Cash,Completed,3.0
6701,O000334,2024-02-14 14:23:00,C00981,P0009,ST021,In-Store,2.0,119240.0,0.0,cash,Completed,0.0
6702,O004738,2025-05-28 16:28:00,C00850,P0135,ST006,In-Store,1.0,3510.0,0.0,MPESA ,Completed,0.0
6703,O002361,2024-10-07 16:00:00,C00028,P0042,ST006,In-Store,1.0,123680.0,0.0,credit card,complete,0.0
6704,O002029,2024-08-31 18:42:00,C00077,P0150 ,ST002,In-Store,2.0,32640.0,0.15,credit card,Completed,0.0
6705,O000784,2024-04-11 15:45:00,C00040,P0148,ST006,In-Store,1.0,32090.0,0.0,M-Pesa,Completed,0.0
6706,O006751,2025-12-10 11:28:00,C00719,P0162,ST011,In-Store,1.0,42760.0,0.0,Card,Completed,0.0
6707,O007087,2025-12-27 17:49:00,C01102,P0174,ST015 ,In-Store,1.0,29840.0,0.0,M-Pesa,Completed,0.0
6708,O004717,2025-05-26 09:48:00,C01008,P0176,ST021,In-Store,,10760.0,0.0,M-Pesa,Completed,0.0
6709,O003585,2025-01-16 13:05:00,C00223,P0160,ST099,Online,1.0,52970.0,0.0,Bank Transfer,Cancelled,4.0
6710,O001162,2024-05-25 14:02:00,C00887,P0153,ST005,In-Store,3.0,58800.0,0.0,credit card,Returned,0.0
6711,O006238,2025-10-29 18:06:00,C00479,P0165,ST099,Online,2.0,45630.0,0.0,Cash,Returned,6.0
6712,O000836,2024-04-16 11:06:00,C00553,P0175,ST012,In-Store,1.0,15740.0,0.0,M-Pesa,Completed,0.0
6713,O007135,2025-12-31 17:05:00,C01240,P0016,ST099,Online,3.0,38090.0,0.0,Mpesa ,Completed,6.0
6714,O002039,2024-09-01 19:01:00,C01196,P0024,ST099,Online,1.0,85100.0,0.0,M-Pesa,Completed,3.0
6715,O005549,2025-08-22 16:53:00,C00349,P0154,ST006,In-Store,2.0,14610.0,0.0,Airtel Money,Completed,0.0
6716,O004490,2025-05-01 19:19:00,C00774,P0135,ST018,In-Store,2.0,3510.0,0.15,Bank Transfer,COMPLETED,0.0
6717,O004943,2025-06-20 16:21:00,C00443,P0098,ST013,In-Store,2.0,10630.0,0.0,M-Pesa,Completed,0.0
6718,O002623,02-Nov-2024,C00880,P0163,ST004,In-Store,1.0,41210.0,0.0,M-Pesa,Completed,0.0
6719,O004031,2025-03-16 14:13:00,C01129,P0039,ST099,Online,2.0,75080.0,0.0,Cash,Completed,2.0
6720,O002621,2024-11-01 20:50:00,C01265,P0088,ST024,In-Store,1.0,10360.0,0.0,M-Pesa,RETURNED,0.0
6721,O004981,2025-06-24 19:34:00,C01079,P0126,ST099,Online,1.0,12920.0,0.0,MPESA ,Completed,2.0
6722,O003363,2024-12-24 10:49:00,C00020,P0129,ST099,Online,2.0,10150.0,0.0,M-Pesa,Completed,5.0
6723,O002784,2024-11-16 08:12:00,C00049,P0012,ST016,In-Store,1.0,130340.0,,M-Pesa,Completed,0.0
6724,O000944,2024-04-28 18:59:00,C00790,P0160,ST099,Online,2.0,52970.0,0.0,Cash,Completed,1.0
6725,O001768,2024-08-02 11:50:00,C00826,P0010,ST023,In-Store,1.0,127120.0,0.0,cash,Completed,0.0
6726,O004079,2025-03-21 14:44:00,C00507,P0156,ST001,In-Store,2.0,30350.0,0.0,Airtel Money,complete,0.0
6727,O002329,2024-10-04 11:55:00,C00349,P0160,ST099,Online,1.0,52970.0,0.0,M-Pesa,Completed,3.0
6728,O003713,2025-02-02 09:21:00,,P0111,ST099,Online,1.0,3840.0,,Airtel-Money,Returned,6.0
6729,O000338,2024-02-14 14:50:00,C00163,P0063,ST008,In-Store,1.0,1440.0,0.1,Credit/Debit Card,Completed,0.0
6730,O006373,2025-11-09 16:31:00,C00896,P0188,ST009,In-Store,1.0,10310.0,0.05,M pesa,Completed,0.0
6731,O003769,2025-02-10 19:31:00,C01259,P0013,ST010,In-Store,1.0,30190.0,0.0,Mpesa,Completed,0.0
6732,O002054,2024-09-03 20:13:00,C00059,P0160,ST099,Online,3.0,52970.0,0.0,Card,Completed,2.0
6733,O005211,2025-07-18 10:39:00,C00305,P0036,ST099,Online,1.0,82830.0,0.0,m-pesa,Completed,5.0
6734,O006691,2025-12-06 18:19:00,C00222,P0163,ST013,In-Store,1.0,41210.0,0.0,m-pesa,Completed,0.0
6735,O007098,2025-12-28 20:42:00,C01027,P0160,ST009,In-Store,1.0,52970.0,0.0,mpesa,Completed,0.0
6736,O000294,2024-02-07 17:38:00,C01308,P0171,ST023,In-Store,1.0,48310.0,0.0,M-PESA,Completed,0.0
6737,O006215,2025-10-27 11:25:00,C00182,P0141,ST099,Online,1.0,12880.0,0.0,M-Pesa,Completed,3.0
6738,O002203,2024-09-21 15:57:00,,P0019,ST024,In-Store,1.0,9380.0,0.0,Airtel Money,Completed,0.0
6739,O003421,2024-12-28 13:00:00,C01301,P0084,ST015,In-Store,1.0,17830.0,0.0,M-Pesa,Completed,0.0
6740,O003185,2024-12-16 15:01:00,C01254,P0151,ST099,Online,1.0,47660.0,0.0,Cash,COMPLETED,5.0
6741,O002587,2024-10-29 20:58:00,C00739,P0162,ST001,In-Store,1.0,42760.0,0.05,Airtel Money,Completed,0.0
6742,O007029,2025-12-24 14:43:00,C00352,P0086,ST099,Online,2.0,19730.0,0.0,Bank Transfer,Completed,3.0
6743,O002073,2024-09-06 17:12:00,C00971,P0074,ST007,In-Store,1.0,1880.0,0.0,Mpesa,completed,0.0
6744,O000471,2024/03/03,C00189,P0158,ST009,In-Store,1.0,36400.0,0.0,Credit/Debit Card,Completed,0.0
6745,O000558,2024-03-14 16:28:00,C00288,P0120,ST016,In-Store,1.0,10270.0,0.0,Bank Transfer,Completed,0.0
6746,O006130,2025-10-19 19:39:00,C01143,P0165,ST001,In-Store,1.0,45630.0,0.0,AIRTEL MONEY,Completed,0.0
6747,O006440,2025/11/15,C01222,P0034,ST099,Online,1.0,32600.0,0.0,Airtel money,Cancelled,5.0
6748,O007001,2025-12-22 12:11:00,C01000,P0023,ST099,Online,1.0,122960.0,0.15,M pesa,Completed,6.0
6749,O001266,2024-06-08 14:44:00,C00591,P0160,ST022,In-Store,1.0,52970.0,0.0,AIRTEL MONEY,Returned,0.0
6750,O007068,2025-12-26 13:41:00,C01027,P0040,ST099,Online,1.0,126140.0,0.15,Mpesa,Completed,1.0
6751,O003243,2024-12-18 16:44:00,C00118,P0053,ST099,Online,1.0,13410.0,0.05,Credit/Debit Card,Completed,1.0
6752,O001019,2024-05-08 14:33:00,,P0173,ST021,In-Store,1.0,19620.0,0.0,Airtel money,canceled,0.0
6753,O000124,2024-01-15 09:35:00,C00235,P0060,ST018,In-Store,1.0,20160.0,0.0,Credit/Debit Card,Completed,0.0
6754,O000906,2024-04-23 18:26:00,C00765,P0166,ST003,In-Store,3.0,,0.0,airtel money,Completed,0.0
6755,O003768,2025-02-10 11:28:00,C00654,P0173,ST018,In-Store,1.0,19620.0,0.0,M-Pesa,Completed,0.0
6756,O001310,2024-06-13 12:15:00,C00256,P0034,ST099,Online,1.0,32600.0,0.0,M-PESA,Completed,6.0
6757,O005477,2025-08-15 20:39:00,,P0066,ST099,Online,1.0,1630.0,0.0,MPESA ,Completed,5.0
6758,O003822,2025-02-17 14:33:00,C00457,P0032,ST099,Online,2.0,112270.0,0.0,Credit/Debit Card,Completed,4.0
6759,O005435,2025-08-11 10:23:00,C00583,P0183,ST006,In-Store,1.0,39320.0,0.05,M-Pesa,complete,0.0
6760,O002560,2024-10-26 13:43:00,C00925,P0188,ST011,In-Store,2.0,10310.0,0.0,Cash,Completed,0.0
6761,O006331,2025-11-06 08:27:00,C01208,P0060,ST021,In-Store,1.0,20160.0,0.0,M-Pesa,Completed,0.0
6762,O001939,2024-08-22 13:03:00,C00566,P0122,ST001,In-Store,1.0,1050.0,0.0,M-Pesa,Completed,0.0
6763,O003885,2025-02-26 11:47:00,C00131,P0039,ST099,Online,1.0,75080.0,0.0,M-Pesa,Returned,1.0
6764,O003894,2025-02-27 11:57:00,C00014,P0102,ST005,In-Store,1.0,5210.0,0.0,M-PESA,Completed,0.0
6765,O001096,2024-05-17 14:27:00,C00285,P0060,ST099,Online,1.0,20160.0,0.15,credit card,Completed,6.0
6766,O003855,2025-02-22 17:37:00,C00333,P0123,ST009,In-Store,1.0,7870.0,0.0,Airtel-Money,Completed,0.0
6767,O004042,2025-03-16 16:49:00,C01060,P0151,ST001,In-Store,1.0,47660.0,0.0,Airtel money,Completed,0.0
6768,O005652,2025-09-01 20:25:00,C01238,P0168,ST099,Online,1.0,31350.0,0.0,Mpesa,Returned,4.0
6769,O000813,2024-04-14 14:51:00,C00518,P0013,ST010,In-Store,1.0,30190.0,0.0,Credit/Debit Card,Completed,0.0
6770,O007116,2025-12-30 11:18:00,C01091,P0022,ST099,Online,1.0,63380.0,,M-Pesa,Completed,1.0
6771,O004960,2025-06-22 18:44:00,C00421,P0183,ST005,In-Store,1.0,39320.0,0.0,M-Pesa,Completed,0.0
6772,O001085,2024-05-15 11:30:00,C00564,P0158,ST010,In-Store,1.0,36400.0,0.0,M-Pesa,completed,0.0
6773,O001216,2024-06-01 11:21:00,C00156,P0159,ST099,Online,1.0,14960.0,0.0,Mpesa,completed,6.0
6774,O005475,2025-08-15 20:11:00,C00986,P0194,ST014,In-Store,1.0,24550.0,0.0,Airtel Money,Completed,0.0
6775,O001290,2024-06-10 19:50:00,C00267,P0183,ST019,In-Store,1.0,39320.0,0.0,Credit/Debit Card,Completed,0.0
6776,O005954,2025-10-03 15:41:00,C00140,P0173,ST002,In-Store,1.0,19620.0,0.0,mpesa,Completed,0.0
6777,O004193,2025-04-01 10:44:00,C00972,P0086,ST099,Online,1.0,19730.0,0.0,cash,Completed,6.0
6778,O002427,2024-10-13 14:36:00,C00548,P0194,ST099,Online,1.0,24550.0,0.0,M-Pesa,Completed,1.0
6779,O000605,2024-03-19 19:28:00,C00746,P0150,ST002,In-Store,1.0,32640.0,0.0,m-pesa,Completed,0.0
6780,O002118,2024-09-11 17:13:00,C01074,P0160,ST099,Online,1.0,52970.0,0.0,M-Pesa,Completed,6.0
6781,O000550,13-Mar-2024,C00068,P0033,ST004,In-Store,2.0,103260.0,0.0,Airtel Money,completed,0.0
6782,O002299,2024-09-30 16:22:00,C01154,P0056,ST099,Online,3.0,14270.0,0.1,M-PESA,Completed,1.0
6783,O000477,2024-03-03 16:54:00,C00573,P0017,ST020,In-Store,2.0,123410.0,0.05,CASH,Completed,0.0
6784,O005597,2025-08-27 15:33:00,,P0020,ST099,Online,2.0,10070.0,,M pesa,Cancelled,3.0
6785,O000214,2024-01-26 18:41:00,C01194,P0040,ST099,Online,2.0,126140.0,0.0,M-Pesa,COMPLETED,1.0
6786,O003516,2025-01-07 08:18:00,C00198,P0120,ST003,In-Store,1.0,10270.0,0.0,M-Pesa,Completed,0.0
6787,O006889,18-Dec-2025,C00954,P0091,ST099,Online,1.0,2270.0,0.0,credit card,cancelled,5.0
6788,O005680,2025-09-05 13:31:00,C00311,P0146,ST002,In-Store,1.0,29570.0,0.0,M-Pesa,complete,0.0
6789,O002020,2024-08-31 18:05:00,C00026,P0012,ST099,Online,1.0,130340.0,0.0,cash,Completed,4.0
6790,O006476,2025-11-18 18:40:00,C00338,P0056,ST099,Online,1.0,14270.0,0.0,Bank Transfer,complete,1.0
6791,O002490,2024-10-19 11:56:00,C01173,P0013,ST014,In-Store,1.0,30190.0,0.0,M-Pesa,Completed,0.0
6792,O000268,2024-02-03 20:53:00,C00227,P0081,ST021,In-Store,1.0,14340.0,0.0,Mpesa,Completed,0.0
6793,O004604,2025-05-14 14:37:00,C01253,P0030,ST099,Online,1.0,62130.0,0.0,debit card,Completed,2.0
6794,O005441,2025-08-11 11:49:00,C01204,P0181,ST017,In-Store,2.0,23170.0,0.0,M-Pesa,Completed,0.0
6795,O006821,2025-12-14 09:02:00,C00725,P0163,ST011,In-Store,1.0,41210.0,0.0,Cash,Completed,0.0
6796,O002341,2024-10-05 18:25:00,C00104,P0004,ST017,In-Store,2.0,38100.0,0.0,Cash,completed,0.0
6797,O000903,2024-04-23 13:21:00,C01196,P0124,ST018,In-Store,2.0,7940.0,0.0,M pesa,Completed,0.0
6798,O004555,2025/05/08,C00390,P0152,ST099,Online,3.0,11580.0,0.0,Credit/Debit Card,Completed,3.0
6799,O001414,2024-06-25 09:58:00,C00898,P0002,ST099,Online,1.0,91490.0,0.0,Mpesa ,Completed,3.0
6800,O006623,2025-12-01 15:34:00,C01175,P0058,ST016,In-Store,2.0,17000.0,0.0,M pesa,Completed,0.0
6801,O000987,2024-05-04 16:04:00,C00162,P0013,ST024,In-Store,1.0,30190.0,0.0,M-Pesa,Returned,0.0
6802,O000305,2024-02-09 09:40:00,C00155,P0146,ST005,In-Store,1.0,29570.0,,CASH,Completed,0.0
6803,O003558,2025-01-13 09:36:00,C01349,P0096,ST005,In-Store,2.0,6270.0,0.0,M-Pesa,Completed,0.0
6804,O004493,2025-05-02 11:36:00,C01220,P0039,ST015,In-Store,2.0,75080.0,0.0,Credit/Debit Card,Returned,0.0
6805,O007056,2025-12-25 11:41:00,C00455,P0005,ST014,In-Store,,18960.0,,AIRTEL MONEY,Completed,0.0
6806,O002004,2024-08-29 08:03:00,C00252,P0150,ST018,In-Store,2.0,32640.0,0.0,M-Pesa,Completed,0.0
6807,O002115,2024-09-11 17:47:00,C00986,P0107,ST016,In-Store,1.0,13230.0,0.0,M-Pesa,Completed,0.0
6808,O006166,2025-10-23 15:01:00,C00901,P0107,ST024,In-Store,2.0,13230.0,0.0,MPESA ,Completed,0.0
6809,O001904,2024-08-18 16:47:00,C00155,P0060,ST099,Online,1.0,20160.0,0.0,M-Pesa,Completed,5.0
6810,O000329,2024-02-13 14:29:00,C00667,P0061,ST024,In-Store,1.0,19410.0,0.0,Cash,Completed,0.0
6811,O003320,2024/12/22,C01127,P0196,ST099,Online,3.0,20930.0,0.0,M-Pesa,completed,6.0
6812,O001155,2024-05-25 11:26:00,C00445,P0176,ST099 ,Online,2.0,10760.0,0.0,AIRTEL MONEY,Completed,2.0
6813,O005528,2025-08-20 15:14:00,C01176,P0056,ST021,In-Store,1.0,14270.0,0.15,M-Pesa,Returned,0.0
6814,O003473,2025-01-01 18:33:00,C00161,P0025,ST024,In-Store,1.0,53630.0,0.1,M-Pesa,Completed,0.0
6815,O001479,2024-07-02 14:42:00,C00989,P0033,ST099,Online,1.0,103260.0,,M-Pesa,Completed,6.0
6816,O006206,2025-10-26 11:28:00,C00844,P0183,ST099,Online,1.0,39320.0,0.05,Bank Transfer,Completed,3.0
6817,O003008,2024-12-04 13:28:00,C01048,P0175,ST015,In-Store,1.0,15740.0,0.0,M-Pesa,Cancelled,0.0
6818,O007052,2025-12-25 15:21:00,C00834,P0062,ST022,In-Store,2.0,20210.0,0.0,M-Pesa,Completed,0.0
6819,O000145,2024-01-19 19:16:00,C00781,P0160,ST023,In-Store,1.0,52970.0,0.0,M-Pesa,RETURNED,0.0
6820,O007046,2025-12-24 18:15:00,C00633,P0135,ST006,In-Store,1.0,3510.0,0.05,M-Pesa,Completed,0.0
6821,O001120,2024/05/19,C00240,P0165,ST022,In-Store,1.0,45630.0,0.0,mpesa,Completed,0.0
6822,O004566,2025-05-09 08:23:00,C00068,P0165,ST014,In-Store,1.0,45630.0,0.0,Bank Transfer,Completed,0.0
6823,O004074,2025-03-20 14:34:00,C00759,P0060,ST009,In-Store,2.0,20160.0,0.0,Credit/Debit Card,Returned,0.0
6824,O001130,2024-05-21 15:51:00,C00061,P0096,ST099,Online,2.0,6270.0,0.1,Airtel Money,Completed,3.0
6825,O003955,2025-03-06 15:12:00,C00406,P0059,ST001,In-Store,1.0,16280.0,0.0,AIRTEL MONEY,Completed,0.0
6826,O005553,2025-08-23 16:32:00,C00909,P0151,ST099,Online,1.0,47660.0,0.0,Credit/Debit Card,Completed,3.0
6827,O002787,2024-11-16 20:11:00,C00298,P0094,ST013,In-Store,2.0,7010.0,0.0,M pesa,Completed,0.0
6828,O002799,2024-11-17 12:52:00,C00987,P0183,ST001,In-Store,1.0,39320.0,,M-Pesa,Completed,0.0
6829,O001053,2024-05-11 12:41:00,C00351,P0165,ST099,Online,3.0,45630.0,0.0,MPESA ,Completed,6.0
6830,O000811,2024-04-14 10:31:00,C00170,P0008,ST099,Online,1.0,94740.0,0.0,M-PESA,Completed,2.0
6831,O002703,2024-11-09 17:19:00,C01309,P0165,ST099,Online,1.0,45630.0,0.0,m-pesa,COMPLETED,5.0
6832,O003914,2025-03-01 17:41:00,C01102,P0183,ST009,In-Store,1.0,39320.0,,Mpesa,COMPLETED,0.0
6833,O001555,2024-07-11 16:53:00,C00175,P0160,ST005,In-Store,1.0,52970.0,0.0,debit card,Completed,0.0
6834,O001069,2024-05-13 08:33:00,C00455,P0146,ST099,Online,1.0,29570.0,0.0,Bank Transfer,Completed,3.0
6835,O003146,2024-12-14 18:55:00,C00511,P0096,ST004,In-Store,1.0,6270.0,0.0,M-Pesa,Completed,0.0
6836,O002307,2024-10-01 12:22:00,C00868,P0060,ST018,In-Store,1.0,20160.0,0.0,M-Pesa,Completed,0.0
6837,O002978,2024-12-02 17:04:00,C01092,P0198,ST012,In-Store,1.0,35160.0,0.0,M-Pesa,Completed,0.0
6838,O004962,2025-06-23 18:24:00,C00619,P0104,ST022,In-Store,1.0,3780.0,0.0,cash ,Completed,0.0
6839,O007049,2025-12-24 09:19:00,C00180,P0080,ST007,In-Store,1.0,4980.0,0.0,airtel money,Cancelled,0.0
6840,O000897,2024-04-22 10:15:00,C01260,P0022,ST099,Online,1.0,63380.0,0.15,Airtel Money,Completed,1.0
6841,O002925,2024-11-27 12:24:00,C00802,P0044,ST009,In-Store,1.0,9920.0,0.05,M-Pesa,Completed,0.0
6842,O006762,2025-12-10 13:46:00,C00722,P0116,ST099,Online,1.0,13190.0,0.0,MPESA ,Cancelled,5.0
6843,O005496,17/08/2025,C00557,P0165,ST019,In-Store,1.0,45630.0,0.0,M-Pesa,Completed,0.0
6844,O001111,2024-05-18 11:20:00,C00885,P0191,ST003,In-Store,2.0,20900.0,0.0,Mpesa ,complete,0.0
6845,O002441,2024-10-14 08:45:00,C00971,P0060,ST099,Online,2.0,20160.0,0.0,Cash,Completed,4.0
6846,O002977,2024-12-02 18:01:00,C01057,P0061,ST005,In-Store,2.0,19410.0,0.05,M-Pesa,Completed,0.0
6847,O006542,2025-11-25 18:00:00,C01027,P0168,ST021,In-Store,1.0,31350.0,0.0,Bank Transfer,Completed,0.0
6848,O001320,2024-06-14 13:16:00,C00917,P0135,ST022,In-Store,1.0,3510.0,0.0,Airtel Money,Completed,0.0
6849,O005225,2025-07-20 17:28:00,C00362,P0030,ST018,In-Store,1.0,62130.0,0.0,Mpesa ,Completed,0.0
6850,O001652,2024-07-21 10:58:00,C00923,P0088,ST023,In-Store,2.0,10360.0,0.0,Airtel Money,Completed,0.0
6851,O005120,2025-07-08 14:45:00,C00764,P0168,ST017,In-Store,1.0,31350.0,0.0,mpesa,Completed,0.0
6852,O003103,2024-12-10 14:09:00,C00808,P0051,ST099,Online,2.0,20210.0,,Mpesa,Returned,5.0
6853,O007131,2025-12-31 13:08:00,C00070,P0017,ST099,Online,1.0,123410.0,0.0,Airtel Money,Returned,5.0
6854,O004334,2025-04-17 16:54:00,C00939,P0154,ST019,In-Store,4.0,14610.0,0.0,M-Pesa,Returned,0.0
6855,O004239,2025-04-06 18:53:00,C00563,P0111,ST006,In-Store,1.0,3840.0,0.0,M-Pesa,Completed,0.0
6856,O000799,2024-04-12 12:48:00,C00910 ,P0148,ST099,Online,1.0,32090.0,0.0,M-PESA,Completed,2.0
6857,O000597,2024-03-18 09:50:00,C01069,P0135,ST006,In-Store,1.0,3510.0,0.0,M-Pesa,Completed,0.0
6858,O006768,2025-12-11 08:22:00,C01027,P0091,ST099,Online,2.0,2270.0,0.15,M-Pesa,Completed,1.0
6859,O000074,2024-01-10 12:31:00,C00351,P0194,ST099,Online,1.0,24550.0,0.0,M-Pesa,Completed,5.0
6860,O000466,2024-03-02 13:27:00,C00195,P0160,ST008,In-Store,1.0,52970.0,0.0,M-Pesa,Completed,0.0
6861,O000486,05/03/2024,C00990,P0189,ST099,Online,3.0,32140.0,0.0,Card,Completed,2.0
6862,O004538,2025-05-07 20:40:00,C00941,P0036,ST020,In-Store,1.0,82830.0,0.0,M-Pesa,Completed,0.0
6863,O002146,2024-09-14 13:07:00,C01143,P0060,ST019,In-Store,1.0,20160.0,0.0,M-Pesa,Completed,0.0
6864,O001234,2024-06-03 11:13:00,C01121,P0017,ST002,In-Store,2.0,123410.0,0.0,M-Pesa,completed,0.0
6865,O000496,06/03/2024,C01292,P0183,ST017,In-Store,1.0,39320.0,0.0,M-Pesa,Completed,0.0
6866,O004267,2025-04-10 10:37:00,C00766,P0146,ST016,In-Store,1.0,29570.0,0.1,M-Pesa,Completed,0.0
6867,O003687,2025-01-30 18:49:00,,P0056,ST003,In-Store,2.0,14270.0,0.0,M-Pesa,Completed,0.0
6868,O000644,2024-03-24 12:58:00,C00474,P0109,ST023,In-Store,4.0,6990.0,0.0,Mpesa ,Completed,0.0
6869,O002108,2024-09-10 10:44:00,C00048,P0062,ST004,In-Store,2.0,20210.0,0.0,M-Pesa,Completed,0.0
6870,O006541,2025-11-25 16:32:00,C00388,P0008,ST008,In-Store,2.0,94740.0,0.0,M-Pesa,Completed,0.0
6871,O001264,2024-06-08 15:51:00,C00956,P0110,ST099,Online,1.0,9580.0,0.05,Mpesa,Completed,6.0
6872,O006742,2025-12-09 14:34:00,C00909,P0168,ST009,In-Store,2.0,31350.0,0.0,M-Pesa,Completed,0.0
6873,O005111,2025-07-07 17:03:00,C01090,P0074,ST004,In-Store,1.0,1880.0,0.0,Mpesa ,Completed,0.0
6874,O003412,2024-12-28 17:37:00,C00395,P0063,ST011,In-Store,1.0,1440.0,0.1,airtel money,Completed,0.0
6875,O000091,2024-01-12 18:17:00,C01152,P0029,ST099,Online,1.0,114610.0,0.0,cash,Completed,5.0
6876,O003269,2024-12-20 15:27:00,C00039,P0112,ST099,Online,1.0,9880.0,,M-Pesa,Returned,6.0
6877,O007060,2025-12-25 13:53:00,C00017,P0176,ST007,In-Store,1.0,10760.0,0.0,Mpesa ,Completed,0.0
6878,O002529,2024-10-23 08:22:00,C00713,P0012,ST021,In-Store,3.0,130340.0,0.0,Airtel Money,Completed,0.0
6879,O006467,2025-11-18 10:42:00,C00035,P0160,ST008,In-Store,1.0,,0.0,M-Pesa,Completed,0.0
6880,O005317,2025-07-30 11:07:00,C00534,P0074,ST099,Online,1.0,1880.0,0.2,Cash,Returned,6.0
6881,O001775,2024-08-03 16:14:00,C01175,P0030,ST099,Online,4.0,62130.0,0.0,M-PESA,Completed,1.0
6882,O001470,2024-07-01 20:04:00,C00834,P0059,ST099,Online,1.0,16280.0,0.0,Credit/Debit Card,Completed,6.0
6883,O001755,2024-08-01 13:27:00,C00422,P0166,ST003,In-Store,1.0,36200.0,0.0,Cash,Completed,0.0
6884,O006995,2025-12-22 08:13:00,C00167,P0160,ST099 ,Online,4.0,52970.0,0.0,M-Pesa,Completed,1.0
6885,O001474,2024-07-02 20:45:00,C00061,P0056,ST099,Online,1.0,14270.0,0.0,M-Pesa,Completed,2.0
6886,O001892,2024-08-18 09:37:00,,P0123,ST007,In-Store,1.0,7870.0,0.0,Cash,Completed,0.0
6887,O004194,2025-04-01 20:54:00,C00103,P0120,ST099,Online,2.0,10270.0,0.0,M-Pesa,Completed,4.0
6888,O003142,2024-12-13 17:28:00,C00376,P0198,ST099,Online,2.0,35160.0,0.0,Cash,Completed,4.0
6889,O006572,2025-11-27 12:24:00,C01156,P0005,ST099,Online,1.0,18960.0,0.0,M-Pesa,Completed,1.0
6890,O002352,2024-10-06 10:01:00,C00791,P0125,ST018,In-Store,1.0,5710.0,0.0,Bank Transfer,Completed,0.0
6891,O006887,2025-12-17 16:46:00,C00708,P0056,ST016,In-Store,,14270.0,0.15,M-Pesa,Completed,0.0
6892,O004452,2025-04-27 10:00:00,C00774,P0146,ST015,In-Store,2.0,29570.0,0.0,M pesa,Completed,0.0
6893,O002949,2024-11-29 16:57:00,C00054,P0034,ST013,In-Store,1.0,32600.0,,M-Pesa,Completed,0.0
6894,O000601,2024-03-19 13:43:00,C00648,P0165,ST099,Online,1.0,45630.0,,M pesa,Completed,1.0
6895,O003946,2025-03-05 10:21:00,C00678,P0059,ST099,Online,1.0,16280.0,0.0,M-Pesa,Completed,3.0
6896,O003230,2024-12-18 08:35:00,C00317,P0175,ST004,In-Store,1.0,15740.0,0.0,Bank Transfer,Returned,0.0
6897,O000401,2024-02-22 09:44:00,C01244,P0183,ST099,Online,4.0,39320.0,0.15,Cash,Completed,1.0
6898,O000433,2024-02-26 09:05:00,C00868,P0058,ST017,In-Store,1.0,17000.0,0.0,CASH,Completed,0.0
6899,O000030,2024-01-04 09:18:00,C00966,P0034,ST008 ,In-Store,1.0,32600.0,0.0,mpesa,Completed,0.0
6900,O005686,2025-09-05 08:21:00,C00628,P0023,ST014,In-Store,1.0,122960.0,0.0,M-PESA,Completed,0.0
6901,O001043,2024-05-10 15:18:00,C01090,P0139,ST005,In-Store,2.0,6700.0,0.0,Cash,Completed,0.0
6902,O002296,2024-09-30 17:42:00,C00874,P0173,ST015,In-Store,3.0,19620.0,0.0,M-Pesa,Completed,0.0
6903,O006382,2025-11-10 16:30:00,C01265,P0032,ST099,Online,1.0,112270.0,0.0,cash,Completed,6.0
6904,O005963,2025-10-04 12:25:00,C01001,P0010,ST018,In-Store,1.0,127120.0,0.0,M-Pesa,Completed,0.0
6905,O005240,2025-07-22 08:39:00,C00855,P0071,ST099,Online,2.0,4850.0,0.0,M-Pesa,complete,1.0
6906,O000847,2024-04-17 14:29:00,C00115,P0174,ST013,In-Store,1.0,29840.0,0.0,Cash,Completed,0.0
6907,O003361,2024-12-24 15:36:00,C00659,P0027,ST099,Online,1.0,26240.0,0.0,M-PESA,complete,6.0
6908,O002896,2024-11-25 14:42:00,C00540,P0084,ST099,Online,2.0,17830.0,0.0,Credit/Debit Card,Returned,5.0
6909,O002597,2024-10-30 20:29:00,C00144,P0058,ST099,Online,2.0,17000.0,0.0,M-Pesa,Completed,1.0
6910,O005320,2025-07-30 15:18:00,C00928,P0086,ST099,Online,2.0,19730.0,0.0,M-Pesa,Completed,2.0
6911,O003413,2024-12-28 17:13:00,C01338,P0104,ST016,In-Store,1.0,3780.0,0.0,M-Pesa,Cancelled,0.0
6912,O006699,2025-12-06 09:44:00,C00215,P0056,ST012,In-Store,1.0,14270.0,0.0,M-Pesa,Completed,0.0
6913,O004340,2025-04-17 20:56:00,C01238,P0183,ST015,In-Store,2.0,39320.0,0.0,Credit/Debit Card,Completed,0.0
6914,O004844,2025-06-08 08:14:00,C01083,P0060,ST003,In-Store,1.0,20160.0,0.0,M-Pesa,returned,0.0
6915,O005055,2025-07-03 20:03:00,C00481,P0030,ST099,Online,4.0,62130.0,0.0,Credit/Debit Card,Cancelled,5.0
6916,O001671,2024-07-23 19:00:00,C00317,P0173,ST002,In-Store,2.0,,0.0,Cash,complete,0.0
6917,O006346,2025-11-07 15:10:00,C01240,P0039,ST004,In-Store,2.0,75080.0,0.0,Bank Transfer,Returned,0.0
6918,O003486,2025-01-03 19:21:00,C01257,P0104,ST004,In-Store,1.0,3780.0,0.0,MPESA ,Completed,0.0
6919,O005606,2025-08-28 15:14:00,C00911,P0135,ST011,In-Store,1.0,3510.0,0.0,credit card,Cancelled,0.0
6920,O003506,2025-01-06 10:59:00,C00299,P0129,ST007,In-Store,1.0,10150.0,0.0,Mpesa ,Completed,0.0
6921,O006930,2025-12-19 18:53:00,C00851,P0061,ST099,Online,1.0,19410.0,0.0,M-Pesa,Completed,3.0
6922,O001318,2024-06-14 09:05:00,C01233,P0146,ST099,Online,1.0,29570.0,0.0,cash ,Completed,4.0
6923,O001851,2024-08-13 10:28:00,C00107,P0196,ST014,In-Store,2.0,20930.0,0.0,M-Pesa,complete,0.0
6924,O003094,2024-12-09 12:40:00,C01116,P0108,ST006,In-Store,2.0,14950.0,0.25,M-Pesa,Completed,0.0
6925,O005273,2025-07-26 19:57:00,C00507,P0032,ST099,Online,1.0,112270.0,0.0,Bank Transfer,Completed,3.0
6926,O000242,2024-01-29 20:43:00,C01237,P0025,ST099,Online,1.0,53630.0,0.05,Bank Transfer,Completed,1.0
6927,O004168,2025-03-29 17:17:00,C00203,P0075,ST099,Online,1.0,7540.0,,mpesa,Completed,3.0
6928,O004747,2025-05-29 15:27:00,C00742,P0161,ST099,Online,1.0,49910.0,0.05,Bank Transfer,Returned,4.0
6929,O000941,2024-04-27 11:27:00,C00440,P0126,ST008,In-Store,3.0,12920.0,0.2,Mpesa ,Completed,0.0
6930,O002396,2024-10-11 19:53:00,C00119,P0146,ST007,In-Store,1.0,29570.0,0.0,Cash,Returned,0.0
6931,O002142,2024-09-14 17:10:00,C01152,P0150,ST019,In-Store,2.0,32640.0,0.0,Airtel Money,Completed,0.0
6932,O005754,2025-09-12 17:52:00,C00591,P0156,ST003,In-Store,1.0,30350.0,0.0,AIRTEL MONEY,Completed,0.0
6933,O001515,2024-07-07 19:48:00,C00567,P0062,ST099,Online,1.0,20210.0,0.0,Airtel Money,Completed,4.0
6934,O001494,2024-07-05 18:05:00,C01112,P0001,ST004,In-Store,1.0,85060.0,0.0,M-Pesa,Completed,0.0
6935,O006803,2025-12-13 11:58:00,C01204,P0159,ST003,In-Store,2.0,14960.0,0.25,MPESA ,Completed,0.0
6936,O005765,2025-09-13 08:36:00,C00865,P0126,ST099,Online,1.0,12920.0,0.0,Airtel Money,Completed,2.0
6937,O002576,2024-10-27 10:52:00,C01097,P0022,ST019 ,In-Store,1.0,63380.0,0.0,M-Pesa,complete,0.0
6938,O005436,2025-08-11 19:28:00,C00096,P0084,ST099 ,Online,4.0,17830.0,0.0,M-Pesa,Completed,1.0
6939,O001556,2024-07-11 12:06:00,C01313,P0041,ST099,Online,1.0,83810.0,0.0,Cash,Completed,4.0
6940,O005533,2025-08-20 15:11:00,C00380,P0023,ST016,In-Store,2.0,122960.0,0.0,M-Pesa,Returned,0.0
6941,O003023,2024-12-05 14:31:00,C00701,P0162,ST005,In-Store,2.0,42760.0,0.0,cash,Completed,0.0
6942,O006807,2025-12-13 20:45:00,C00185,P0129,ST019,In-Store,1.0,10150.0,0.0,MPESA ,Completed,0.0
6943,O004460,2025-04-28 12:52:00,C01247,P0056,ST099,Online,1.0,14270.0,0.0,CARD,complete,3.0
6944,O005554,2025-08-23 08:39:00,C00649 ,P0183,ST023,In-Store,1.0,39320.0,0.0,m-pesa,Completed,0.0
6945,O004580,2025-05-11 15:16:00,C00862,P0084,ST099,Online,1.0,17830.0,0.05,Mpesa,Completed,5.0
6946,O003232,2024-12-18 11:08:00,C01246,P0007,ST022,In-Store,2.0,46260.0,,M-Pesa,Returned,0.0
6947,O003402,2024-12-27 11:38:00,C00015,P0169,ST008,In-Store,1.0,57960.0,0.1,M pesa,Completed,0.0
6948,O003331,2024-12-22 16:34:00,C01181,P0032,ST001 ,In-Store,1.0,112270.0,0.0,M-Pesa,completed,0.0
6949,O002365,2024-10-07 11:46:00,C01060,P0060,ST099,Online,2.0,20160.0,0.0,M-Pesa,Completed,5.0
6950,O001807,2024-08-07 14:35:00,C00190,P0004,ST099 ,Online,1.0,38100.0,0.0,AIRTEL MONEY,Completed,3.0
6951,O002888,2024-11-25 13:16:00,C00136,P0023,ST004,In-Store,1.0,122960.0,0.0,M-Pesa,Completed,0.0
6952,O002461,2024-10-16 14:27:00,C00608,P0013,ST099,Online,1.0,30190.0,0.0,Mpesa,Completed,3.0
6953,O005250,2025-07-23 18:54:00,C00917,P0063,ST010,In-Store,1.0,1440.0,0.0,M-Pesa,Completed,0.0
6954,O006168,2025-10-24 18:57:00,C00231,P0020,ST099,Online,1.0,10070.0,0.15,mpesa,Completed,4.0
6955,O004860,2025-06-11 14:44:00,C00523,P0135,ST014,In-Store,1.0,3510.0,0.0,Bank Transfer,Completed,0.0
6956,O005908,2025-09-28 12:04:00,C00063,P0139,ST020,In-Store,1.0,6700.0,,cash ,Completed,0.0
6957,O002505,2024-10-20 16:49:00,C00603,P0058,ST099,Online,1.0,17000.0,0.15,Cash,Completed,2.0
6958,O001185,2024-05-28 16:41:00,C00500,P0112,ST099,Online,1.0,9880.0,0.0,M-Pesa,completed,4.0
6959,O002376,2024-10-09 19:46:00,C00600,P0160,ST014,In-Store,1.0,52970.0,0.0,Credit/Debit Card,Completed,0.0
6960,O004393,2025-04-21 08:03:00,C01070,P0165,ST023,In-Store,1.0,45630.0,0.0,CASH,Completed,0.0
6961,O003336,2024-12-22 12:14:00,C01115,P0057,ST002,In-Store,1.0,2110.0,0.0,mpesa,complete,0.0
6962,O002562,2024-10-26 12:30:00,C01044,P0060,ST099,Online,2.0,20160.0,0.0,M-Pesa,Cancelled,3.0
6963,O005040,2025-07-01 18:58:00,C00514,P0013,ST013,In-Store,1.0,30190.0,0.0,M-Pesa,Completed,0.0
6964,O005692,2025/09/06,C00177,P0023,ST099,Online,1.0,122960.0,0.05,Cash,complete,1.0
6965,O004238,2025-04-06 16:07:00,C00559,P0047,ST008,In-Store,1.0,16000.0,0.0,Mpesa ,Cancelled,0.0
6966,O003932,2025-03-03 15:26:00,C00247,P0179,ST099,Online,1.0,40350.0,0.0,Credit/Debit Card,Completed,3.0
6967,O004948,2025-06-21 12:11:00,C00161,P0111,ST017,In-Store,1.0,3840.0,0.0,M-Pesa,Completed,0.0
6968,O005787,2025-09-16 10:02:00,C00463,P0160,ST020,In-Store,2.0,52970.0,0.0,M-Pesa,Completed,0.0
6969,O001761,2024-08-02 11:05:00,C01061,P0112,ST015,In-Store,4.0,9880.0,0.0,Cash,Completed,0.0
6970,O003261,2024-12-20 18:51:00,C00785,P0160,ST023 ,In-Store,1.0,52970.0,0.0,Mpesa ,Completed,0.0
6971,O001965,2024-08-25 13:41:00,C01042,P0160,ST099,Online,1.0,52970.0,0.0,M-Pesa,Completed,2.0
6972,O005231,2025-07-20 19:21:00,C00948,P0181,ST017,In-Store,2.0,23170.0,,M-Pesa,Completed,0.0
6973,O002946,2024-11-29 15:36:00,C00272,P0016,ST099,Online,2.0,38090.0,0.0,Bank Transfer,Completed,2.0
6974,O006869,2025-12-17 14:17:00,C01001,P0160,ST022,In-Store,1.0,52970.0,0.2,CARD,COMPLETED,0.0
6975,O006397,2025-11-12 18:46:00,C00821,P0163,ST006,In-Store,1.0,41210.0,0.0,Cash,Completed,0.0
6976,O006416,13-Nov-2025,C00068,P0197,ST099,Online,2.0,22390.0,0.1,Mpesa ,Completed,4.0
6977,O006040,2025-10-11 09:48:00,C00042,P0153,ST099,Online,1.0,58800.0,0.0,M-PESA,Completed,2.0
6978,O003158,2024-12-14 09:53:00,C01255,P0060,ST099,Online,1.0,20160.0,0.0,Bank Transfer,Completed,2.0
6979,O005762,2025-09-13 18:17:00,C01024,P0010,ST004,In-Store,1.0,127120.0,0.0,Cash,complete,0.0
6980,O000445,2024-02-29 10:03:00,C00395,P0087,ST021 ,In-Store,1.0,11890.0,0.0,Card,canceled,0.0
6981,O002086,2024-09-08 15:13:00,C00077,P0058,ST010,In-Store,1.0,17000.0,0.0,airtel money,Completed,0.0
6982,O005217,2025-07-19 12:12:00,C00922,P0110,ST099,Online,1.0,9580.0,0.0,M-PESA,Cancelled,1.0
6983,O001262,2024-06-08 15:41:00,C01094,P0062,ST099,Online,1.0,20210.0,0.0,m-pesa,Completed,5.0
6984,O006165,2025-10-23 19:12:00,C00967,P0074,ST099,Online,1.0,1880.0,0.05,M-Pesa,Completed,6.0
6985,O002755,2024-11-12 11:48:00,C01126,P0004,ST015,In-Store,1.0,38100.0,0.0,M-Pesa,Cancelled,0.0
6986,O005537,2025-08-21 09:27:00,C00555,P0088,ST005,In-Store,1.0,10360.0,0.0,M-Pesa,Completed,0.0
6987,O002575,2024-10-27 08:19:00,C01329,P0162,ST020,In-Store,2.0,42760.0,0.0,mpesa,Completed,0.0
6988,O005268,2025-07-25 20:21:00,C00775,P0165,ST014,In-Store,1.0,45630.0,0.0,Cash,Completed,0.0
6989,O005951,2025-10-03 09:11:00,C00081,P0086,ST009,In-Store,1.0,19730.0,0.0,cash ,Completed,0.0
6990,O005770,14-Sep-2025,C00574,P0044,ST004,In-Store,1.0,9920.0,0.0,M-Pesa,complete,0.0
6991,O004446,2025-04-27 16:31:00,C01211,P0022,ST099,Online,1.0,63380.0,0.0,Cash,Completed,4.0
6992,O003922,2025-03-03 18:31:00,C00522,P0174,ST099,Online,1.0,29840.0,0.1,M-Pesa,Returned,3.0
6993,O006446,2025-11-16 09:59:00,C00140,P0061,ST023,In-Store,2.0,19410.0,0.0,Mpesa ,Completed,0.0
6994,O006034,2025-10-10 18:39:00,C00909 ,P0162,ST005,In-Store,1.0,42760.0,0.0,Cash,Cancelled,0.0
6995,O001078,2024-05-14 14:35:00,C00440,P0005,ST099,Online,1.0,18960.0,0.0,Credit/Debit Card,Completed,6.0
6996,O002887,2024-11-25 10:29:00,C00267,P0198,ST099,Online,2.0,35160.0,0.0,Credit/Debit Card,Completed,1.0
6997,O003273,2024-12-20 13:10:00,C00362,P0034,ST007,In-Store,1.0,32600.0,0.0,M-Pesa,COMPLETED,0.0
6998,O006273,2025/11/01,C00395,P0084,ST005,In-Store,1.0,17830.0,0.0,M-Pesa,Completed,0.0
6999,O001233,2024-06-03 09:09:00,C00509,P0160,ST004,In-Store,1.0,52970.0,0.0,AIRTEL MONEY,Completed,0.0
7000,O005185,2025-07-16 12:43:00,C00929 ,P0060,ST014,In-Store,1.0,20160.0,0.0,M-Pesa,Completed,0.0
7001,O001150,2024-05-24 19:39:00,C00960,P0104,ST023,In-Store,1.0,3780.0,0.0,Mpesa,Completed,0.0
7002,O003729,2025-02-05 12:11:00,C00089,P0168,ST099,Online,3.0,31350.0,0.0,M-Pesa,Completed,6.0
7003,O005960,2025-10-04 11:19:00,C01131,P0181,ST099,Online,1.0,23170.0,0.0,AIRTEL MONEY,Returned,4.0
7004,O004038,2025-03-16 11:19:00,C01132,P0158,ST015,In-Store,1.0,36400.0,0.0,MPESA ,completed,0.0
7005,O003937,2025-03-04 10:10:00,C00955,P0071,ST005,In-Store,1.0,4850.0,,M-Pesa,Completed,0.0
7006,O000417,2024-02-24 19:32:00,C01142,P0196,ST020,In-Store,1.0,20930.0,,M pesa,Completed,0.0
7007,O005074,2025-07-04 10:32:00,C00951,P0174,ST005,In-Store,1.0,29840.0,0.0,Credit/Debit Card,Completed,0.0
7008,O001246,2024-06-06 08:02:00,C00970,P0022,ST014,In-Store,2.0,63380.0,0.0,Mpesa ,Completed,0.0
7009,O005668,2025-09-03 20:20:00,C01086,P0146,ST016,In-Store,1.0,29570.0,0.0,M-PESA,Completed,0.0
7010,O001862,2024-08-15 16:58:00,C00933,P0196,ST099,Online,3.0,20930.0,0.0,Cash,Completed,6.0
7011,O004255,2025-04-08 12:11:00,C01018,P0095,ST099,Online,1.0,4260.0,0.0,M-Pesa,Completed,1.0
7012,O003180,2024-12-15 10:40:00,,P0042,ST099,Online,1.0,123680.0,0.05,Airtel-Money,Completed,1.0
7013,O003660,2025-01-26 16:58:00,C01294,P0183,ST099,Online,2.0,39320.0,0.0,airtel money,returned,1.0
7014,O003717,2025-02-02 14:53:00,C00449,P0030,ST099,Online,1.0,62130.0,0.0,credit card,Completed,1.0
7015,O005865,2025-09-25 08:25:00,C00993,P0039,ST099,Online,1.0,75080.0,0.0,mpesa,complete,5.0
7016,O005255,2025-07-23 13:02:00,C00244,P0181,ST099,Online,1.0,23170.0,0.0,MPESA ,Completed,1.0
7017,O001273,2024-06-09 17:50:00,C00944,P0194,ST012,In-Store,1.0,24550.0,,Mpesa,Completed,0.0
7018,O006333,2025-11-06 19:31:00,C00522,P0111,ST014,In-Store,1.0,3840.0,0.0,M pesa,Completed,0.0
7019,O002644,2024-11-03 15:26:00,C01253,P0058,ST021,In-Store,2.0,17000.0,0.05,Cash,Completed,0.0
7020,O005520,2025-08-19 19:44:00,C01284,P0146,ST019,In-Store,1.0,29570.0,0.1,M-Pesa,Completed,0.0
7021,O004859,2025-06-10 14:22:00,C00232,P0174,ST014,In-Store,2.0,29840.0,0.0,M pesa,Completed,0.0
7022,O003102,2024-12-10 20:51:00,C00624,P0069,ST016,In-Store,1.0,20690.0,0.0,M-Pesa,Completed,0.0
7023,O004336,2025-04-17 15:26:00,C00118,P0163,ST005,In-Store,1.0,41210.0,0.0,Bank Transfer,Completed,0.0
7024,O000884,2024-04-21 17:03:00,C01070,P0012,ST099,Online,3.0,130340.0,0.0,Cash,Returned,2.0
7025,O000624,2024-03-22 11:22:00,C00989,P0152,ST002,In-Store,4.0,,0.0,Airtel money,COMPLETED,0.0
7026,O006795,2025-12-13 10:16:00,,P0194,ST017,In-Store,2.0,24550.0,0.0,Mpesa ,Completed,0.0
7027,O002552,2024-10-26 09:35:00,C00508,P0062,ST099,Online,2.0,20210.0,0.0,M-Pesa,Completed,5.0
7028,O002966,2024-12-01 18:21:00,C01321,P0108,ST010,In-Store,2.0,14950.0,0.0,mpesa,completed,0.0
7029,O002202,2024-09-21 17:11:00,C01021,P0091 ,ST099,Online,1.0,2270.0,,Bank Transfer,Completed,4.0
7030,O003467,2025-01-01 08:40:00,C01242,P0171,ST002,In-Store,1.0,48310.0,0.0,airtel money,Completed,0.0
7031,O007035,2025-12-24 09:09:00,C01042,P0198,ST001,In-Store,1.0,35160.0,0.0,Credit/Debit Card,Returned,0.0
7032,O000534,2024-03-10 17:08:00,C01321 ,P0096,ST099,Online,2.0,6270.0,0.0,M-Pesa,Completed,6.0
7033,O003773,2025-02-10 10:38:00,C00400,P0188,ST021,In-Store,1.0,10310.0,0.0,M-Pesa,Completed,0.0
7034,O002288,2024-09-29 11:40:00,C01100,P0069,ST008,In-Store,2.0,20690.0,0.0,MPESA ,Completed,0.0
7035,O000020,2024-01-03 12:22:00,C00503,P0169,ST019,In-Store,1.0,57960.0,0.0,mpesa,Completed,0.0
7036,O001674,2024-07-25 16:18:00,C00609,P0106,ST099,Online,1.0,12940.0,0.1,M-Pesa,Completed,6.0
7037,O006606,2025-11-30 20:43:00,C01100,P0009,ST099,Online,1.0,119240.0,0.0,M-Pesa,Completed,6.0
7038,O000743,2024-04-06 15:22:00,C01256,P0173,ST099,Online,1.0,19620.0,0.0,credit card,Completed,2.0
7039,O005505,2025-08-17 09:48:00,C01132,P0056,ST017,In-Store,1.0,14270.0,,Airtel Money,Completed,0.0
7040,O002980,2024-12-02 12:16:00,C00207,P0060,ST099,Online,1.0,20160.0,0.0,Bank Transfer,Completed,1.0
7041,O003395,2024-12-26 11:51:00,C00254,P0158,ST002,In-Store,1.0,36400.0,0.0,Bank Transfer,Completed,0.0
7042,O001385,2024-06-22 10:53:00,C01339,P0080,ST014,In-Store,1.0,4980.0,0.0,Airtel Money,completed,0.0
7043,O002849,2024-11-20 13:45:00,C01296,P0030,ST016,In-Store,1.0,62130.0,0.0,CASH,Returned,0.0
7044,O005864,2025-09-25 16:48:00,C01010,P0056,ST002,In-Store,1.0,14270.0,0.0,Credit/Debit Card,Completed,0.0
7045,O005795,2025-09-17 10:07:00,C00801,P0174,ST099,Online,2.0,29840.0,0.0,Credit/Debit Card,complete,5.0
7046,O002397,2024-10-11 17:28:00,,P0194,ST019,In-Store,2.0,24550.0,0.0,Credit/Debit Card,Completed,0.0
7047,O000340,2024-02-14 13:54:00,C00475,P0080,ST099,Online,1.0,4980.0,0.1,Airtel Money,Completed,1.0
7048,O002749,2024-11-11 14:06:00,C00189,P0128,ST099,Online,2.0,13910.0,0.0,M-Pesa,Completed,5.0
7049,O004280,2025-04-11 14:11:00,C01256,P0056,ST009,In-Store,4.0,14270.0,0.0,Credit/Debit Card,Completed,0.0
7050,O004922,2025-06-17 16:05:00,C00919,P0016,ST021,In-Store,2.0,38090.0,0.0,Credit/Debit Card,completed,0.0
7051,O003501,2025-01-05 14:02:00,C00170,P0135,ST099,Online,1.0,3510.0,0.0,Bank Transfer,Completed,4.0
7052,O002998,2024-12-03 08:21:00,C01318,P0060,ST003,In-Store,1.0,20160.0,0.0,M-Pesa,Completed,0.0
7053,O003387,2024-12-26 20:29:00,C00492,P0161,ST099,Online,2.0,49910.0,0.0,Cash,Returned,4.0
7054,O003054,2024-12-07 12:38:00,C00678,P0051,ST015,In-Store,1.0,20210.0,0.15,M-Pesa,Completed,0.0
7055,O002240,2024-09-23 12:46:00,C00390,P0160,ST007,In-Store,1.0,52970.0,0.0,Credit/Debit Card,Completed,0.0
7056,O000938,2024-04-27 20:04:00,C00276,P0008,ST099,Online,1.0,94740.0,0.0,Airtel Money,Completed,3.0
7057,O004367,2025-04-20 20:35:00,C00527,P0160,ST099,Online,1.0,52970.0,0.0,M pesa,Completed,2.0
7058,O002951,2024-11-29 15:31:00,C00520,P0060,ST099,Online,1.0,20160.0,0.0,Airtel Money,Completed,4.0
7059,O001187,2024-05-28 13:11:00,C00497,P0139,ST014,In-Store,1.0,6700.0,0.0,Airtel Money,Completed,0.0
7060,O004262,2025-04-09 11:45:00,C00538,P0060,ST099,Online,1.0,20160.0,0.0,mpesa,Completed,3.0
7061,O006492,2025-11-20 11:56:00,C00665,P0160,ST099,Online,2.0,52970.0,0.0,mpesa,complete,5.0
7062,O006449,2025-11-16 10:28:00,C00459,P0176,ST099,Online,1.0,10760.0,0.0,Bank Transfer,Returned,5.0
7063,O006685,2025-12-05 16:15:00,C00541,P0174,ST020,In-Store,1.0,29840.0,0.0,M-Pesa,Completed,0.0
7064,O002281,2024-09-28 14:42:00,C00184,P0146,ST005,In-Store,1.0,29570.0,0.0,M-Pesa,Completed,0.0
7065,O003929,2025-03-03 18:59:00,C00160,P0051,ST099,Online,2.0,20210.0,,Bank Transfer,Completed,2.0
7066,O001853,2024-08-13 18:18:00,C00864,P0001,ST008,In-Store,1.0,85060.0,0.0,cash ,COMPLETED,0.0
7067,O005811,2025-09-19 20:54:00,C00054,P0048,ST099,Online,2.0,21400.0,0.0,mpesa,Returned,3.0
7068,O004137,2025-03-27 17:36:00,C00406,P0088,ST015,In-Store,1.0,10360.0,0.0,Airtel-Money,Completed,0.0
7069,O007008,2025-12-23 14:12:00,C00086,P0198,ST099,Online,1.0,35160.0,0.0,m-pesa,Completed,4.0
7070,O002791,2024-11-16 18:55:00,,P0146,ST099,Online,2.0,29570.0,0.0,M-Pesa,Completed,4.0
7071,O004874,2025-06-12 15:30:00,C00660,P0051,ST099,Online,1.0,20210.0,0.05,M-Pesa,Completed,5.0
7072,O001886,2024-08-17 16:32:00,C01086,P0104,ST099,Online,1.0,3780.0,0.0,M-Pesa,Completed,6.0
7073,O003658,2025-01-26 13:59:00,C00821,P0013,ST015,In-Store,3.0,30190.0,0.0,M-Pesa,Completed,0.0
7074,O003615,2025-01-20 15:58:00,C00344,P0060,ST099,Online,1.0,20160.0,0.0,AIRTEL MONEY,Completed,6.0
7075,O006600,2025-11-29 08:39:00,C00270,P0079,ST019,In-Store,2.0,17060.0,0.0,M-Pesa,Completed,0.0
7076,O003513,2025-01-07 17:39:00,C00147,P0061,ST022,In-Store,2.0,19410.0,0.0,Mpesa ,Returned,0.0
7077,O002399,2024-10-11 13:20:00,C00042,P0141,ST099,Online,2.0,12880.0,0.0,M-Pesa,Cancelled,6.0
7078,O002100,2024-09-09 12:15:00,C00061,P0063,ST010,In-Store,2.0,1440.0,0.0,M-Pesa,Cancelled,0.0
7079,O007071,2025-12-26 20:19:00,C00407,P0096,ST003,In-Store,1.0,6270.0,0.0,m-pesa,Returned,0.0
7080,O005894,2025-09-27 16:27:00,C00884,P0012,ST024,In-Store,2.0,130340.0,0.2,m-pesa,Returned,0.0
7081,O002158,2024-09-15 13:14:00,C00995,P0146,ST010,In-Store,1.0,29570.0,0.0,Airtel Money,Completed,0.0
7082,O003694,2025-01-30 13:57:00,C01312,P0172,ST099,Online,1.0,38980.0,0.0,Credit/Debit Card,Completed,3.0
7083,O005791,2025-09-16 09:25:00,C00369,P0024,ST099,Online,1.0,85100.0,0.0,M-Pesa,Completed,4.0
7084,O000031,2024-01-04 14:20:00,C00764,P0168,ST022,In-Store,1.0,31350.0,0.0,Mpesa ,Cancelled,0.0
7085,O004275,2025-04-10 19:17:00,C00438,P0111,ST003,In-Store,1.0,3840.0,0.0,M-Pesa,Completed,0.0
7086,O002666,2024-11-05 19:02:00,C01227,P0045,ST001,In-Store,3.0,,0.1,Bank Transfer,Completed,0.0
7087,O003487,2025-01-04 18:21:00,C01289,P0119,ST099,Online,-2.0,10780.0,0.1,Bank Transfer,Returned,6.0
7088,O004729,2025-05-27 12:25:00,C01322,P0198,ST010,In-Store,1.0,35160.0,,Credit/Debit Card,Completed,0.0
7089,O004197,2025-04-02 11:54:00,C00820,P0070,ST099,Online,1.0,18010.0,0.0,M-Pesa,Completed,4.0
7090,O004159,2025-03-29 14:39:00,C00165,P0125,ST016,In-Store,2.0,5710.0,0.0,Airtel money,completed,0.0
7091,O006806,2025-12-13 15:13:00,C00576,P0158,ST099,Online,1.0,36400.0,0.0,M-Pesa,Cancelled,3.0
7092,O001106,2024-05-18 15:02:00,C00069,P0091,ST099,Online,1.0,2270.0,0.0,M-Pesa,Completed,1.0
7093,O000489,2024-03-05 17:53:00,C01133,P0033,ST004,In-Store,1.0,103260.0,0.0,Bank Transfer,COMPLETED,0.0
7094,O000316,2024-02-11 11:37:00,C00971,P0175,ST099,Online,2.0,15740.0,0.0,Airtel Money,Completed,2.0
7095,O001472,02-Jul-2024,C01179,P0080,ST099,Online,1.0,4980.0,0.0,M-Pesa,Completed,6.0
7096,O006118,2025-10-18 20:54:00,C00747,P0004,ST099,Online,2.0,38100.0,0.0,M-Pesa,Completed,1.0
7097,O000383,2024-02-20 10:42:00,C00074,P0060,ST099,Online,2.0,20160.0,0.0,M-Pesa,completed,5.0
7098,O004517,04/05/2025,C00518,P0111 ,ST099,Online,4.0,3840.0,,Cash,Returned,4.0
7099,O007121,2025-12-30 18:11:00,C00485,P0151,ST099,Online,1.0,47660.0,,mpesa,Completed,6.0
7100,O003813,2025-02-16 14:41:00,C00360,P0042,ST024,In-Store,1.0,123680.0,0.0,M pesa,Completed,0.0
7101,O003598,2025-01-18 14:12:00,C01209,P0146,ST019,In-Store,1.0,29570.0,0.0,M pesa,Completed,0.0
7102,O000454,2024-03-01 10:45:00,C00019,P0150,ST003,In-Store,1.0,32640.0,0.0,M-PESA,complete,0.0
7103,O004762,2025-05-30 17:21:00,C01254,P0039,ST018,In-Store,2.0,75080.0,0.2,Bank Transfer,Completed,0.0
7104,O005119,2025-07-08 18:38:00,C00813,P0080,ST099,Online,1.0,4980.0,0.0,credit card,Returned,2.0
7105,O002834,2024-11-19 11:23:00,C00161,P0093,ST099,Online,1.0,15030.0,0.0,M-Pesa,completed,6.0
7106,O004076,2025-03-20 10:46:00,,P0012,ST023,In-Store,1.0,130340.0,0.0,m-pesa,Completed,0.0
7107,O000630,2024-03-22 17:28:00,C00674,P0096,ST099,Online,1.0,6270.0,0.0,M-Pesa,completed,3.0
7108,O005569,2025-08-24 18:05:00,C00351,P0042,ST022,In-Store,2.0,123680.0,0.0,Credit/Debit Card,complete,0.0
7109,O005600,2025-08-28 17:33:00,C01063,P0120,ST015,In-Store,1.0,10270.0,,Airtel Money,Completed,0.0
7110,O001118,2024-05-19 08:15:00,C00774,P0074,ST016,In-Store,1.0,1880.0,0.05,Cash,Completed,0.0
7111,O005602,2025-08-28 13:19:00,C00101,P0175,ST015,In-Store,1.0,15740.0,0.0,M-PESA,Completed,0.0
7112,O001490,2024/07/04,C00266,P0016,ST001,In-Store,1.0,38090.0,,Mpesa,Completed,0.0
7113,O004360,2025-04-19 19:54:00,C00223,P0135,ST020,In-Store,2.0,3510.0,0.0,M-Pesa,Completed,0.0
7114,O002984,2024-12-02 12:51:00,C00004,P0129,ST099,Online,1.0,10150.0,0.1,Credit/Debit Card,Completed,1.0
7115,O003198,2024-12-16 15:43:00,C01002,P0135,ST099,Online,1.0,3510.0,0.0,M-Pesa,Completed,3.0
7116,O005416,2025-08-09 13:51:00,C00553,P0056,ST018,In-Store,2.0,14270.0,0.2,Mpesa ,Completed,0.0
7117,O006004,2025-10-08 09:10:00,C01057,P0079,ST010,In-Store,1.0,17060.0,0.0,M-Pesa,Completed,0.0
7118,O005216,2025-07-18 19:59:00,C00070,P0142,ST099,Online,1.0,5880.0,0.0,Bank Transfer,Completed,5.0
7119,O003803,2025-02-15 19:36:00,C00478,P0071,ST099,Online,4.0,4850.0,0.0,M pesa,Completed,2.0
7120,O000019,2024-01-03 11:56:00,C00509,P0160,ST099,Online,1.0,52970.0,0.0,MPESA ,Completed,2.0
7121,O004210,2025-04-03 15:08:00,C01083,P0084,ST011,In-Store,1.0,17830.0,0.0,M-Pesa,complete,0.0
7122,O000849,2024-04-17 09:40:00,C00140,P0033,ST008,In-Store,2.0,103260.0,0.0,MPESA ,completed,0.0
7123,O001454,2024-06-30 10:44:00,C00973,P0070,ST020,In-Store,1.0,18010.0,0.15,Credit/Debit Card,Completed,0.0
7124,O005857,2025-09-24 09:23:00,C00919,P0162,ST099,Online,1.0,42760.0,0.0,Airtel Money,Completed,3.0
7125,O001972,2024-08-26 11:47:00,C00853,P0053,ST019,In-Store,1.0,13410.0,0.0,m-pesa,Completed,0.0
7126,O001788,2024-08-05 08:47:00,C00716,P0009,ST021,In-Store,1.0,119240.0,0.0,Airtel Money,Completed,0.0
7127,O002398,2024-10-11 16:37:00,C00993,P0060,ST099,Online,1.0,20160.0,0.0,M-Pesa,Returned,6.0
7128,O002710,2024-11-09 08:12:00,C01158,P0168,ST099,Online,1.0,31350.0,0.0,M-Pesa,Completed,6.0
7129,O000775,2024-04-10 10:43:00,C00898,P0013,ST022,In-Store,2.0,30190.0,0.0,M-Pesa,Completed,0.0
7130,O006079,2025-10-13 12:22:00,C00291,P0060,ST022,In-Store,1.0,20160.0,0.0,M-Pesa,Completed,0.0
7131,O004786,2025-06-02 12:10:00,C00997,P0012,ST003,In-Store,2.0,130340.0,0.05,mpesa,COMPLETED,0.0
7132,O006047,11/10/2025,,P0005,ST099,Online,1.0,18960.0,0.0,M-Pesa,Completed,1.0
7133,O000800,2024-04-12 10:42:00,C01087,P0160,ST021,In-Store,1.0,52970.0,,MPESA ,Completed,0.0
7134,O006671,2025-12-05 13:46:00,C00883,P0021,ST022,In-Store,1.0,135600.0,0.0,M-Pesa,COMPLETED,0.0
7135,O002912,2024-11-26 20:51:00,C00506,P0092,ST016,In-Store,1.0,2840.0,0.0,CASH,Completed,0.0
7136,O004270,2025-04-10 10:28:00,C00282,P0163,ST099,Online,1.0,41210.0,0.0,M-Pesa,Completed,6.0
7137,O006376,2025-11-10 20:29:00,C00081,P0159,ST099,Online,1.0,14960.0,0.05,MPESA ,Completed,3.0
7138,O003358,2024-12-24 09:19:00,C00040,P0039,ST018,In-Store,1.0,75080.0,0.0,M-Pesa,Completed,0.0
7139,O005280,2025-07-27 11:09:00,C00601,P0197,ST099,Online,1.0,22390.0,,M-Pesa,Completed,3.0
7140,O002123,2024-09-12 11:20:00,C00381,P0088,ST099,Online,2.0,10360.0,0.0,Credit/Debit Card,COMPLETED,6.0
7141,O001552,2024-07-11 11:38:00,C00379,P0091,ST099,Online,1.0,2270.0,0.0,M-Pesa,Completed,5.0
7142,O003132,2024-12-13 12:08:00,C00247,P0173,ST011,In-Store,2.0,19620.0,0.0,Bank Transfer,RETURNED,0.0
7143,O006897,2025-12-18 19:55:00,C01281,P0176,ST002,In-Store,1.0,10760.0,0.0,M-Pesa,Completed,0.0
7144,O006880,2025-12-17 19:47:00,C00066 ,P0121,ST022,In-Store,1.0,5670.0,0.0,m-pesa,Completed,0.0
7145,O004843,2025-06-08 20:50:00,C00079,P0016,ST014,In-Store,,38090.0,0.1,M-Pesa,Cancelled,0.0
7146,O006879,2025-12-17 19:57:00,C00908,P0060,ST007,In-Store,2.0,20160.0,0.0,M pesa,Completed,0.0
7147,O002878,2024-11-24 10:32:00,C01169,P0135,ST019,In-Store,1.0,3510.0,0.0,Mpesa ,Completed,0.0
7148,O001819,2024-08-09 11:36:00,C01249,P0174,ST005,In-Store,1.0,29840.0,,M-Pesa,Completed,0.0
7149,O006194,2025-10-25 16:50:00,C00711,P0160,ST099,Online,2.0,52970.0,0.0,Cash,Completed,5.0
7150,O002801,2024-11-17 18:54:00,C00773,P0104,ST014,In-Store,1.0,3780.0,0.0,M-Pesa,Completed,0.0
7151,O000590,2024-03-18 14:25:00,C01137,P0080,ST099,Online,1.0,4980.0,,cash,Completed,3.0
7152,O004901,2025-06-15 20:32:00,C00076,P0056,ST099,Online,2.0,14270.0,0.0,MPESA ,Completed,2.0
7153,O005179,2025-07-15 12:49:00,C01082,P0122,ST018,In-Store,1.0,1050.0,0.0,M-Pesa,Completed,0.0
7154,O006642,2025-12-02 18:23:00,,P0033,ST016,In-Store,1.0,103260.0,0.05,mpesa,Completed,0.0
7155,O001046,2024-05-11 09:11:00,C01227,P0095,ST021,In-Store,1.0,4260.0,0.0,mpesa,Completed,0.0
7156,O004041,2025-03-16 19:22:00,C00673,P0197,ST012,In-Store,1.0,22390.0,0.0,credit card,Completed,0.0
7157,O005546,2025-08-22 12:35:00,C00972,P0146,ST099,Online,1.0,29570.0,0.0,Airtel Money,Completed,3.0
7158,O004749,2025-05-29 10:42:00,C00198,P0062,ST003,In-Store,1.0,20210.0,0.0,M-Pesa,completed,0.0
7159,O006328,2025-11-06 20:40:00,C00748,P0070,ST099,Online,1.0,18010.0,0.0,M-Pesa,Completed,4.0
7160,O005759,2025-09-13 18:47:00,C01269,P0175,ST099,Online,1.0,15740.0,0.0,debit card,Completed,3.0
7161,O005341,2025-08-01 11:12:00,C00631,P0156,ST099,Online,2.0,30350.0,0.0,M-Pesa,Completed,3.0
7162,O000248,2024-01-30 10:46:00,C00393 ,P0180,ST015,In-Store,1.0,18660.0,0.0,Cash,Completed,0.0
7163,O001388,2024-06-22 10:53:00,C00973,P0188,ST003,In-Store,1.0,10310.0,0.0,Mpesa ,Returned,0.0
7164,O002025,2024-08-31 16:23:00,C00985,P0053,ST099,Online,1.0,13410.0,0.0,M-PESA,complete,1.0
7165,O000061,2024-01-08 09:47:00,C01283,P0021,ST023,In-Store,1.0,135600.0,0.0,AIRTEL MONEY,Returned,0.0
7166,O005344,2025-08-02 08:21:00,C01004,P0021,ST099,Online,1.0,135600.0,0.0,Airtel Money,Returned,4.0
7167,O000178,2024-01-22 15:38:00,C01328,P0156,ST017,In-Store,1.0,30350.0,0.0,M-Pesa,Returned,0.0
7168,O000446,2024-03-01 14:33:00,C00899,P0109,ST024,In-Store,2.0,6990.0,0.0,Bank Transfer,Completed,0.0
7169,O004078,2025-03-21 17:41:00,C00508,P0056,ST015,In-Store,2.0,14270.0,0.0,Bank Transfer,RETURNED,0.0
7170,O000058,2024-01-07 12:22:00,C00243,P0160,ST099,Online,1.0,52970.0,0.0,mpesa,Completed,3.0
7171,O007064,2025-12-25 19:29:00,C00779,P0025,ST003,In-Store,1.0,53630.0,0.15,cash ,completed,0.0
7172,O003463,2024-12-31 08:28:00,C00241,P0086,ST099,Online,1.0,19730.0,0.0,Bank Transfer,Completed,1.0
7173,O006062,2025-10-12 17:58:00,C00020,P0188,ST022,In-Store,1.0,10310.0,0.0,mpesa,Completed,0.0
7174,O005191,2025-07-16 14:07:00,C01190,P0172,ST004,In-Store,1.0,38980.0,0.0,CASH,Completed,0.0
7175,O001774,2024-08-03 09:17:00,C01256,P0146,ST099,Online,2.0,29570.0,0.0,Credit/Debit Card,Completed,6.0
7176,O001735,2024-07-30 20:02:00,C00470,P0172,ST017,In-Store,1.0,38980.0,0.05,credit card,Completed,0.0
7177,O003244,2024-12-18 19:50:00,C00291,P0135,ST099,Online,1.0,3510.0,0.05,M-Pesa,Completed,4.0
7178,O005305,2025-07-29 13:24:00,C01037,P0020,ST099,Online,1.0,10070.0,0.0,M-Pesa,completed,5.0
7179,O004744,2025-05-28 15:56:00,C00390,P0156,ST012,In-Store,1.0,30350.0,0.0,Credit/Debit Card,Completed,0.0
